###################################################################
## OUTPUT of StarlightChains_v04.for    [Cid@UFSC - 01/Apr/2007] ##
###################################################################

## Some input info
comb_major_6_clean.spec                  [arq_obs]
BasesXSLKrupaPCRR                        [arq_base]
comb_major_6_clean.mask                  [arq_masks]
StCv04.C99.config                        [arq_config]
  111                                    [N_base]
    0                                    [N_YAV_components = # of components with extra extinction!]
    0                                    [i_FitPowerLaw (1/0 = Yes/No)]
-9.99                                    [alpha_PowerLaw]
CCM                                      [red_law_option]
 0.292355                                [q_norm = A(l_norm)/A(V)]

## (Re)Sampling Parameters
 9000.00                                 [l_ini (A)]
24000.00                                 [l_fin (A)]
    1.00                                 [dl    (A)]     (OBS: dl_cushion =    40.00 A)

## Normalization info
12225.00                                 [l_norm (A) - for base]
12200.00                                 [llow_norm (A) - window for f_obs]
12250.00                                 [lupp_norm (A) - window for f_obs]
3.735367E-16                             [fobs_norm (in input units)]

## S/N
12200.00                                 [llow_SN (A) - window for S/N]
12250.00                                 [lupp_SN (A) - window for S/N]
 122.097                                 [S/N in S/N window]
 122.021                                 [S/N in norm. window]
  68.904                                 [S/N_err in S/N window]
  68.861                                 [S/N_err in norm. window]
  1.0000                                 [fscale_chi2]

## etc...
   -33087221                             [idum_orig]
 10805                                   [NOl_eff]
 10426                                   [Nl_eff]
   379    NSIGMA                         [Ntot_cliped & clip_method]
 10974960                                [Nglobal_steps]
  12                                     [N_chains]
  11                                     [NEX0s_base = N_base in EX0s-fits]
 0   0   1      355   2.0   1.814E+02    [Clip-Bug, RC-Crash & Burn-In warning-flags, n_censored_weights, wei_nsig_threshold & wei_limit]
   294    293.829     24.408      0.082  [idt_all, wdt_TotTime, wdt_UsrTime & wdt_SysTime (sec)]

## Synthesis Results - Best model ##

 1.20213E+00                             [chi2/Nl_eff]
     2.05439                             [adev (%)]

    98.85860                             [sum-of-x (%)]
 4.05324E-16                             [Flux_tot (units of input spectrum!)]
 2.83700E-11                             [Mini_tot (???)]
 1.37160E-11                             [Mcor_tot (???)]

  73.46                                  [v0_min  (km/s)]
 103.33                                  [vd_min  (km/s)]
 0.3459                                  [AV_min  (mag)]
 0.0000                                  [YAV_min (mag)]

# j     x_j(%)      Mini_j(%)     Mcor_j(%)     age_j(yr)     Z_j      (L/M)_j    YAV?  Mstars   component_j        a/Fe...       SSP_chi2r SSP_adev(%)   SSP_AV   SSP_x(%)
  1      0.0000     0.0000E+00    0.0000E+00    5.011870E+07  0.00382  2.970E-04    0   0.7935   logT7.7_MHm0.6_       0.0000     4.5013E+00     3.3185   1.7972    96.9395
  2      0.0000     0.0000E+00    0.0000E+00    6.309570E+07  0.00382  2.250E-04    0   0.7780   logT7.8_MHm0.6_       0.0000     3.9431E+00     3.1144   2.1106    97.4457
  3      0.0000     0.0000E+00    0.0000E+00    7.943280E+07  0.00382  1.950E-04    0   0.7659   logT7.9_MHm0.6_       0.0000     3.9120E+00     3.0940   2.1858    97.9604
  4      0.0000     0.0000E+00    0.0000E+00    1.000000E+08  0.00382  1.790E-04    0   0.7511   logT8.0_MHm0.6_       0.0000     2.3830E+00     2.5243   1.9507    98.1366
  5      0.0000     0.0000E+00    0.0000E+00    1.258930E+08  0.00382  1.570E-04    0   0.7386   logT8.1_MHm0.6_       0.0000     1.9939E+00     2.3627   1.9517    98.0712
  6      0.0000     0.0000E+00    0.0000E+00    1.584890E+08  0.00382  1.430E-04    0   0.7265   logT8.2_MHm0.6_       0.0000     1.9241E+00     2.3613   1.9134    98.8981
  7      0.0000     0.0000E+00    0.0000E+00    1.995260E+08  0.00382  1.250E-04    0   0.7112   logT8.3_MHm0.6_       0.0000     1.8317E+00     2.3319   2.0280    98.7693
  8      0.0000     4.3221E-07    6.2525E-07    2.511890E+08  0.00382  1.140E-04    0   0.6994   logT8.4_MHm0.6_       0.0000     1.8107E+00     2.3168   2.0581    99.2557
  9      3.8316     5.5542E-01    7.8614E-01    3.162280E+08  0.00382  9.970E-05    0   0.6843   logT8.5_MHm0.6_       0.0000     1.9380E+00     2.4299   2.1360    99.0268
 10      0.0000     0.0000E+00    0.0000E+00    3.981070E+08  0.00382  9.000E-05    0   0.6712   logT8.6_MHm0.6_       0.0000     1.8294E+00     2.3948   2.0527    99.1430
 11      0.0000     0.0000E+00    0.0000E+00    5.011870E+08  0.00382  8.630E-05    0   0.6576   logT8.7_MHm0.6_       0.0000     3.3176E+00     3.1872   1.5093    98.4203
 12      0.0000     0.0000E+00    0.0000E+00    6.309570E+08  0.00382  7.790E-05    0   0.6467   logT8.8_MHm0.6_       0.0000     4.2558E+00     3.4811   1.3253    98.1690
 13      0.0000     0.0000E+00    0.0000E+00    7.943280E+08  0.00382  6.990E-05    0   0.6302   logT8.9_MHm0.6_       0.0000     3.8360E+00     3.2430   1.3548    98.3207
 14      0.0000     0.0000E+00    0.0000E+00    1.000000E+09  0.00382  6.050E-05    0   0.6200   logT9.0_MHm0.6_       0.0000     3.2107E+00     3.0482   1.4530    98.4152
 15      0.0000     0.0000E+00    0.0000E+00    1.258930E+09  0.00382  5.570E-05    0   0.6025   logT9.1_MHm0.6_       0.0000     3.6249E+00     3.1642   1.3033    98.3096
 16      0.0000     0.0000E+00    0.0000E+00    1.584890E+09  0.00382  5.430E-05    0   0.5818   logT9.2_MHm0.6_       0.0000     2.7378E+00     2.7311   1.1553    98.2102
 17      0.0000     0.0000E+00    0.0000E+00    1.995260E+09  0.00382  4.880E-05    0   0.5630   logT9.3_MHm0.6_       0.0000     2.3894E+00     2.5453   1.1590    98.3453
 18      0.0000     0.0000E+00    0.0000E+00    2.511890E+09  0.00382  4.010E-05    0   0.5470   logT9.4_MHm0.6_       0.0000     3.1163E+00     2.8304   1.4737    98.5424
 19      0.0000     0.0000E+00    0.0000E+00    3.162280E+09  0.00382  3.450E-05    0   0.5312   logT9.5_MHm0.6_       0.0000     3.7760E+00     3.0889   1.4578    98.2242
 20      0.0000     0.0000E+00    0.0000E+00    3.981070E+09  0.00382  2.980E-05    0   0.5156   logT9.6_MHm0.6_       0.0000     4.2226E+00     3.2455   1.3992    98.3241
 21      0.0000     0.0000E+00    0.0000E+00    5.011870E+09  0.00382  2.360E-05    0   0.5004   logT9.7_MHm0.6_       0.0000     4.6782E+00     3.4016   1.4239    97.9156
 22      0.0000     0.0000E+00    0.0000E+00    6.309570E+09  0.00382  2.030E-05    0   0.4893   logT9.8_MHm0.6_       0.0000     4.9078E+00     3.4777   1.3544    97.7069
 23      0.0000     0.0000E+00    0.0000E+00    7.943280E+09  0.00382  1.730E-05    0   0.4712   logT9.9_MHm0.6_       0.0000     5.4006E+00     3.6318   1.3355    98.0392
 24      0.0000     0.0000E+00    0.0000E+00    1.000000E+10  0.00382  1.510E-05    0   0.4555   logT10.0_MHm0.6       0.0000     5.3773E+00     3.6322   1.2596    97.9973
 25      0.0000     0.0000E+00    0.0000E+00    1.258930E+10  0.00382  1.330E-05    0   0.4439   logT10.1_MHm0.6       0.0000     5.3850E+00     3.6361   1.2095    97.8570
 26      0.0000     0.0000E+00    0.0000E+00    5.011870E+07  0.00959  2.550E-04    0   0.7960   logT7.7_MHm0.2_       0.0000     3.9701E+00     3.1349   1.6953    96.2510
 27      0.0000     0.0000E+00    0.0000E+00    6.309570E+07  0.00959  2.040E-04    0   0.7811   logT7.8_MHm0.2_       0.0000     3.2426E+00     2.8045   2.1140    96.8607
 28      0.0000     0.0000E+00    0.0000E+00    7.943280E+07  0.00959  1.800E-04    0   0.7702   logT7.9_MHm0.2_       0.0000     2.9254E+00     2.6748   2.1184    96.9998
 29      0.0000     0.0000E+00    0.0000E+00    1.000000E+08  0.00959  1.750E-04    0   0.7555   logT8.0_MHm0.2_       0.0000     1.9539E+00     2.2090   1.7922    97.8284
 30      0.0000     0.0000E+00    0.0000E+00    1.258930E+08  0.00959  1.620E-04    0   0.7447   logT8.1_MHm0.2_       0.0000     1.6415E+00     2.0707   1.7193    98.1213
 31      0.0000     4.9160E-07    7.4249E-07    1.584890E+08  0.00959  1.480E-04    0   0.7302   logT8.2_MHm0.2_       0.0000     1.5696E+00     2.0819   1.6810    98.5971
 32      0.0000     0.0000E+00    0.0000E+00    1.995260E+08  0.00959  1.290E-04    0   0.7185   logT8.3_MHm0.2_       0.0000     1.5541E+00     2.0708   1.6465    98.5152
 33      0.0000     0.0000E+00    0.0000E+00    2.511890E+08  0.00959  1.110E-04    0   0.7074   logT8.4_MHm0.2_       0.0000     1.5223E+00     2.0844   1.7051    98.3136
 34      0.0000     0.0000E+00    0.0000E+00    3.162280E+08  0.00959  9.740E-05    0   0.6932   logT8.5_MHm0.2_       0.0000     1.6320E+00     2.1599   1.7024    98.7945
 35      0.0000     0.0000E+00    0.0000E+00    3.981070E+08  0.00959  9.290E-05    0   0.6826   logT8.6_MHm0.2_       0.0000     6.2481E+00     4.3036   0.9578    97.9760
 36      0.0000     0.0000E+00    0.0000E+00    5.011870E+08  0.00959  8.890E-05    0   0.6689   logT8.7_MHm0.2_       0.0000     1.0170E+01     5.3090   0.5722    97.2029
 37      0.0000     0.0000E+00    0.0000E+00    6.309570E+08  0.00959  8.150E-05    0   0.6556   logT8.8_MHm0.2_       0.0000     9.4603E+00     4.9931   0.6454    97.5135
 38      0.0000     0.0000E+00    0.0000E+00    7.943280E+08  0.00959  7.150E-05    0   0.6426   logT8.9_MHm0.2_       0.0000     8.8622E+00     4.8498   0.6959    97.8411
 39      0.0000     0.0000E+00    0.0000E+00    1.000000E+09  0.00959  6.450E-05    0   0.6337   logT9.0_MHm0.2_       0.0000     7.8536E+00     4.5651   0.7261    98.2172
 40      0.0000     0.0000E+00    0.0000E+00    1.258930E+09  0.00959  5.700E-05    0   0.6165   logT9.1_MHm0.2_       0.0000     5.9917E+00     4.1162   0.8239    98.9319
 41      0.0000     0.0000E+00    0.0000E+00    1.584890E+09  0.00959  6.400E-05    0   0.6022   logT9.2_MHm0.2_       0.0000     3.1383E+00     2.7493   0.8649    99.2481
 42      0.0000     0.0000E+00    0.0000E+00    1.995260E+09  0.00959  4.670E-05    0   0.5763   logT9.3_MHm0.2_       0.0000     2.7365E+00     2.3533   0.9436    98.7861
 43      0.0000     0.0000E+00    0.0000E+00    2.511890E+09  0.00959  3.810E-05    0   0.5630   logT9.4_MHm0.2_       0.0000     2.6262E+00     2.4516   0.9422    98.3715
 44      0.0000     0.0000E+00    0.0000E+00    3.162280E+09  0.00959  3.550E-05    0   0.5495   logT9.5_MHm0.2_       0.0000     2.8829E+00     2.5480   0.8111    98.4384
 45      0.0000     0.0000E+00    0.0000E+00    3.981070E+09  0.00959  2.810E-05    0   0.5338   logT9.6_MHm0.2_       0.0000     2.9930E+00     2.7176   0.8588    98.0639
 46      0.0000     0.0000E+00    0.0000E+00    5.011870E+09  0.00959  2.420E-05    0   0.5187   logT9.7_MHm0.2_       0.0000     3.1364E+00     2.8044   0.7748    97.9966
 47      0.0000     0.0000E+00    0.0000E+00    6.309570E+09  0.00959  1.920E-05    0   0.5039   logT9.8_MHm0.2_       0.0000     3.2875E+00     2.8916   0.8490    97.9570
 48      0.0000     0.0000E+00    0.0000E+00    7.943280E+09  0.00959  1.650E-05    0   0.4908   logT9.9_MHm0.2_       0.0000     3.4801E+00     2.9867   0.8155    97.7193
 49      0.0000     0.0000E+00    0.0000E+00    1.000000E+10  0.00959  1.430E-05    0   0.4764   logT10.0_MHm0.2       0.0000     3.6381E+00     3.0639   0.7575    97.8920
 50      0.0000     0.0000E+00    0.0000E+00    1.258930E+10  0.00959  1.250E-05    0   0.4570   logT10.1_MHm0.2       0.0000     3.8223E+00     3.1488   0.6922    97.8653
 51      0.0000     0.0000E+00    0.0000E+00    5.011870E+07  0.01520  2.800E-04    0   0.7971   logT7.7_MHm0.0_       0.0000     3.6216E+00     2.9414   1.3335    96.0175
 52      0.0000     0.0000E+00    0.0000E+00    6.309570E+07  0.01520  2.040E-04    0   0.7824   logT7.8_MHm0.0_       0.0000     2.8852E+00     2.6321   2.0883    97.2825
 53      0.0000     0.0000E+00    0.0000E+00    7.943280E+07  0.01520  2.000E-04    0   0.7723   logT7.9_MHm0.0_       0.0000     1.9235E+00     2.1463   1.7248    98.0955
 54      0.0000     0.0000E+00    0.0000E+00    1.000000E+08  0.01520  1.810E-04    0   0.7581   logT8.0_MHm0.0_       0.0000     1.6707E+00     2.0787   1.6668    98.1273
 55      0.0000     0.0000E+00    0.0000E+00    1.258930E+08  0.01520  1.660E-04    0   0.7480   logT8.1_MHm0.0_       0.0000     1.8056E+00     2.0997   1.4530    98.4603
 56      0.0000     0.0000E+00    0.0000E+00    1.584890E+08  0.01520  1.440E-04    0   0.7336   logT8.2_MHm0.0_       0.0000     1.8439E+00     2.1001   1.4097    98.6661
 57      0.0000     0.0000E+00    0.0000E+00    1.995260E+08  0.01520  1.230E-04    0   0.7231   logT8.3_MHm0.0_       0.0000     1.7703E+00     2.0972   1.4490    98.0961
 58      0.0000     0.0000E+00    0.0000E+00    2.511890E+08  0.01520  1.070E-04    0   0.7126   logT8.4_MHm0.0_       0.0000     1.6939E+00     2.1078   1.5499    99.1369
 59      0.0000     0.0000E+00    0.0000E+00    3.162280E+08  0.01520  9.230E-05    0   0.6982   logT8.5_MHm0.0_       0.0000     1.6572E+00     2.1295   1.6201    98.7261
 60      0.0000     0.0000E+00    0.0000E+00    3.981070E+08  0.01520  8.820E-05    0   0.6888   logT8.6_MHm0.0_       0.0000     6.0764E+00     3.9741   1.4086   100.6344
 61      0.0000     0.0000E+00    0.0000E+00    5.011870E+08  0.01520  8.290E-05    0   0.6745   logT8.7_MHm0.0_       0.0000     5.6949E+00     3.9420   0.7393    97.8577
 62      0.0000     0.0000E+00    0.0000E+00    6.309570E+08  0.01520  7.530E-05    0   0.6626   logT8.8_MHm0.0_       0.0000     6.6708E+00     4.2728   0.6394    97.8154
 63      0.0000     0.0000E+00    0.0000E+00    7.943280E+08  0.01520  6.840E-05    0   0.6509   logT8.9_MHm0.0_       0.0000     6.2625E+00     4.0759   0.6668    98.2819
 64      0.0000     0.0000E+00    0.0000E+00    1.000000E+09  0.01520  5.720E-05    0   0.6406   logT9.0_MHm0.0_       0.0000     6.3692E+00     4.2254   0.8402    99.3188
 65      0.0000     0.0000E+00    0.0000E+00    1.258930E+09  0.01520  5.100E-05    0   0.6267   logT9.1_MHm0.0_       0.0000     3.5978E+00     2.9990   1.2780   100.1908
 66      0.0000     0.0000E+00    0.0000E+00    1.584890E+09  0.01520  5.890E-05    0   0.6071   logT9.2_MHm0.0_       0.0000     3.7553E+00     2.7127   0.9168    99.7415
 67      0.0000     0.0000E+00    0.0000E+00    1.995260E+09  0.01520  4.440E-05    0   0.5894   logT9.3_MHm0.0_       0.0000     3.0496E+00     2.3645   0.7453    99.0291
 68      0.0000     0.0000E+00    0.0000E+00    2.511890E+09  0.01520  3.690E-05    0   0.5740   logT9.4_MHm0.0_       0.0000     2.6570E+00     2.3378   0.7085    98.4845
 69      0.0000     0.0000E+00    0.0000E+00    3.162280E+09  0.01520  3.410E-05    0   0.5589   logT9.5_MHm0.0_       0.0000     2.7508E+00     2.4443   0.6122    98.4638
 70      0.0000     0.0000E+00    0.0000E+00    3.981070E+09  0.01520  2.760E-05    0   0.5424   logT9.6_MHm0.0_       0.0000     2.6913E+00     2.4728   0.5828    98.5212
 71      0.0000     0.0000E+00    0.0000E+00    5.011870E+09  0.01520  2.300E-05    0   0.5279   logT9.7_MHm0.0_       0.0000     2.7388E+00     2.5734   0.5776    98.1256
 72      0.0000     0.0000E+00    0.0000E+00    6.309570E+09  0.01520  1.810E-05    0   0.5133   logT9.8_MHm0.0_       0.0000     2.7433E+00     2.6244   0.6139    98.3064
 73      0.0000     0.0000E+00    0.0000E+00    7.943280E+09  0.01520  1.590E-05    0   0.4996   logT9.9_MHm0.0_       0.0000     2.8688E+00     2.7082   0.5458    98.3032
 74      0.0000     0.0000E+00    0.0000E+00    1.000000E+10  0.01520  1.370E-05    0   0.4858   logT10.0_MHm0.0       0.0000     3.0751E+00     2.8465   0.5173    98.2581
 75      0.0000     0.0000E+00    0.0000E+00    1.258930E+10  0.01520  1.180E-05    0   0.4711   logT10.1_MHm0.0       0.0000     3.3543E+00     2.9936   0.5092    97.9177
 76      0.0000     0.0000E+00    0.0000E+00    5.011870E+07  0.02409  3.000E-04    0   0.7912   logT7.7_MH0.2_K       0.0000     2.7645E+00     2.6346   1.2864    97.1102
 77      0.0000     0.0000E+00    0.0000E+00    6.309570E+07  0.02409  2.170E-04    0   0.7820   logT7.8_MH0.2_K       0.0000     2.4549E+00     2.4906   1.8366    98.0159
 78      0.0000     0.0000E+00    0.0000E+00    7.943280E+07  0.02409  2.120E-04    0   0.7679   logT7.9_MH0.2_K       0.0000     2.6934E+00     2.3075   1.2769    98.3882
 79      0.0000     0.0000E+00    0.0000E+00    1.000000E+08  0.02409  1.840E-04    0   0.7549   logT8.0_MH0.2_K       0.0000     2.9573E+00     2.4105   1.2267    98.4390
 80      0.0000     0.0000E+00    0.0000E+00    1.258930E+08  0.02409  1.650E-04    0   0.7461   logT8.1_MH0.2_K       0.0000     4.1235E+00     2.9105   1.1641    98.9911
 81      0.0000     0.0000E+00    0.0000E+00    1.584890E+08  0.02409  1.440E-04    0   0.7335   logT8.2_MH0.2_K       0.0000     3.4346E+00     2.7039   1.2024    98.7099
 82      0.0000     0.0000E+00    0.0000E+00    1.995260E+08  0.02409  1.240E-04    0   0.7198   logT8.3_MH0.2_K       0.0000     3.2995E+00     2.7515   1.3175    99.3061
 83      0.0000     0.0000E+00    0.0000E+00    2.511890E+08  0.02409  1.060E-04    0   0.7102   logT8.4_MH0.2_K       0.0000     2.8436E+00     2.6589   1.4524    99.5837
 84      0.0000     0.0000E+00    0.0000E+00    3.162280E+08  0.02409  8.950E-05    0   0.6968   logT8.5_MH0.2_K       0.0000     2.6132E+00     2.6196   1.5462    99.4209
 85      0.0000     0.0000E+00    0.0000E+00    3.981070E+08  0.02409  8.240E-05    0   0.6878   logT8.6_MH0.2_K       0.0000     3.3473E+00     2.9015   1.4002    99.7253
 86      0.0000     0.0000E+00    0.0000E+00    5.011870E+08  0.02409  7.760E-05    0   0.6748   logT8.7_MH0.2_K       0.0000     7.3368E+00     4.2793   1.2217   100.8461
 87      0.0000     0.0000E+00    0.0000E+00    6.309570E+08  0.02409  6.870E-05    0   0.6670   logT8.8_MH0.2_K       0.0000     5.8138E+00     3.9499   1.0150    99.7589
 88      0.0000     0.0000E+00    0.0000E+00    7.943280E+08  0.02409  6.200E-05    0   0.6549   logT8.9_MH0.2_K       0.0000     6.4067E+00     3.9220   1.2051   100.9338
 89      0.0000     0.0000E+00    0.0000E+00    1.000000E+09  0.02409  5.580E-05    0   0.6418   logT9.0_MH0.2_K       0.0000     7.1979E+00     4.1700   1.1532   101.2630
 90     15.6251     4.7540E+00    6.1801E+00    1.258930E+09  0.02409  4.750E-05    0   0.6285   logT9.1_MH0.2_K       0.0000     3.6161E+00     2.9314   1.2403   100.5570
 91      0.0000     0.0000E+00    0.0000E+00    1.584890E+09  0.02409  4.930E-05    0   0.6089   logT9.2_MH0.2_K       0.0000     3.4578E+00     2.6582   1.0326   100.1523
 92      0.0000     0.0000E+00    0.0000E+00    1.995260E+09  0.02409  4.180E-05    0   0.5928   logT9.3_MH0.2_K       0.0000     3.4397E+00     2.4713   0.6819    99.3754
 93      0.0000     0.0000E+00    0.0000E+00    2.511890E+09  0.02409  3.470E-05    0   0.5772   logT9.4_MH0.2_K       0.0000     2.9493E+00     2.3494   0.6220    99.0939
 94      0.0000     0.0000E+00    0.0000E+00    3.162280E+09  0.02409  3.050E-05    0   0.5622   logT9.5_MH0.2_K       0.0000     2.7860E+00     2.3513   0.5435    99.1235
 95      0.0035     1.8853E-03    2.1280E-03    3.981070E+09  0.02409  2.660E-05    0   0.5457   logT9.6_MH0.2_K       0.0000     2.6978E+00     2.4169   0.4432    98.6808
 96      0.0000     0.0000E+00    0.0000E+00    5.011870E+09  0.02409  2.310E-05    0   0.5313   logT9.7_MH0.2_K       0.0000     2.6377E+00     2.4604   0.4076    98.7006
 97      0.0000     0.0000E+00    0.0000E+00    6.309570E+09  0.02409  1.750E-05    0   0.5164   logT9.8_MH0.2_K       0.0000     2.5051E+00     2.4222   0.4642    98.7500
 98      0.0236     2.2856E-02    2.3808E-02    7.943280E+09  0.02409  1.490E-05    0   0.5036   logT9.9_MH0.2_K       0.0000     2.5483E+00     2.4985   0.4459    98.5658
 99      0.0000     0.0000E+00    0.0000E+00    1.000000E+10  0.02409  1.290E-05    0   0.4896   logT10.0_MH0.2_       0.0000     2.6629E+00     2.5895   0.3938    98.0785
100     73.3639     9.4666E+01    9.3008E+01    1.258930E+10  0.02409  1.120E-05    0   0.4750   logT10.1_MH0.2_       0.0000     2.8538E+00     2.7388   0.3831    98.5446
101      0.0000     0.0000E+00    0.0000E+00    1.000000E+00  0.00000  9.952E+01    0   1.0000   BB_700                0.0000     2.7673E+03    81.4324  -1.0000     0.5489
102      0.0000     0.0000E+00    0.0000E+00    1.000000E+00  0.00000  9.960E+01    0   1.0000   BB_800                0.0000     2.5535E+03    79.1618  -1.0000     1.4958
103      0.0000     0.0000E+00    0.0000E+00    1.000000E+00  0.00000  9.967E+01    0   1.0000   BB_900                0.0000     2.3223E+03    77.1201  -1.0000     3.2581
104      0.0000     0.0000E+00    0.0000E+00    1.000000E+00  0.00000  9.972E+01    0   1.0000   BB_1000               0.0000     2.0799E+03    75.1768  -1.0000     6.0477
105      0.0000     0.0000E+00    0.0000E+00    1.000000E+00  0.00000  9.977E+01    0   1.0000   BB_1100               0.0000     1.8336E+03    72.6846  -1.0000     9.9669
106      0.0000     0.0000E+00    0.0000E+00    1.000000E+00  0.00000  9.980E+01    0   1.0000   BB_1200               0.0000     1.5905E+03    69.4247  -1.0000    14.9956
107      0.0000     0.0000E+00    0.0000E+00    1.000000E+00  0.00000  9.983E+01    0   1.0000   BB_1300               0.0000     1.3564E+03    65.3860  -1.0000    21.0073
108      0.0000     0.0000E+00    0.0000E+00    1.000000E+00  0.00000  9.986E+01    0   1.0000   BB_1400               0.0000     1.1365E+03    60.7326  -1.0000    27.8014
109      0.0000     0.0000E+00    0.0000E+00    1.000000E+00  0.00000  1.000E+02    0   1.0000   Power_125             0.0000     3.6224E+02    40.0804  -1.0000    68.9120
110      0.0000     0.0000E+00    0.0000E+00    1.000000E+00  0.00000  1.000E+02    0   1.0000   Power_150             0.0000     2.5047E+02    33.6838  -1.0000    76.3376
111      6.0109     8.6843E-07    1.7963E-06    1.000000E+00  0.00000  1.000E+02    0   1.0000   Power_175             0.0000     1.6137E+02    26.9792  -1.0000    83.6671


## Synthesis Results - Average & Chains ##

# j      x_j: min, <> & last-chain-values for 1 ... 12 chains
  1      0.0000      0.0021      0.0000      0.0000      0.0000      0.0000      0.0017      0.0000      0.0000      0.0000      0.0000      0.0103      0.0000      0.0000
  2      0.0000      0.0039      0.0000      0.0000      0.0000      0.0000      0.0000      0.0000      0.0000      0.0000      0.0000      0.0017      0.0000      0.0000
  3      0.0000      0.0135      0.0000      0.0000      0.0000      0.0856      0.0000      0.0000      0.0000      0.0000      0.0734      0.0000      0.0000      0.0000
  4      0.0000      0.0049      0.0000      0.0000      0.0000      0.0000      0.0000      0.0000      0.0000      0.0038      0.0331      0.0000      0.0000      0.0000
  5      0.0000      0.0066      0.0000      0.0201      0.0000      0.0000      0.0000      0.0000      0.0000      0.0000      0.0000      0.0049      0.0000      0.0000
  6      0.0000      0.0054      0.0000      0.0000      0.0000      0.0000      0.0000      0.0000      0.0000      0.0000      0.0000      0.0000      0.0800      0.0000
  7      0.0000      0.0130      0.0000      0.0000      0.0000      0.0000      0.0000      0.0000      0.0000      0.0000      0.0000      0.0000      0.0000      0.0000
  8      0.0000      3.2694      1.2214      2.1564      2.5939      3.3165      1.0039      2.1337      2.4775      2.2627      2.3844      2.5481      1.9671      1.2451
  9      3.8316      5.7967      5.8135      5.7496      6.0956      5.4067      5.5912      5.8923      5.5500      5.3867      5.5824      5.7710      5.9731      5.7547
 10      0.0000      0.0403      0.0000      0.0000      0.0000      0.0000      0.0000      0.0000      0.0235      0.0000      0.0000      0.0000      0.0000      0.0000
 11      0.0000      0.0075      0.0000      0.0000      0.0000      0.0000      0.0000      0.0000      0.0000      0.0000      0.0000      0.0000      0.0000      0.0000
 12      0.0000      0.0066      0.0179      0.0000      0.0000      0.0000      0.0000      0.0000      0.0000      0.0000      0.0000      0.0000      0.0000      0.0000
 13      0.0000      0.0144      0.0000      0.0000      0.0000      0.0000      0.0000      0.0000      0.0000      0.0000      0.0000      0.0000      0.0000      0.0622
 14      0.0000      0.0469      0.0000      0.0343      0.0235      0.0000      0.0000      0.2514      0.0868      0.1294      0.0000      0.0000      0.0000      0.0000
 15      0.0000      0.0806      0.0244      0.0000      0.0000      0.0000      0.0000      0.0000      0.0336      0.0000      0.0000      0.0000      0.1283      0.0756
 16      0.0000      0.0155      0.0000      0.0000      0.0000      0.0000      0.0000      0.0000      0.0000      0.0000      0.0000      0.0000      0.0000      0.0000
 17      0.0000      0.0062      0.0000      0.0000      0.0000      0.0000      0.0000      0.1025      0.0000      0.0000      0.0000      0.0000      0.0000      0.0000
 18      0.0000      0.0117      0.0000      0.0000      0.0000      0.0000      0.0000      0.0000      0.0000      0.0000      0.0000      0.0503      0.0000      0.0000
 19      0.0000      0.0129      0.0000      0.0000      0.0000      0.0000      0.0000      0.0000      0.0000      0.0000      0.0000      0.0000      0.0000      0.0000
 20      0.0000      0.0076      0.0000      0.0000      0.0000      0.0000      0.0000      0.0000      0.0000      0.0000      0.0000      0.0000      0.0000      0.0000
 21      0.0000      0.0129      0.0000      0.0155      0.0000      0.0000      0.0000      0.0000      0.0000      0.0000      0.0000      0.0000      0.0000      0.0000
 22      0.0000      0.0115      0.0000      0.0000      0.0000      0.0000      0.0000      0.0000      0.0000      0.0383      0.0000      0.0000      0.0000      0.0000
 23      0.0000      0.0112      0.0000      0.0000      0.0000      0.0000      0.0000      0.0000      0.0000      0.0000      0.0000      0.0000      0.0000      0.0000
 24      0.0000      0.0113      0.0000      0.0000      0.0100      0.0000      0.0000      0.0000      0.0000      0.0014      0.0000      0.0000      0.0000      0.0000
 25      0.0000      0.0080      0.0000      0.0000      0.0000      0.0000      0.0000      0.0000      0.0000      0.0000      0.0000      0.0000      0.0000      0.0000
 26      0.0000      0.0014      0.0000      0.0000      0.0000      0.0000      0.0000      0.0000      0.0000      0.0000      0.0000      0.0000      0.0000      0.0000
 27      0.0000      0.0022      0.0000      0.0000      0.0000      0.0000      0.0069      0.0000      0.0000      0.0000      0.0000      0.0000      0.0000      0.0000
 28      0.0000      0.0026      0.0000      0.0000      0.0000      0.0000      0.0000      0.0000      0.0000      0.0000      0.0000      0.0000      0.0000      0.0000
 29      0.0000      0.0059      0.0000      0.0000      0.0000      0.0000      0.0000      0.0000      0.0000      0.0000      0.0000      0.0000      0.0000      0.0000
 30      0.0000      0.0204      0.0591      0.0000      0.1261      0.0000      0.0000      0.0000      0.0000      0.0000      0.0000      0.0000      0.0000      0.0000
 31      0.0000      0.0277      0.0000      0.0000      0.0000      0.0000      0.1503      0.0000      0.0000      0.0000      0.0000      0.0000      0.0000      0.0000
 32      0.0000      0.0369      0.0165      0.0000      0.0000      0.0000      0.0000      0.0000      0.0000      0.0000      0.0000      0.0144      0.0000      0.0000
 33      0.0000      0.0452      0.0219      0.0000      0.0000      0.0000      0.0000      0.0000      0.0000      0.0000      0.0000      0.0000      0.0621      0.0000
 34      0.0000      0.0416      0.0000      0.0000      0.0000      0.0000      0.0000      0.0000      0.0000      0.0000      0.0000      0.0000      0.0000      0.0000
 35      0.0000      0.0032      0.0000      0.0000      0.0000      0.0000      0.0000      0.0199      0.0000      0.0000      0.0000      0.0000      0.0000      0.0000
 36      0.0000      0.0018      0.0000      0.0000      0.0000      0.0000      0.0000      0.0000      0.0000      0.0000      0.0000      0.0000      0.0000      0.0000
 37      0.0000      0.0018      0.0000      0.0000      0.0000      0.0000      0.0000      0.0000      0.0000      0.0000      0.0000      0.0000      0.0000      0.0000
 38      0.0000      0.0021      0.0000      0.0000      0.0000      0.0000      0.0000      0.0000      0.0000      0.0000      0.0000      0.0000      0.0000      0.0000
 39      0.0000      0.0026      0.0000      0.0000      0.0000      0.0000      0.0000      0.0000      0.0000      0.0000      0.0000      0.0000      0.0000      0.0000
 40      0.0000      0.0044      0.0000      0.0000      0.0000      0.0000      0.0000      0.0000      0.0000      0.0000      0.0000      0.0000      0.0000      0.0000
 41      0.0000      0.0055      0.0000      0.0100      0.0000      0.0000      0.0000      0.0000      0.0000      0.0000      0.0000      0.0000      0.0000      0.0321
 42      0.0000      0.0057      0.0000      0.0000      0.0000      0.0000      0.0000      0.0000      0.0000      0.0142      0.0000      0.0000      0.0000      0.0000
 43      0.0000      0.0070      0.0000      0.0000      0.0000      0.0000      0.0000      0.0000      0.0000      0.0000      0.0000      0.0000      0.0000      0.0000
 44      0.0000      0.0067      0.0000      0.0000      0.0000      0.0000      0.0000      0.0000      0.0000      0.0000      0.0000      0.0000      0.0000      0.0000
 45      0.0000      0.0104      0.0000      0.0000      0.0000      0.0000      0.0000      0.0000      0.0000      0.0000      0.0000      0.0000      0.0000      0.0000
 46      0.0000      0.0088      0.0000      0.0000      0.0000      0.0000      0.0000      0.0000      0.0000      0.0000      0.0000      0.0000      0.0000      0.0000
 47      0.0000      0.0140      0.0000      0.0000      0.0000      0.0000      0.0000      0.0000      0.0000      0.0000      0.0275      0.0000      0.0000      0.0000
 48      0.0000      0.0136      0.0000      0.0000      0.1127      0.0000      0.0000      0.0000      0.0000      0.0000      0.0000      0.0000      0.0000      0.0000
 49      0.0000      0.0151      0.0000      0.0000      0.0000      0.0000      0.0000      0.0000      0.0000      0.0000      0.0000      0.0000      0.0000      0.0000
 50      0.0000      0.0154      0.0452      0.0000      0.0000      0.0000      0.1467      0.0000      0.0000      0.0000      0.0000      0.0000      0.0000      0.0000
 51      0.0000      0.0011      0.0000      0.0000      0.0000      0.0000      0.0000      0.0000      0.0000      0.0000      0.0000      0.0000      0.0000      0.0000
 52      0.0000      0.0030      0.0000      0.0000      0.0000      0.0000      0.0000      0.0000      0.0000      0.0000      0.0000      0.0000      0.0000      0.0465
 53      0.0000      0.0078      0.0000      0.0000      0.0000      0.0000      0.0000      0.0000      0.0000      0.0000      0.0000      0.0000      0.0000      0.0000
 54      0.0000      0.0168      0.0000      0.0000      0.0000      0.0000      0.0000      0.0000      0.0000      0.0000      0.0000      0.0000      0.0519      0.0000
 55      0.0000      0.0147      0.0000      0.0000      0.0000      0.0000      0.0000      0.0000      0.0000      0.0000      0.0000      0.0000      0.0000      0.0000
 56      0.0000      0.0166      0.0000      0.0000      0.0000      0.0000      0.0000      0.0000      0.0000      0.0000      0.0000      0.0000      0.0000      0.0000
 57      0.0000      0.0244      0.0000      0.0000      0.0000      0.0000      0.0000      0.0000      0.0000      0.0000      0.0000      0.0000      0.0000      0.0000
 58      0.0000      0.0369      0.0000      0.0000      0.0000      0.0000      0.0000      0.0000      0.0263      0.0000      0.0000      0.0000      0.0000      0.0000
 59      0.0000      0.0495      0.0719      0.1332      0.0000      0.0000      0.0000      0.0000      0.0000      0.0000      0.0000      0.0000      0.0000      0.0000
 60      0.0000      0.0230      0.0000      0.0000      0.0000      0.0000      0.0000      0.0000      0.0000      0.1392      0.0000      0.0000      0.0000      0.0000
 61      0.0000      0.0036      0.0000      0.0000      0.0000      0.0000      0.0000      0.0000      0.0000      0.0000      0.0000      0.0133      0.0000      0.0000
 62      0.0000      0.0028      0.0000      0.0000      0.0000      0.0000      0.0000      0.0000      0.0000      0.0000      0.0000      0.0000      0.0000      0.0000
 63      0.0000      0.0040      0.0000      0.0000      0.0000      0.0000      0.0000      0.0000      0.0000      0.0000      0.0000      0.0000      0.0000      0.0000
 64      0.0000      0.0087      0.0120      0.0000      0.0000      0.0059      0.0000      0.0000      0.0000      0.0000      0.0000      0.0000      0.0000      0.0000
 65      0.0000      0.0573      0.0000      0.0000      0.0000      0.0000      0.0112      0.0000      0.1109      0.0000      0.0000      0.0000      0.0000      0.0000
 66      0.0000      0.0105      0.0000      0.0000      0.0000      0.0000      0.0000      0.0000      0.0431      0.0000      0.0000      0.0000      0.0000      0.0000
 67      0.0000      0.0081      0.0000      0.0000      0.0000      0.0000      0.0000      0.0000      0.0000      0.0000      0.0000      0.0000      0.0000      0.0000
 68      0.0000      0.0082      0.0000      0.0000      0.0000      0.0000      0.0000      0.0165      0.0000      0.0000      0.0000      0.0000      0.0000      0.0000
 69      0.0000      0.0090      0.0000      0.0000      0.0000      0.0000      0.0000      0.0128      0.0000      0.0000      0.0000      0.0000      0.0000      0.0000
 70      0.0000      0.0123      0.0000      0.0000      0.0000      0.0000      0.0000      0.0000      0.0000      0.0000      0.0101      0.0000      0.0000      0.0121
 71      0.0000      0.0174      0.0587      0.0000      0.0938      0.0000      0.0000      0.0000      0.0000      0.0110      0.0050      0.0000      0.0000      0.0000
 72      0.0000      0.0232      0.0000      0.0000      0.0000      0.0000      0.0000      0.0000      0.0000      0.0000      0.0000      0.0000      0.0000      0.0000
 73      0.0000      0.0268      0.0000      0.0000      0.0000      0.0000      0.0000      0.0000      0.0000      0.0000      0.0000      0.0000      0.0000      0.0266
 74      0.0000      0.0465      0.1321      0.0000      0.0000      0.0000      0.0074      0.0000      0.0000      0.0000      0.0397      0.0000      0.0000      0.0000
 75      0.0000      0.0674      0.0041      0.0000      0.0000      0.1050      0.0000      0.0000      0.0000      0.0000      0.0133      0.1742      0.0000      0.1716
 76      0.0000      0.0040      0.0000      0.0000      0.0000      0.0000      0.0000      0.0000      0.0000      0.0000      0.0000      0.0000      0.0000      0.0000
 77      0.0000      0.0164      0.0000      0.0000      0.0000      0.0000      0.0000      0.0000      0.0000      0.0000      0.0000      0.0000      0.0000      0.0000
 78      0.0000      0.0081      0.0000      0.0000      0.0000      0.0000      0.0000      0.0000      0.0000      0.0000      0.0000      0.0000      0.0000      0.0000
 79      0.0000      0.0062      0.0000      0.0000      0.0000      0.0000      0.0000      0.0000      0.0000      0.0000      0.0000      0.0000      0.0000      0.0000
 80      0.0000      0.0066      0.0000      0.0000      0.0000      0.0000      0.0000      0.0000      0.0000      0.0000      0.0000      0.0000      0.0000      0.0000
 81      0.0000      0.0106      0.0000      0.0000      0.0000      0.0000      0.0000      0.0000      0.0000      0.0000      0.0000      0.0000      0.0000      0.0000
 82      0.0000      0.0169      0.0000      0.0000      0.0000      0.0000      0.0000      0.0000      0.0080      0.0000      0.0000      0.0000      0.0000      0.0000
 83      0.0000      0.0239      0.0164      0.0000      0.0511      0.0000      0.0000      0.0145      0.0000      0.0000      0.0000      0.0112      0.0000      0.0000
 84      0.0000      0.0505      0.0446      0.0000      0.0000      0.0000      0.0165      0.1192      0.0695      0.0000      0.0000      0.0000      0.0790      0.0000
 85      0.0000      0.0298      0.0208      0.0000      0.0000      0.0000      0.0000      0.0000      0.0000      0.0000      0.0000      0.0000      0.0000      0.0000
 86      0.0000      0.0370      0.0000      0.0000      0.0313      0.0000      0.0000      0.0000      0.0068      0.0000      0.1803      0.0000      0.0178      0.1103
 87      0.0000      0.0194      0.0000      0.0000      0.0000      0.0000      0.0000      0.0000      0.0000      0.1323      0.0000      0.0000      0.0000      0.0000
 88      0.0000      0.1557      0.2286      0.2270      0.1786      0.0939      0.0188      0.0000      0.1653      0.0000      0.0000      0.0000      0.0000      0.0000
 89      0.0000      0.2842      0.0000      0.0000      0.0000      0.0000      0.0000      0.0000      0.0000      0.3113      0.0000      0.1163      0.0000      0.0000
 90     15.6251     12.5877     13.8042     13.8735     13.6408     14.7002     14.7852     14.1884     14.8601     13.1441     14.2428     14.3778     13.2919     14.1533
 91      0.0000      0.1786      0.0000      0.0000      0.0000      0.0000      0.0000      0.2139      0.0000      0.1969      0.0412      0.0000      0.0000      0.0000
 92      0.0000      0.0193      0.0000      0.0000      0.0000      0.0000      0.0000      0.0000      0.0000      0.0000      0.0000      0.0000      0.0000      0.0000
 93      0.0000      0.0229      0.0000      0.0000      0.0000      0.0000      0.0000      0.0000      0.0000      0.0000      0.0175      0.0000      0.0000      0.0000
 94      0.0000      0.0290      0.0000      0.0183      0.0000      0.0356      0.0000      0.0000      0.0260      0.0000      0.0000      0.0000      0.0000      0.0000
 95      0.0035      0.0496      0.0000      0.0194      0.0000      0.0000      0.0833      0.0008      0.0000      0.0287      0.0000      0.0000      0.0386      0.0000
 96      0.0000      0.0719      0.1306      0.0000      0.0000      0.0619      0.0000      0.0000      0.0082      0.0000      0.0358      0.0000      0.0000      0.0000
 97      0.0000      0.2844      0.0000      0.3974      0.5891      0.2469      0.0000      0.0000      0.0000      0.0000      0.0000      0.1596      0.0000      0.5671
 98      0.0236      1.4087      0.0000      1.2838      1.4042      1.9494      0.4795      1.9118      0.0000      0.0000      2.1008      1.2317      0.7844      1.9786
 99      0.0000      1.0551      0.8186      1.5000      0.4261      0.0000      1.5698      0.1639      0.6332      0.9728      0.0000      0.0000      1.0885      1.0004
100     73.3639     66.6395     70.4827     67.7073     67.8087     67.2218     69.1579     68.1870     69.1527     70.3026     68.4182     68.7444     69.5289     67.7642
101      0.0000      0.0000      0.0000      0.0000      0.0000      0.0000      0.0000      0.0000      0.0000      0.0000      0.0000      0.0000      0.0000      0.0000
102      0.0000      0.0000      0.0000      0.0000      0.0000      0.0000      0.0000      0.0000      0.0000      0.0000      0.0000      0.0000      0.0000      0.0000
103      0.0000      0.0000      0.0000      0.0000      0.0000      0.0000      0.0000      0.0000      0.0000      0.0000      0.0000      0.0000      0.0000      0.0000
104      0.0000      0.0000      0.0000      0.0000      0.0000      0.0000      0.0000      0.0000      0.0000      0.0000      0.0000      0.0000      0.0000      0.0000
105      0.0000      0.0000      0.0000      0.0000      0.0000      0.0000      0.0000      0.0000      0.0000      0.0000      0.0000      0.0000      0.0000      0.0000
106      0.0000      0.0000      0.0000      0.0000      0.0000      0.0000      0.0000      0.0000      0.0000      0.0000      0.0000      0.0000      0.0000      0.0000
107      0.0000      0.0000      0.0000      0.0000      0.0000      0.0000      0.0000      0.0000      0.0000      0.0000      0.0000      0.0000      0.0000      0.0000
108      0.0000      0.0000      0.0000      0.0000      0.0000      0.0000      0.0000      0.0000      0.0000      0.0000      0.0000      0.0000      0.0000      0.0000
109      0.0000      0.0006      0.0000      0.0000      0.0000      0.0000      0.0000      0.0000      0.0000      0.0000      0.0000      0.0000      0.0000      0.0000
110      0.0000      0.0017      0.0000      0.0000      0.0000      0.0000      0.0000      0.0000      0.0000      0.0000      0.0000      0.0000      0.0000      0.0000
111      6.0109      5.5524      5.7318      5.6513      5.6142      5.5844      5.7954      5.5841      5.5602      5.7165      5.6108      5.5941      5.7106      5.7850

# j      m_j: min, <> & last-chain-values for 1 ... 12 chains
  1  0.0000E+00  1.7981E-04  0.0000E+00  0.0000E+00  0.0000E+00  0.0000E+00  1.4194E-04  0.0000E+00  0.0000E+00  0.0000E+00  0.0000E+00  8.5696E-04  0.0000E+00  0.0000E+00
  2  0.0000E+00  4.1986E-04  0.0000E+00  0.0000E+00  0.0000E+00  0.0000E+00  0.0000E+00  0.0000E+00  0.0000E+00  0.0000E+00  0.0000E+00  1.7971E-04  0.0000E+00  0.0000E+00
  3  0.0000E+00  1.6624E-03  0.0000E+00  0.0000E+00  0.0000E+00  1.0560E-02  0.0000E+00  0.0000E+00  0.0000E+00  0.0000E+00  8.9542E-03  0.0000E+00  0.0000E+00  0.0000E+00
  4  0.0000E+00  6.4280E-04  0.0000E+00  0.0000E+00  0.0000E+00  0.0000E+00  0.0000E+00  0.0000E+00  0.0000E+00  4.9558E-04  4.3077E-03  0.0000E+00  0.0000E+00  0.0000E+00
  5  0.0000E+00  9.7098E-04  0.0000E+00  2.9340E-03  0.0000E+00  0.0000E+00  0.0000E+00  0.0000E+00  0.0000E+00  0.0000E+00  0.0000E+00  7.1561E-04  0.0000E+00  0.0000E+00
  6  0.0000E+00  8.5649E-04  0.0000E+00  0.0000E+00  0.0000E+00  0.0000E+00  0.0000E+00  0.0000E+00  0.0000E+00  0.0000E+00  0.0000E+00  0.0000E+00  1.2504E-02  0.0000E+00
  7  0.0000E+00  2.3266E-03  0.0000E+00  0.0000E+00  0.0000E+00  0.0000E+00  0.0000E+00  0.0000E+00  0.0000E+00  0.0000E+00  0.0000E+00  0.0000E+00  0.0000E+00  0.0000E+00
  8  6.2525E-07  6.3106E-01  2.2945E-01  4.1024E-01  4.9665E-01  6.3909E-01  1.8907E-01  4.0754E-01  4.7303E-01  4.2649E-01  4.5421E-01  4.8601E-01  3.7139E-01  2.3572E-01
  9  7.8614E-01  1.2518E+00  1.2218E+00  1.2237E+00  1.3057E+00  1.1656E+00  1.1781E+00  1.2591E+00  1.1855E+00  1.1359E+00  1.1897E+00  1.2314E+00  1.2616E+00  1.2188E+00
 10  0.0000E+00  9.4658E-03  0.0000E+00  0.0000E+00  0.0000E+00  0.0000E+00  0.0000E+00  0.0000E+00  5.4521E-03  0.0000E+00  0.0000E+00  0.0000E+00  0.0000E+00  0.0000E+00
 11  0.0000E+00  1.7898E-03  0.0000E+00  0.0000E+00  0.0000E+00  0.0000E+00  0.0000E+00  0.0000E+00  0.0000E+00  0.0000E+00  0.0000E+00  0.0000E+00  0.0000E+00  0.0000E+00
 12  0.0000E+00  1.7292E-03  4.5464E-03  0.0000E+00  0.0000E+00  0.0000E+00  0.0000E+00  0.0000E+00  0.0000E+00  0.0000E+00  0.0000E+00  0.0000E+00  0.0000E+00  0.0000E+00
 13  0.0000E+00  4.0784E-03  0.0000E+00  0.0000E+00  0.0000E+00  0.0000E+00  0.0000E+00  0.0000E+00  0.0000E+00  0.0000E+00  0.0000E+00  0.0000E+00  0.0000E+00  1.7298E-02
 14  0.0000E+00  1.5113E-02  0.0000E+00  1.0903E-02  7.5215E-03  0.0000E+00  0.0000E+00  8.0220E-02  2.7684E-02  4.0742E-02  0.0000E+00  0.0000E+00  0.0000E+00  0.0000E+00
 15  0.0000E+00  2.7425E-02  8.0772E-03  0.0000E+00  0.0000E+00  0.0000E+00  0.0000E+00  0.0000E+00  1.1324E-02  0.0000E+00  0.0000E+00  0.0000E+00  4.2723E-02  2.5243E-02
 16  0.0000E+00  5.2412E-03  0.0000E+00  0.0000E+00  0.0000E+00  0.0000E+00  0.0000E+00  0.0000E+00  0.0000E+00  0.0000E+00  0.0000E+00  0.0000E+00  0.0000E+00  0.0000E+00
 17  0.0000E+00  2.2329E-03  0.0000E+00  0.0000E+00  0.0000E+00  0.0000E+00  0.0000E+00  3.6798E-02  0.0000E+00  0.0000E+00  0.0000E+00  0.0000E+00  0.0000E+00  0.0000E+00
 18  0.0000E+00  5.0406E-03  0.0000E+00  0.0000E+00  0.0000E+00  0.0000E+00  0.0000E+00  0.0000E+00  0.0000E+00  0.0000E+00  0.0000E+00  2.1328E-02  0.0000E+00  0.0000E+00
 19  0.0000E+00  6.2596E-03  0.0000E+00  0.0000E+00  0.0000E+00  0.0000E+00  0.0000E+00  0.0000E+00  0.0000E+00  0.0000E+00  0.0000E+00  0.0000E+00  0.0000E+00  0.0000E+00
 20  0.0000E+00  4.1195E-03  0.0000E+00  0.0000E+00  0.0000E+00  0.0000E+00  0.0000E+00  0.0000E+00  0.0000E+00  0.0000E+00  0.0000E+00  0.0000E+00  0.0000E+00  0.0000E+00
 21  0.0000E+00  8.6137E-03  0.0000E+00  1.0159E-02  0.0000E+00  0.0000E+00  0.0000E+00  0.0000E+00  0.0000E+00  0.0000E+00  0.0000E+00  0.0000E+00  0.0000E+00  0.0000E+00
 22  0.0000E+00  8.7419E-03  0.0000E+00  0.0000E+00  0.0000E+00  0.0000E+00  0.0000E+00  0.0000E+00  0.0000E+00  2.8340E-02  0.0000E+00  0.0000E+00  0.0000E+00  0.0000E+00
 23  0.0000E+00  9.6310E-03  0.0000E+00  0.0000E+00  0.0000E+00  0.0000E+00  0.0000E+00  0.0000E+00  0.0000E+00  0.0000E+00  0.0000E+00  0.0000E+00  0.0000E+00  0.0000E+00
 24  0.0000E+00  1.0706E-02  0.0000E+00  0.0000E+00  9.3713E-03  0.0000E+00  0.0000E+00  0.0000E+00  0.0000E+00  1.2629E-03  0.0000E+00  0.0000E+00  0.0000E+00  0.0000E+00
 25  0.0000E+00  8.4001E-03  0.0000E+00  0.0000E+00  0.0000E+00  0.0000E+00  0.0000E+00  0.0000E+00  0.0000E+00  0.0000E+00  0.0000E+00  0.0000E+00  0.0000E+00  0.0000E+00
 26  0.0000E+00  1.3788E-04  0.0000E+00  0.0000E+00  0.0000E+00  0.0000E+00  0.0000E+00  0.0000E+00  0.0000E+00  0.0000E+00  0.0000E+00  0.0000E+00  0.0000E+00  0.0000E+00
 27  0.0000E+00  2.6039E-04  0.0000E+00  0.0000E+00  0.0000E+00  0.0000E+00  8.1256E-04  0.0000E+00  0.0000E+00  0.0000E+00  0.0000E+00  0.0000E+00  0.0000E+00  0.0000E+00
 28  0.0000E+00  3.4508E-04  0.0000E+00  0.0000E+00  0.0000E+00  0.0000E+00  0.0000E+00  0.0000E+00  0.0000E+00  0.0000E+00  0.0000E+00  0.0000E+00  0.0000E+00  0.0000E+00
 29  0.0000E+00  7.9846E-04  0.0000E+00  0.0000E+00  0.0000E+00  0.0000E+00  0.0000E+00  0.0000E+00  0.0000E+00  0.0000E+00  0.0000E+00  0.0000E+00  0.0000E+00  0.0000E+00
 30  0.0000E+00  2.9475E-03  8.3197E-03  0.0000E+00  1.8084E-02  0.0000E+00  0.0000E+00  0.0000E+00  0.0000E+00  0.0000E+00  0.0000E+00  0.0000E+00  0.0000E+00  0.0000E+00
 31  7.4249E-07  4.3025E-03  0.0000E+00  0.0000E+00  0.0000E+00  0.0000E+00  2.2768E-02  0.0000E+00  0.0000E+00  0.0000E+00  0.0000E+00  0.0000E+00  0.0000E+00  0.0000E+00
 32  0.0000E+00  6.4657E-03  2.8177E-03  0.0000E+00  0.0000E+00  0.0000E+00  0.0000E+00  0.0000E+00  0.0000E+00  0.0000E+00  0.0000E+00  2.4920E-03  0.0000E+00  0.0000E+00
 33  0.0000E+00  9.0555E-03  4.2716E-03  0.0000E+00  0.0000E+00  0.0000E+00  0.0000E+00  0.0000E+00  0.0000E+00  0.0000E+00  0.0000E+00  0.0000E+00  1.2178E-02  0.0000E+00
 34  0.0000E+00  9.3136E-03  0.0000E+00  0.0000E+00  0.0000E+00  0.0000E+00  0.0000E+00  0.0000E+00  0.0000E+00  0.0000E+00  0.0000E+00  0.0000E+00  0.0000E+00  0.0000E+00
 35  0.0000E+00  7.4803E-04  0.0000E+00  0.0000E+00  0.0000E+00  0.0000E+00  0.0000E+00  4.5454E-03  0.0000E+00  0.0000E+00  0.0000E+00  0.0000E+00  0.0000E+00  0.0000E+00
 36  0.0000E+00  4.1770E-04  0.0000E+00  0.0000E+00  0.0000E+00  0.0000E+00  0.0000E+00  0.0000E+00  0.0000E+00  0.0000E+00  0.0000E+00  0.0000E+00  0.0000E+00  0.0000E+00
 37  0.0000E+00  4.5955E-04  0.0000E+00  0.0000E+00  0.0000E+00  0.0000E+00  0.0000E+00  0.0000E+00  0.0000E+00  0.0000E+00  0.0000E+00  0.0000E+00  0.0000E+00  0.0000E+00
 38  0.0000E+00  5.8756E-04  0.0000E+00  0.0000E+00  0.0000E+00  0.0000E+00  0.0000E+00  0.0000E+00  0.0000E+00  0.0000E+00  0.0000E+00  0.0000E+00  0.0000E+00  0.0000E+00
 39  0.0000E+00  8.1016E-04  0.0000E+00  0.0000E+00  0.0000E+00  0.0000E+00  0.0000E+00  0.0000E+00  0.0000E+00  0.0000E+00  0.0000E+00  0.0000E+00  0.0000E+00  0.0000E+00
 40  0.0000E+00  1.4929E-03  0.0000E+00  0.0000E+00  0.0000E+00  0.0000E+00  0.0000E+00  0.0000E+00  0.0000E+00  0.0000E+00  0.0000E+00  0.0000E+00  0.0000E+00  0.0000E+00
 41  0.0000E+00  1.6289E-03  0.0000E+00  2.9075E-03  0.0000E+00  0.0000E+00  0.0000E+00  0.0000E+00  0.0000E+00  0.0000E+00  0.0000E+00  0.0000E+00  0.0000E+00  9.3077E-03
 42  0.0000E+00  2.2217E-03  0.0000E+00  0.0000E+00  0.0000E+00  0.0000E+00  0.0000E+00  0.0000E+00  0.0000E+00  5.3819E-03  0.0000E+00  0.0000E+00  0.0000E+00  0.0000E+00
 43  0.0000E+00  3.2493E-03  0.0000E+00  0.0000E+00  0.0000E+00  0.0000E+00  0.0000E+00  0.0000E+00  0.0000E+00  0.0000E+00  0.0000E+00  0.0000E+00  0.0000E+00  0.0000E+00
 44  0.0000E+00  3.2835E-03  0.0000E+00  0.0000E+00  0.0000E+00  0.0000E+00  0.0000E+00  0.0000E+00  0.0000E+00  0.0000E+00  0.0000E+00  0.0000E+00  0.0000E+00  0.0000E+00
 45  0.0000E+00  6.1881E-03  0.0000E+00  0.0000E+00  0.0000E+00  0.0000E+00  0.0000E+00  0.0000E+00  0.0000E+00  0.0000E+00  0.0000E+00  0.0000E+00  0.0000E+00  0.0000E+00
 46  0.0000E+00  5.9552E-03  0.0000E+00  0.0000E+00  0.0000E+00  0.0000E+00  0.0000E+00  0.0000E+00  0.0000E+00  0.0000E+00  0.0000E+00  0.0000E+00  0.0000E+00  0.0000E+00
 47  0.0000E+00  1.1577E-02  0.0000E+00  0.0000E+00  0.0000E+00  0.0000E+00  0.0000E+00  0.0000E+00  0.0000E+00  0.0000E+00  2.2411E-02  0.0000E+00  0.0000E+00  0.0000E+00
 48  0.0000E+00  1.2727E-02  0.0000E+00  0.0000E+00  1.0459E-01  0.0000E+00  0.0000E+00  0.0000E+00  0.0000E+00  0.0000E+00  0.0000E+00  0.0000E+00  0.0000E+00  0.0000E+00
 49  0.0000E+00  1.5803E-02  0.0000E+00  0.0000E+00  0.0000E+00  0.0000E+00  0.0000E+00  0.0000E+00  0.0000E+00  0.0000E+00  0.0000E+00  0.0000E+00  0.0000E+00  0.0000E+00
 50  0.0000E+00  1.7750E-02  5.0653E-02  0.0000E+00  0.0000E+00  0.0000E+00  1.6460E-01  0.0000E+00  0.0000E+00  0.0000E+00  0.0000E+00  0.0000E+00  0.0000E+00  0.0000E+00
 51  0.0000E+00  9.8281E-05  0.0000E+00  0.0000E+00  0.0000E+00  0.0000E+00  0.0000E+00  0.0000E+00  0.0000E+00  0.0000E+00  0.0000E+00  0.0000E+00  0.0000E+00  0.0000E+00
 52  0.0000E+00  3.6557E-04  0.0000E+00  0.0000E+00  0.0000E+00  0.0000E+00  0.0000E+00  0.0000E+00  0.0000E+00  0.0000E+00  0.0000E+00  0.0000E+00  0.0000E+00  5.5086E-03
 53  0.0000E+00  9.4364E-04  0.0000E+00  0.0000E+00  0.0000E+00  0.0000E+00  0.0000E+00  0.0000E+00  0.0000E+00  0.0000E+00  0.0000E+00  0.0000E+00  0.0000E+00  0.0000E+00
 54  0.0000E+00  2.2200E-03  0.0000E+00  0.0000E+00  0.0000E+00  0.0000E+00  0.0000E+00  0.0000E+00  0.0000E+00  0.0000E+00  0.0000E+00  0.0000E+00  6.6945E-03  0.0000E+00
 55  0.0000E+00  2.0771E-03  0.0000E+00  0.0000E+00  0.0000E+00  0.0000E+00  0.0000E+00  0.0000E+00  0.0000E+00  0.0000E+00  0.0000E+00  0.0000E+00  0.0000E+00  0.0000E+00
 56  0.0000E+00  2.6586E-03  0.0000E+00  0.0000E+00  0.0000E+00  0.0000E+00  0.0000E+00  0.0000E+00  0.0000E+00  0.0000E+00  0.0000E+00  0.0000E+00  0.0000E+00  0.0000E+00
 57  0.0000E+00  4.5187E-03  0.0000E+00  0.0000E+00  0.0000E+00  0.0000E+00  0.0000E+00  0.0000E+00  0.0000E+00  0.0000E+00  0.0000E+00  0.0000E+00  0.0000E+00  0.0000E+00
 58  0.0000E+00  7.7339E-03  0.0000E+00  0.0000E+00  0.0000E+00  0.0000E+00  0.0000E+00  0.0000E+00  5.4498E-03  0.0000E+00  0.0000E+00  0.0000E+00  0.0000E+00  0.0000E+00
 59  0.0000E+00  1.1779E-02  1.6655E-02  3.1255E-02  0.0000E+00  0.0000E+00  0.0000E+00  0.0000E+00  0.0000E+00  0.0000E+00  0.0000E+00  0.0000E+00  0.0000E+00  0.0000E+00
 60  0.0000E+00  5.6564E-03  0.0000E+00  0.0000E+00  0.0000E+00  0.0000E+00  0.0000E+00  0.0000E+00  0.0000E+00  3.3405E-02  0.0000E+00  0.0000E+00  0.0000E+00  0.0000E+00
 61  0.0000E+00  9.1668E-04  0.0000E+00  0.0000E+00  0.0000E+00  0.0000E+00  0.0000E+00  0.0000E+00  0.0000E+00  0.0000E+00  0.0000E+00  3.3611E-03  0.0000E+00  0.0000E+00
 62  0.0000E+00  7.8024E-04  0.0000E+00  0.0000E+00  0.0000E+00  0.0000E+00  0.0000E+00  0.0000E+00  0.0000E+00  0.0000E+00  0.0000E+00  0.0000E+00  0.0000E+00  0.0000E+00
 63  0.0000E+00  1.1929E-03  0.0000E+00  0.0000E+00  0.0000E+00  0.0000E+00  0.0000E+00  0.0000E+00  0.0000E+00  0.0000E+00  0.0000E+00  0.0000E+00  0.0000E+00  0.0000E+00
 64  0.0000E+00  3.0695E-03  4.1013E-03  0.0000E+00  0.0000E+00  2.0665E-03  0.0000E+00  0.0000E+00  0.0000E+00  0.0000E+00  0.0000E+00  0.0000E+00  0.0000E+00  0.0000E+00
 65  0.0000E+00  2.2159E-02  0.0000E+00  0.0000E+00  0.0000E+00  0.0000E+00  4.2091E-03  0.0000E+00  4.2401E-02  0.0000E+00  0.0000E+00  0.0000E+00  0.0000E+00  0.0000E+00
 66  0.0000E+00  3.4200E-03  0.0000E+00  0.0000E+00  0.0000E+00  0.0000E+00  0.0000E+00  0.0000E+00  1.3820E-02  0.0000E+00  0.0000E+00  0.0000E+00  0.0000E+00  0.0000E+00
 67  0.0000E+00  3.3831E-03  0.0000E+00  0.0000E+00  0.0000E+00  0.0000E+00  0.0000E+00  0.0000E+00  0.0000E+00  0.0000E+00  0.0000E+00  0.0000E+00  0.0000E+00  0.0000E+00
 68  0.0000E+00  4.0064E-03  0.0000E+00  0.0000E+00  0.0000E+00  0.0000E+00  0.0000E+00  7.9782E-03  0.0000E+00  0.0000E+00  0.0000E+00  0.0000E+00  0.0000E+00  0.0000E+00
 69  0.0000E+00  4.6660E-03  0.0000E+00  0.0000E+00  0.0000E+00  0.0000E+00  0.0000E+00  6.5236E-03  0.0000E+00  0.0000E+00  0.0000E+00  0.0000E+00  0.0000E+00  0.0000E+00
 70  0.0000E+00  7.5983E-03  0.0000E+00  0.0000E+00  0.0000E+00  0.0000E+00  0.0000E+00  0.0000E+00  0.0000E+00  0.0000E+00  6.1865E-03  0.0000E+00  0.0000E+00  7.3620E-03
 71  0.0000E+00  1.2562E-02  4.1272E-02  0.0000E+00  6.7198E-02  0.0000E+00  0.0000E+00  0.0000E+00  0.0000E+00  7.7853E-03  3.5590E-03  0.0000E+00  0.0000E+00  0.0000E+00
 72  0.0000E+00  2.0674E-02  0.0000E+00  0.0000E+00  0.0000E+00  0.0000E+00  0.0000E+00  0.0000E+00  0.0000E+00  0.0000E+00  0.0000E+00  0.0000E+00  0.0000E+00  0.0000E+00
 73  0.0000E+00  2.6447E-02  0.0000E+00  0.0000E+00  0.0000E+00  0.0000E+00  0.0000E+00  0.0000E+00  0.0000E+00  0.0000E+00  0.0000E+00  0.0000E+00  0.0000E+00  2.5789E-02
 74  0.0000E+00  5.1854E-02  1.4344E-01  0.0000E+00  0.0000E+00  0.0000E+00  8.0887E-03  0.0000E+00  0.0000E+00  0.0000E+00  4.3700E-02  0.0000E+00  0.0000E+00  0.0000E+00
 75  0.0000E+00  8.4695E-02  5.0430E-03  0.0000E+00  0.0000E+00  1.3173E-01  0.0000E+00  0.0000E+00  0.0000E+00  0.0000E+00  1.6538E-02  2.1618E-01  0.0000E+00  2.1139E-01
 76  0.0000E+00  3.2818E-04  0.0000E+00  0.0000E+00  0.0000E+00  0.0000E+00  0.0000E+00  0.0000E+00  0.0000E+00  0.0000E+00  0.0000E+00  0.0000E+00  0.0000E+00  0.0000E+00
 77  0.0000E+00  1.8596E-03  0.0000E+00  0.0000E+00  0.0000E+00  0.0000E+00  0.0000E+00  0.0000E+00  0.0000E+00  0.0000E+00  0.0000E+00  0.0000E+00  0.0000E+00  0.0000E+00
 78  0.0000E+00  9.2454E-04  0.0000E+00  0.0000E+00  0.0000E+00  0.0000E+00  0.0000E+00  0.0000E+00  0.0000E+00  0.0000E+00  0.0000E+00  0.0000E+00  0.0000E+00  0.0000E+00
 79  0.0000E+00  8.0221E-04  0.0000E+00  0.0000E+00  0.0000E+00  0.0000E+00  0.0000E+00  0.0000E+00  0.0000E+00  0.0000E+00  0.0000E+00  0.0000E+00  0.0000E+00  0.0000E+00
 80  0.0000E+00  9.3619E-04  0.0000E+00  0.0000E+00  0.0000E+00  0.0000E+00  0.0000E+00  0.0000E+00  0.0000E+00  0.0000E+00  0.0000E+00  0.0000E+00  0.0000E+00  0.0000E+00
 81  0.0000E+00  1.6919E-03  0.0000E+00  0.0000E+00  0.0000E+00  0.0000E+00  0.0000E+00  0.0000E+00  0.0000E+00  0.0000E+00  0.0000E+00  0.0000E+00  0.0000E+00  0.0000E+00
 82  0.0000E+00  3.0917E-03  0.0000E+00  0.0000E+00  0.0000E+00  0.0000E+00  0.0000E+00  0.0000E+00  1.4524E-03  0.0000E+00  0.0000E+00  0.0000E+00  0.0000E+00  0.0000E+00
 83  0.0000E+00  5.0342E-03  3.3730E-03  0.0000E+00  1.0677E-02  0.0000E+00  0.0000E+00  3.0218E-03  0.0000E+00  0.0000E+00  0.0000E+00  2.3381E-03  0.0000E+00  0.0000E+00
 84  0.0000E+00  1.2364E-02  1.0626E-02  0.0000E+00  0.0000E+00  0.0000E+00  3.9393E-03  2.8889E-02  1.6851E-02  0.0000E+00  0.0000E+00  0.0000E+00  1.8938E-02  0.0000E+00
 85  0.0000E+00  7.8201E-03  5.3223E-03  0.0000E+00  0.0000E+00  0.0000E+00  0.0000E+00  0.0000E+00  0.0000E+00  0.0000E+00  0.0000E+00  0.0000E+00  0.0000E+00  0.0000E+00
 86  0.0000E+00  1.0126E-02  0.0000E+00  0.0000E+00  8.4945E-03  0.0000E+00  0.0000E+00  0.0000E+00  1.8273E-03  0.0000E+00  4.8669E-02  0.0000E+00  4.7601E-03  2.9586E-02
 87  0.0000E+00  5.9169E-03  0.0000E+00  0.0000E+00  0.0000E+00  0.0000E+00  0.0000E+00  0.0000E+00  0.0000E+00  3.9451E-02  0.0000E+00  0.0000E+00  0.0000E+00  0.0000E+00
 88  0.0000E+00  5.1747E-02  7.3930E-02  7.4341E-02  5.8874E-02  3.1160E-02  6.1070E-03  0.0000E+00  5.4332E-02  0.0000E+00  0.0000E+00  0.0000E+00  0.0000E+00  0.0000E+00
 89  0.0000E+00  1.0286E-01  0.0000E+00  0.0000E+00  0.0000E+00  0.0000E+00  0.0000E+00  0.0000E+00  0.0000E+00  1.0999E-01  0.0000E+00  4.1584E-02  0.0000E+00  0.0000E+00
 90  6.1801E+00  5.2402E+00  5.5928E+00  5.6923E+00  5.6329E+00  6.1094E+00  6.0054E+00  5.8448E+00  6.1191E+00  5.3431E+00  5.8514E+00  5.9143E+00  5.4123E+00  5.7788E+00
 91  0.0000E+00  6.9399E-02  0.0000E+00  0.0000E+00  0.0000E+00  0.0000E+00  0.0000E+00  8.2260E-02  0.0000E+00  7.4727E-02  1.5815E-02  0.0000E+00  0.0000E+00  0.0000E+00
 92  0.0000E+00  8.6237E-03  0.0000E+00  0.0000E+00  0.0000E+00  0.0000E+00  0.0000E+00  0.0000E+00  0.0000E+00  0.0000E+00  0.0000E+00  0.0000E+00  0.0000E+00  0.0000E+00
 93  0.0000E+00  1.1964E-02  0.0000E+00  0.0000E+00  0.0000E+00  0.0000E+00  0.0000E+00  0.0000E+00  0.0000E+00  0.0000E+00  9.0201E-03  0.0000E+00  0.0000E+00  0.0000E+00
 94  0.0000E+00  1.6802E-02  0.0000E+00  1.0487E-02  0.0000E+00  2.0585E-02  0.0000E+00  0.0000E+00  1.4915E-02  0.0000E+00  0.0000E+00  0.0000E+00  0.0000E+00  0.0000E+00
 95  2.1280E-03  3.2014E-02  0.0000E+00  1.2367E-02  0.0000E+00  0.0000E+00  5.2483E-02  5.4013E-04  0.0000E+00  1.8099E-02  0.0000E+00  0.0000E+00  2.4346E-02  0.0000E+00
 96  0.0000E+00  5.2004E-02  9.1961E-02  0.0000E+00  0.0000E+00  4.4743E-02  0.0000E+00  0.0000E+00  5.9034E-03  0.0000E+00  2.5572E-02  0.0000E+00  0.0000E+00  0.0000E+00
 97  0.0000E+00  2.6400E-01  0.0000E+00  3.6359E-01  5.4250E-01  2.2880E-01  0.0000E+00  0.0000E+00  0.0000E+00  0.0000E+00  0.0000E+00  1.4641E-01  0.0000E+00  5.1641E-01
 98  2.3808E-02  1.4980E+00  0.0000E+00  1.3456E+00  1.4812E+00  2.0695E+00  4.9749E-01  2.0117E+00  0.0000E+00  0.0000E+00  2.2046E+00  1.2942E+00  8.1583E-01  2.0636E+00
 99  0.0000E+00  1.2598E+00  9.5136E-01  1.7654E+00  5.0477E-01  0.0000E+00  1.8289E+00  1.9366E-01  7.4796E-01  1.1342E+00  0.0000E+00  0.0000E+00  1.2713E+00  1.1717E+00
100  9.3008E+01  8.8919E+01  9.1530E+01  8.9044E+01  8.9751E+01  8.9547E+01  9.0038E+01  9.0032E+01  9.1273E+01  9.1601E+01  9.0095E+01  9.0639E+01  9.0745E+01  8.8683E+01
101  0.0000E+00  3.7224E-16  0.0000E+00  0.0000E+00  0.0000E+00  0.0000E+00  0.0000E+00  0.0000E+00  0.0000E+00  0.0000E+00  0.0000E+00  0.0000E+00  0.0000E+00  0.0000E+00
102  0.0000E+00  8.2412E-16  0.0000E+00  0.0000E+00  0.0000E+00  0.0000E+00  0.0000E+00  0.0000E+00  0.0000E+00  0.0000E+00  0.0000E+00  0.0000E+00  0.0000E+00  0.0000E+00
103  0.0000E+00  6.1761E-14  0.0000E+00  0.0000E+00  0.0000E+00  0.0000E+00  0.0000E+00  0.0000E+00  0.0000E+00  0.0000E+00  0.0000E+00  0.0000E+00  0.0000E+00  0.0000E+00
104  0.0000E+00  1.1694E-13  0.0000E+00  0.0000E+00  0.0000E+00  0.0000E+00  0.0000E+00  0.0000E+00  0.0000E+00  0.0000E+00  0.0000E+00  0.0000E+00  0.0000E+00  0.0000E+00
105  0.0000E+00  3.8888E-13  0.0000E+00  0.0000E+00  0.0000E+00  0.0000E+00  0.0000E+00  0.0000E+00  0.0000E+00  0.0000E+00  0.0000E+00  0.0000E+00  0.0000E+00  0.0000E+00
106  0.0000E+00  1.0234E-12  0.0000E+00  0.0000E+00  0.0000E+00  0.0000E+00  0.0000E+00  0.0000E+00  0.0000E+00  0.0000E+00  0.0000E+00  0.0000E+00  0.0000E+00  0.0000E+00
107  0.0000E+00  2.3680E-12  0.0000E+00  0.0000E+00  0.0000E+00  0.0000E+00  0.0000E+00  0.0000E+00  0.0000E+00  0.0000E+00  0.0000E+00  0.0000E+00  0.0000E+00  0.0000E+00
108  0.0000E+00  3.2054E-12  0.0000E+00  0.0000E+00  0.0000E+00  0.0000E+00  0.0000E+00  0.0000E+00  0.0000E+00  0.0000E+00  0.0000E+00  0.0000E+00  0.0000E+00  0.0000E+00
109  0.0000E+00  1.8317E-10  0.0000E+00  0.0000E+00  0.0000E+00  0.0000E+00  0.0000E+00  0.0000E+00  0.0000E+00  0.0000E+00  0.0000E+00  0.0000E+00  0.0000E+00  0.0000E+00
110  0.0000E+00  5.4022E-10  0.0000E+00  0.0000E+00  0.0000E+00  0.0000E+00  0.0000E+00  0.0000E+00  0.0000E+00  0.0000E+00  0.0000E+00  0.0000E+00  0.0000E+00  0.0000E+00
111  1.7963E-06  1.7464E-06  1.7545E-06  1.7519E-06  1.7516E-06  1.7535E-06  1.7785E-06  1.7380E-06  1.7299E-06  1.7557E-06  1.7416E-06  1.7386E-06  1.7568E-06  1.7846E-06

# AV, chi2 & Mass for <> & i_chain = 1 ... 12 solutions
AV       0.3459      0.4420      0.4026      0.4181      0.4306      0.4390      0.3962      0.4278      0.4301      0.4067      0.4230      0.4280      0.4097      0.4011
chi2 1.2021E+00  1.2130E+00  1.2074E+00  1.2084E+00  1.2098E+00  1.2096E+00  1.2063E+00  1.2089E+00  1.2084E+00  1.2084E+00  1.2085E+00  1.2085E+00  1.2083E+00  1.2077E+00
Mass 1.3716E-11  1.3373E-11  1.3596E-11  1.3481E-11  1.3440E-11  1.3385E-11  1.3538E-11  1.3463E-11  1.3476E-11  1.3566E-11  1.3482E-11  1.3483E-11  1.3554E-11  1.3486E-11
  73.76                                  [v0_min (km/s) before EX0s...]
 102.75                                  [vd_min (km/s) before EX0s...]


## Synthetic spectrum (Best Model) ##l_obs f_obs f_syn wei
15001    [Nl_obs]
 9000.00    0.00000   1.31811   -2.000
 9001.00    0.00000   1.31632   -2.000
 9002.00    0.00000   1.31559   -2.000
 9003.00    0.00000   1.31586   -2.000
 9004.00    0.00000   1.31655   -2.000
 9005.00    0.00000   1.31670   -2.000
 9006.00    0.00000   1.31532   -2.000
 9007.00    0.00000   1.31163   -2.000
 9008.00    0.00000   1.30541   -2.000
 9009.00    0.00000   1.29701   -2.000
 9010.00    0.00000   1.28737   -2.000
 9011.00    0.00000   1.27757   -2.000
 9012.00    0.00000   1.26880   -2.000
 9013.00    0.00000   1.26191   -2.000
 9014.00    0.00000   1.25743   -2.000
 9015.00    0.00000   1.25549   -2.000
 9016.00    0.00000   1.25572   -2.000
 9017.00    0.00000   1.25764   -2.000
 9018.00    0.00000   1.26051   -2.000
 9019.00    0.00000   1.26376   -2.000
 9020.00    0.00000   1.26687   -2.000
 9021.00    0.00000   1.26952   -2.000
 9022.00    0.00000   1.27168   -2.000
 9023.00    0.00000   1.27352   -2.000
 9024.00    0.00000   1.27545   -2.000
 9025.00    0.00000   1.27790   -2.000
 9026.00    0.00000   1.28123   -2.000
 9027.00    0.00000   1.28565   -2.000
 9028.00    0.00000   1.29117   -2.000
 9029.00    0.00000   1.29749   -2.000
 9030.00    0.00000   1.30427   -2.000
 9031.00    0.00000   1.31101   -2.000
 9032.00    0.00000   1.31730   -2.000
 9033.00    0.00000   1.32283   -2.000
 9034.00    0.00000   1.32735   -2.000
 9035.00    0.00000   1.33083   -2.000
 9036.00    0.00000   1.33336   -2.000
 9037.00    0.00000   1.33522   -2.000
 9038.00    0.00000   1.33674   -2.000
 9039.00    0.00000   1.33820   -2.000
 9040.00    0.00000   1.33988   -2.000
 9041.00    0.00000   1.34192   -2.000
 9042.00    0.00000   1.34415   -2.000
 9043.00    0.00000   1.34636   -2.000
 9044.00    0.00000   1.34819   -2.000
 9045.00    0.00000   1.34940   -2.000
 9046.00    0.00000   1.34990   -2.000
 9047.00    0.00000   1.34974   -2.000
 9048.00    0.00000   1.34912   -2.000
 9049.00    0.00000   1.34834   -2.000
 9050.00    0.00000   1.34768   -2.000
 9051.00    0.00000   1.34729   -2.000
 9052.00    0.00000   1.34727   -2.000
 9053.00    0.00000   1.34755   -2.000
 9054.00    0.00000   1.34798   -2.000
 9055.00    0.00000   1.34831   -2.000
 9056.00    0.00000   1.34825   -2.000
 9057.00    0.00000   1.34752   -2.000
 9058.00    0.00000   1.34592   -2.000
 9059.00    0.00000   1.34339   -2.000
 9060.00    0.00000   1.34011   -2.000
 9061.00    0.00000   1.33649   -2.000
 9062.00    0.00000   1.33303   -2.000
 9063.00    0.00000   1.33024   -2.000
 9064.00    0.00000   1.32853   -2.000
 9065.00    0.00000   1.32804   -2.000
 9066.00    0.00000   1.32860   -2.000
 9067.00    0.00000   1.32986   -2.000
 9068.00    0.00000   1.33138   -2.000
 9069.00    0.00000   1.33280   -2.000
 9070.00    0.00000   1.33397   -2.000
 9071.00    0.00000   1.33491   -2.000
 9072.00    0.00000   1.33575   -2.000
 9073.00    0.00000   1.33658   -2.000
 9074.00    0.00000   1.33734   -2.000
 9075.00    0.00000   1.33773   -2.000
 9076.00    0.00000   1.33742   -2.000
 9077.00    0.00000   1.33608   -2.000
 9078.00    0.00000   1.33360   -2.000
 9079.00    0.00000   1.33015   -2.000
 9080.00    0.00000   1.32613   -2.000
 9081.00    0.00000   1.32196   -2.000
 9082.00    0.00000   1.31786   -2.000
 9083.00    0.00000   1.31380   -2.000
 9084.00    0.00000   1.30942   -2.000
 9085.00    0.00000   1.30431   -2.000
 9086.00    0.00000   1.29814   -2.000
 9087.00    0.00000   1.29100   -2.000
 9088.00    0.00000   1.28350   -2.000
 9089.00    0.00000   1.27673   -2.000
 9090.00    0.00000   1.27188   -2.000
 9091.00    0.00000   1.27000   -2.000
 9092.00    0.00000   1.27158   -2.000
 9093.00    0.00000   1.27641   -2.000
 9094.00    0.00000   1.28368   -2.000
 9095.00    0.00000   1.29217   -2.000
 9096.00    0.00000   1.30065   -2.000
 9097.00    0.00000   1.30808   -2.000
 9098.00    0.00000   1.31386   -2.000
 9099.00    0.00000   1.31782   -2.000
 9100.00    0.00000   1.32022   -2.000
 9101.00    0.00000   1.32141   -2.000
 9102.00    0.00000   1.32179   -2.000
 9103.00    0.00000   1.32165   -2.000
 9104.00    0.00000   1.32117   -2.000
 9105.00    0.00000   1.32043   -2.000
 9106.00    0.00000   1.31945   -2.000
 9107.00    0.00000   1.31832   -2.000
 9108.00    0.00000   1.31713   -2.000
 9109.00    0.00000   1.31596   -2.000
 9110.00    0.00000   1.31487   -2.000
 9111.00    0.00000   1.31381   -2.000
 9112.00    0.00000   1.31263   -2.000
 9113.00    0.00000   1.31113   -2.000
 9114.00    0.00000   1.30906   -2.000
 9115.00    0.00000   1.30642   -2.000
 9116.00    0.00000   1.30332   -2.000
 9117.00    0.00000   1.30026   -2.000
 9118.00    0.00000   1.29788   -2.000
 9119.00    0.00000   1.29689   -2.000
 9120.00    0.00000   1.29784   -2.000
 9121.00    0.00000   1.30103   -2.000
 9122.00    0.00000   1.30622   -2.000
 9123.00    0.00000   1.31286   -2.000
 9124.00    0.00000   1.32010   -2.000
 9125.00    0.00000   1.32700   -2.000
 9126.00    0.00000   1.33283   -2.000
 9127.00    0.00000   1.33715   -2.000
 9128.00    0.00000   1.33984   -2.000
 9129.00    0.00000   1.34110   -2.000
 9130.00    0.00000   1.34131   -2.000
 9131.00    0.00000   1.34082   -2.000
 9132.00    0.00000   1.33993   -2.000
 9133.00    0.00000   1.33875   -2.000
 9134.00    0.00000   1.33723   -2.000
 9135.00    0.00000   1.33518   -2.000
 9136.00    0.00000   1.33230   -2.000
 9137.00    0.00000   1.32836   -2.000
 9138.00    0.00000   1.32317   -2.000
 9139.00    0.00000   1.31677   -2.000
 9140.00    0.00000   1.30943   -2.000
 9141.00    0.00000   1.30161   -2.000
 9142.00    0.00000   1.29393   -2.000
 9143.00    0.00000   1.28696   -2.000
 9144.00    0.00000   1.28122   -2.000
 9145.00    0.00000   1.27707   -2.000
 9146.00    0.00000   1.27463   -2.000
 9147.00    0.00000   1.27386   -2.000
 9148.00    0.00000   1.27458   -2.000
 9149.00    0.00000   1.27646   -2.000
 9150.00    0.00000   1.27908   -2.000
 9151.00    0.00000   1.28200   -2.000
 9152.00    0.00000   1.28477   -2.000
 9153.00    0.00000   1.28703   -2.000
 9154.00    0.00000   1.28863   -2.000
 9155.00    0.00000   1.28962   -2.000
 9156.00    0.00000   1.29022   -2.000
 9157.00    0.00000   1.29075   -2.000
 9158.00    0.00000   1.29150   -2.000
 9159.00    0.00000   1.29255   -2.000
 9160.00    0.00000   1.29372   -2.000
 9161.00    0.00000   1.29464   -2.000
 9162.00    0.00000   1.29483   -2.000
 9163.00    0.00000   1.29379   -2.000
 9164.00    0.00000   1.29114   -2.000
 9165.00    0.00000   1.28667   -2.000
 9166.00    0.00000   1.28038   -2.000
 9167.00    0.00000   1.27249   -2.000
 9168.00    0.00000   1.26340   -2.000
 9169.00    0.00000   1.25370   -2.000
 9170.00    0.00000   1.24408   -2.000
 9171.00    0.00000   1.23536   -2.000
 9172.00    0.00000   1.22835   -2.000
 9173.00    0.00000   1.22371   -2.000
 9174.00    0.00000   1.22188   -2.000
 9175.00    0.00000   1.22298   -2.000
 9176.00    0.00000   1.22676   -2.000
 9177.00    0.00000   1.23266   -2.000
 9178.00    0.00000   1.23993   -2.000
 9179.00    0.00000   1.24775   -2.000
 9180.00    0.00000   1.25539   -2.000
 9181.00    0.00000   1.26230   -2.000
 9182.00    0.00000   1.26817   -2.000
 9183.00    0.00000   1.27283   -2.000
 9184.00    0.00000   1.27624   -2.000
 9185.00    0.00000   1.27841   -2.000
 9186.00    0.00000   1.27932   -2.000
 9187.00    0.00000   1.27896   -2.000
 9188.00    0.00000   1.27741   -2.000
 9189.00    0.00000   1.27479   -2.000
 9190.00    0.00000   1.27142   -2.000
 9191.00    0.00000   1.26771   -2.000
 9192.00    0.00000   1.26408   -2.000
 9193.00    0.00000   1.26092   -2.000
 9194.00    0.00000   1.25845   -2.000
 9195.00    0.00000   1.25671   -2.000
 9196.00    0.00000   1.25558   -2.000
 9197.00    0.00000   1.25486   -2.000
 9198.00    0.00000   1.25431   -2.000
 9199.00    0.00000   1.25380   -2.000
 9200.00    0.00000   1.25325   -2.000
 9201.00    0.00000   1.25265   -2.000
 9202.00    0.00000   1.25196   -2.000
 9203.00    0.00000   1.25114   -2.000
 9204.00    0.00000   1.25003   -2.000
 9205.00    0.00000   1.24843   -2.000
 9206.00    0.00000   1.24612   -2.000
 9207.00    0.00000   1.24295   -2.000
 9208.00    0.00000   1.23885   -2.000
 9209.00    0.00000   1.23398   -2.000
 9210.00    0.00000   1.22862   -2.000
 9211.00    0.00000   1.22325   -2.000
 9212.00    0.00000   1.21841   -2.000
 9213.00    0.00000   1.21460   -2.000
 9214.00    0.00000   1.21214   -2.000
 9215.00    0.00000   1.21119   -2.000
 9216.00    0.00000   1.21167   -2.000
 9217.00    0.00000   1.21339   -2.000
 9218.00    0.00000   1.21607   -2.000
 9219.00    0.00000   1.21943   -2.000
 9220.00    0.00000   1.22317   -2.000
 9221.00    0.00000   1.22693   -2.000
 9222.00    0.00000   1.23029   -2.000
 9223.00    0.00000   1.23278   -2.000
 9224.00    0.00000   1.23407   -2.000
 9225.00    0.00000   1.23396   -2.000
 9226.00    0.00000   1.23255   -2.000
 9227.00    0.00000   1.23014   -2.000
 9228.00    0.00000   1.22717   -2.000
 9229.00    0.00000   1.22415   -2.000
 9230.00    0.00000   1.22151   -2.000
 9231.00    0.00000   1.21965   -2.000
 9232.00    0.00000   1.21880   -2.000
 9233.00    0.00000   1.21908   -2.000
 9234.00    0.00000   1.22039   -2.000
 9235.00    0.00000   1.22243   -2.000
 9236.00    0.00000   1.22478   -2.000
 9237.00    0.00000   1.22698   -2.000
 9238.00    0.00000   1.22868   -2.000
 9239.00    0.00000   1.22968   -2.000
 9240.00    0.00000   1.23002   -2.000
 9241.00    0.00000   1.22988   -2.000
 9242.00    0.00000   1.22953   -2.000
 9243.00    0.00000   1.22918   -2.000
 9244.00    0.00000   1.22897   -2.000
 9245.00    0.00000   1.22897   -2.000
 9246.00    0.00000   1.22920   -2.000
 9247.00    0.00000   1.22970   -2.000
 9248.00    0.00000   1.23052   -2.000
 9249.00    0.00000   1.23171   -2.000
 9250.00    0.00000   1.23319   -2.000
 9251.00    0.00000   1.23475   -2.000
 9252.00    0.00000   1.23600   -2.000
 9253.00    0.00000   1.23654   -2.000
 9254.00    0.00000   1.23605   -2.000
 9255.00    0.00000   1.23445   -2.000
 9256.00    0.00000   1.23204   -2.000
 9257.00    0.00000   1.22937   -2.000
 9258.00    0.00000   1.22717   -2.000
 9259.00    0.00000   1.22613   -2.000
 9260.00    0.00000   1.22672   -2.000
 9261.00    0.00000   1.22909   -2.000
 9262.00    0.00000   1.23305   -2.000
 9263.00    0.00000   1.23821   -2.000
 9264.00    0.00000   1.24405   -2.000
 9265.00    0.00000   1.25011   -2.000
 9266.00    0.00000   1.25595   -2.000
 9267.00    0.00000   1.26124   -2.000
 9268.00    0.00000   1.26569   -2.000
 9269.00    0.00000   1.26909   -2.000
 9270.00    0.00000   1.27135   -2.000
 9271.00    0.00000   1.27248   -2.000
 9272.00    0.00000   1.27259   -2.000
 9273.00    0.00000   1.27182   -2.000
 9274.00    0.00000   1.27030   -2.000
 9275.00    0.00000   1.26810   -2.000
 9276.00    0.00000   1.26529   -2.000
 9277.00    0.00000   1.26196   -2.000
 9278.00    0.00000   1.25836   -2.000
 9279.00    0.00000   1.25485   -2.000
 9280.00    1.66178   1.25182    0.000
 9281.00    1.66764   1.24961    0.000
 9282.00    1.53880   1.24831    0.000
 9283.00    1.39587   1.24776    0.000
 9284.00    1.43363   1.24754    0.000
 9285.00    1.43177   1.24716    0.000
 9286.00    1.22416   1.24624    0.000
 9287.00    1.14773   1.24462    0.000
 9288.00    1.25231   1.24245    0.000
 9289.00    1.52325   1.24012    0.000
 9290.00    1.65837   1.23807    0.000
 9291.00    1.54344   1.23662    0.000
 9292.00    1.44558   1.23590    0.000
 9293.00    1.33898   1.23578    0.000
 9294.00    1.40116   1.23600    0.000
 9295.00    1.36276   1.23634    0.000
 9296.00    1.54161   1.23674    0.000
 9297.00    1.56696   1.23738    0.000
 9298.00    1.62420   1.23857    0.000
 9299.00    1.73562   1.24059    0.000
 9300.00    1.65542   1.24355    0.000
 9301.00    1.42160   1.24727    0.000
 9302.00    1.38921   1.25129    0.000
 9303.00    1.84932   1.25502    0.000
 9304.00    1.51697   1.25788    0.000
 9305.00    1.15029   1.25952    0.000
 9306.00    1.23903   1.25983    0.000
 9307.00    1.55928   1.25902    0.000
 9308.00    1.45000   1.25746    0.000
 9309.00    1.54027   1.25557    0.000
 9310.00    1.44067   1.25371    0.000
 9311.00    1.36756   1.25208    0.000
 9312.00    1.58235   1.25070    0.000
 9313.00    1.63782   1.24946    0.000
 9314.00    1.20475   1.24822    0.000
 9315.00    1.32278   1.24684    0.000
 9316.00    1.52672   1.24529    0.000
 9317.00    1.33278   1.24359    0.000
 9318.00    0.94234   1.24185    0.000
 9319.00    1.57388   1.24017    0.000
 9320.00    1.37897   1.23865    0.000
 9321.00    1.31708   1.23734    0.000
 9322.00    1.33706   1.23626    0.000
 9323.00    1.54938   1.23542    0.000
 9324.00    1.67919   1.23485    0.000
 9325.00    1.36275   1.23460    0.000
 9326.00    1.27534   1.23475    0.000
 9327.00    1.38526   1.23532    0.000
 9328.00    1.49715   1.23630    0.000
 9329.00    1.41393   1.23756    0.000
 9330.00    1.40817   1.23892    0.000
 9331.00    1.41754   1.24016    0.000
 9332.00    1.18057   1.24110    0.000
 9333.00    1.22122   1.24164    0.000
 9334.00    1.42996   1.24178    0.000
 9335.00    1.54224   1.24161    0.000
 9336.00    1.59263   1.24124    0.000
 9337.00    1.82913   1.24069    0.000
 9338.00    1.72971   1.23992    0.000
 9339.00    1.52597   1.23874    0.000
 9340.00    1.37177   1.23693    0.000
 9341.00    1.30154   1.23430    0.000
 9342.00    1.31052   1.23083    0.000
 9343.00    1.38991   1.22672    0.000
 9344.00    1.26279   1.22235    0.000
 9345.00    1.31742   1.21827    0.000
 9346.00    1.42173   1.21498    0.000
 9347.00    1.39357   1.21289    0.000
 9348.00    1.42662   1.21216    0.000
 9349.00    1.48992   1.21268    0.000
 9350.00    1.57799   1.21416    0.000
 9351.00    1.54946   1.21616    0.000
 9352.00    1.48894   1.21818    0.000
 9353.00    1.42019   1.21979    0.000
 9354.00    1.36367   1.22060    0.000
 9355.00    1.29617   1.22037    0.000
 9356.00    1.24764   1.21904    0.000
 9357.00    1.36091   1.21678    0.000
 9358.00    1.40738   1.21399    0.000
 9359.00    1.43320   1.21120    0.000
 9360.00    1.51278   1.20902    0.000
 9361.00    1.43199   1.20796    0.000
 9362.00    1.37227   1.20831    0.000
 9363.00    1.36980   1.21010    0.000
 9364.00    1.35453   1.21308    0.000
 9365.00    1.34571   1.21682    0.000
 9366.00    1.31952   1.22077    0.000
 9367.00    1.31207   1.22440    0.000
 9368.00    1.37442   1.22727    0.000
 9369.00    1.45325   1.22913    0.000
 9370.00    1.52130   1.22991    0.000
 9371.00    1.39287   1.22973    0.000
 9372.00    1.33954   1.22885    0.000
 9373.00    1.33821   1.22759    0.000
 9374.00    1.37883   1.22622    0.000
 9375.00    1.44767   1.22493    0.000
 9376.00    1.50148   1.22377    0.000
 9377.00    1.41445   1.22264    0.000
 9378.00    1.37190   1.22135    0.000
 9379.00    1.33361   1.21969    0.000
 9380.00    1.27844   1.21756    0.000
 9381.00    1.25787   1.21499    0.000
 9382.00    1.24714   1.21219    0.000
 9383.00    1.22898   1.20950    0.000
 9384.00    1.21265   1.20727    0.000
 9385.00    1.17927   1.20583    0.000
 9386.00    1.16034   1.20533    0.000
 9387.00    1.16273   1.20579    0.000
 9388.00    1.23339   1.20705    0.000
 9389.00    1.27038   1.20886    0.000
 9390.00    1.24610   1.21092    0.000
 9391.00    1.16578   1.21295    0.000
 9392.00    1.19163   1.21476    0.000
 9393.00    1.28698   1.21621    0.000
 9394.00    1.36236   1.21727    0.000
 9395.00    1.28149   1.21794    0.000
 9396.00    1.18593   1.21827    0.000
 9397.00    1.17566   1.21828    0.000
 9398.00    1.24683   1.21798    0.000
 9399.00    1.29009   1.21736    0.000
 9400.00    1.28437   1.21640    0.000
 9401.00    1.32463   1.21506    0.000
 9402.00    1.30924   1.21336    0.000
 9403.00    1.26748   1.21131    0.000
 9404.00    1.25044   1.20894    0.000
 9405.00    1.21886   1.20623    0.000
 9406.00    1.18955   1.20316    0.000
 9407.00    1.18196   1.19963    0.000
 9408.00    1.23111   1.19549    0.000
 9409.00    1.23054   1.19061    0.000
 9410.00    1.18839   1.18492    0.000
 9411.00    1.19646   1.17852    0.000
 9412.00    1.19764   1.17179    0.000
 9413.00    1.18033   1.16532    0.000
 9414.00    1.17380   1.15993    0.000
 9415.00    1.19971   1.15643    0.000
 9416.00    1.20208   1.15548    0.000
 9417.00    1.18792   1.15737    0.000
 9418.00    1.11396   1.16195    0.000
 9419.00    1.12246   1.16869    0.000
 9420.00    1.17700   1.17677    0.000
 9421.00    1.19412   1.18531    0.000
 9422.00    1.20763   1.19353    0.000
 9423.00    1.22878   1.20085    0.000
 9424.00    1.27302   1.20691    0.000
 9425.00    1.30679   1.21155    0.000
 9426.00    1.31648   1.21469    0.000
 9427.00    1.29412   1.21634    0.000
 9428.00    1.29538   1.21652    0.000
 9429.00    1.28789   1.21533    0.000
 9430.00    1.27146   1.21297    0.000
 9431.00    1.25978   1.20976    0.000
 9432.00    1.25080   1.20618    0.000
 9433.00    1.22155   1.20270    0.000
 9434.00    1.18819   1.19976    0.000
 9435.00    1.21653   1.19758    0.000
 9436.00    1.18386   1.19619    0.000
 9437.00    1.11476   1.19542    0.000
 9438.00    1.16637   1.19506    0.000
 9439.00    1.22373   1.19488    0.000
 9440.00    1.29073   1.19475    0.000
 9441.00    1.39293   1.19457    0.000
 9442.00    1.37267   1.19426    0.000
 9443.00    1.29591   1.19372    0.000
 9444.00    1.19691   1.19288    0.000
 9445.00    1.19874   1.19173    0.000
 9446.00    1.22329   1.19040    0.000
 9447.00    1.24207   1.18910    0.000
 9448.00    1.14468   1.18812    0.000
 9449.00    1.14712   1.18767    0.000
 9450.00    1.18749   1.18780    0.000
 9451.00    1.18563   1.18842    0.000
 9452.00    1.19502   1.18933    0.000
 9453.00    1.20866   1.19034    0.000
 9454.00    1.21685   1.19138    0.000
 9455.00    1.24201   1.19253    0.000
 9456.00    1.25547   1.19397    0.000
 9457.00    1.25026   1.19588    0.000
 9458.00    1.19901   1.19830    0.000
 9459.00    1.16064   1.20113    0.000
 9460.00    1.18813   1.20412    0.000
 9461.00    1.27622   1.20695    0.000
 9462.00    1.28056   1.20932    0.000
 9463.00    1.28851   1.21111    0.000
 9464.00    1.30658   1.21231    0.000
 9465.00    1.28622   1.21307    0.000
 9466.00    1.26923   1.21362    0.000
 9467.00    1.27665   1.21415    0.000
 9468.00    1.27677   1.21483    0.000
 9469.00    1.26538   1.21570    0.000
 9470.00    1.25236   1.21675    0.000
 9471.00    1.26853   1.21791    0.000
 9472.00    1.29560   1.21908    0.000
 9473.00    1.29361   1.22019    0.000
 9474.00    1.26568   1.22114    0.000
 9475.00    1.21895   1.22193    0.000
 9476.00    1.25493   1.22258    0.000
 9477.00    1.31111   1.22320    0.000
 9478.00    1.32881   1.22394    0.000
 9479.00    1.29156   1.22494    0.000
 9480.00    1.25846   1.22625    0.000
 9481.00    1.23832   1.22783    0.000
 9482.00    1.27567   1.22948    0.000
 9483.00    1.30028   1.23096    0.000
 9484.00    1.29705   1.23201    0.000
 9485.00    1.28762   1.23253    0.000
 9486.00    1.26382   1.23256    0.000
 9487.00    1.24472   1.23231    0.000
 9488.00    1.20393   1.23204    0.000
 9489.00    1.25051   1.23197    0.000
 9490.00    1.31282   1.23211    0.000
 9491.00    1.36632   1.23230    0.000
 9492.00    1.35307   1.23220    0.000
 9493.00    1.30814   1.23149    0.000
 9494.00    1.25901   1.22999    0.000
 9495.00    1.26826   1.22779    0.000
 9496.00    1.25138   1.22524    0.000
 9497.00    1.23063   1.22285    0.000
 9498.00    1.21081   1.22111    0.000
 9499.00    1.24687   1.22040    0.000
 9500.00    1.25593   1.22084    0.000
 9501.00    1.25747   1.22230    0.000
 9502.00    1.27428   1.22453    0.000
 9503.00    1.28184   1.22715    0.000
 9504.00    1.27287   1.22981    0.000
 9505.00    1.25606   1.23222    0.000
 9506.00    1.25390   1.23419    0.000
 9507.00    1.25892   1.23557    0.000
 9508.00    1.24575   1.23631    0.000
 9509.00    1.22272   1.23645    0.000
 9510.00    1.23877   1.23607    0.000
 9511.00    1.28627   1.23532    0.000
 9512.00    1.28603   1.23441    0.000
 9513.00    1.26387   1.23348    0.000
 9514.00    1.25586   1.23267    0.000
 9515.00    1.29344   1.23201    0.000
 9516.00    1.28441   1.23149    0.000
 9517.00    1.26198   1.23109    0.000
 9518.00    1.24973   1.23084    0.000
 9519.00    1.29560   1.23078    0.000
 9520.00    1.32724   1.23103    0.000
 9521.00    1.34166   1.23162    0.000
 9522.00    1.33440   1.23247    0.000
 9523.00    1.36171   1.23337    0.000
 9524.00    1.40280   1.23400    0.000
 9525.00    1.45159   1.23409    0.000
 9526.00    1.48522   1.23349    0.000
 9527.00    1.53500   1.23232    0.000
 9528.00    1.60515   1.23090    0.000
 9529.00    1.67108   1.22962    0.000
 9530.00    1.72909   1.22887    0.000
 9531.00    1.77699   1.22883    0.000
 9532.00    1.81984   1.22944    0.000
 9533.00    1.87000   1.23046    0.000
 9534.00    1.89754   1.23153    0.000
 9535.00    1.88386   1.23235    0.000
 9536.00    1.83237   1.23275    0.000
 9537.00    1.75445   1.23265    0.000
 9538.00    1.65848   1.23204    0.000
 9539.00    1.55884   1.23087    0.000
 9540.00    1.47115   1.22893    0.000
 9541.00    1.38501   1.22595    0.000
 9542.00    1.30574   1.22166    0.000
 9543.00    1.28123   1.21598    0.000
 9544.00    1.27975   1.20911    0.000
 9545.00    1.29560   1.20166    0.000
 9546.00    1.29063   1.19451    0.000
 9547.00    1.28768   1.18866    0.000
 9548.00    1.27301   1.18492    0.000
 9549.00    1.23156   1.18372    0.000
 9550.00    1.22428   1.18504    0.000
 9551.00    1.22637   1.18843    0.000
 9552.00    1.22663   1.19318    0.000
 9553.00    1.22723   1.19859    0.000
 9554.00    1.22369   1.20411    0.000
 9555.00    1.21130   1.20939    0.000
 9556.00    1.22835   1.21431    0.000
 9557.00    1.24805   1.21885    0.000
 9558.00    1.25831   1.22300    0.000
 9559.00    1.22170   1.22669    0.000
 9560.00    1.21085   1.22976    0.000
 9561.00    1.21068   1.23205    0.000
 9562.00    1.21896   1.23340    0.000
 9563.00    1.21802   1.23376    0.000
 9564.00    1.22588   1.23316    0.000
 9565.00    1.24012   1.23172    0.000
 9566.00    1.24803   1.22959    0.000
 9567.00    1.23988   1.22697    0.000
 9568.00    1.22570   1.22403    0.000
 9569.00    1.23185   1.22103    0.000
 9570.00    1.24510   1.21819    0.000
 9571.00    1.24286   1.21579    0.000
 9572.00    1.22019   1.21407    0.000
 9573.00    1.18235   1.21319    0.000
 9574.00    1.17989   1.21317    0.000
 9575.00    1.19998   1.21388    0.000
 9576.00    1.21575   1.21509    0.000
 9577.00    1.21521   1.21651    0.000
 9578.00    1.21180   1.21786    0.000
 9579.00    1.19735   1.21898    0.000
 9580.00    1.18661   1.21980    0.000
 9581.00    1.18810   1.22037    0.000
 9582.00    1.21272   1.22081    0.000
 9583.00    1.21731   1.22123   26.255
 9584.00    1.21837   1.22173   25.090
 9585.00    1.20549   1.22235   25.194
 9586.00    1.18413   1.22315   27.112
 9587.00    1.20775   1.22415   28.687
 9588.00    1.24196   1.22542   29.578
 9589.00    1.24930   1.22699   29.686
 9590.00    1.22672   1.22883   27.773
 9591.00    1.21405   1.23081   24.656
 9592.00    1.21615   1.23266   21.144
 9593.00    1.24001   1.23399   22.212
 9594.00    1.22891   1.23440   25.145
 9595.00    1.19868   1.23355   29.302
 9596.00    1.20580   1.23126   30.292
 9597.00    1.22935   1.22765   30.746
 9598.00    1.23660   1.22309   30.730
 9599.00    1.21360   1.21820   29.997
 9600.00    1.20200   1.21370   29.360
 9601.00    1.20451   1.21029   29.180
 9602.00    1.21496   1.20844   29.729
 9603.00    1.22154   1.20831   31.102
 9604.00    1.21127   1.20982   31.576
 9605.00    1.19925   1.21264   31.482
 9606.00    1.18894   1.21637   30.867
 9607.00    1.19779   1.22062   29.000
 9608.00    1.22083   1.22509   27.081
 9609.00    1.24191   1.22957   25.677
 9610.00    1.19754   1.23390   26.053
 9611.00    1.18477   1.23788   27.917
 9612.00    1.20095   1.24128   31.060
 9613.00    1.22469   1.24387   32.626
 9614.00    1.24856   1.24542   32.202
 9615.00    1.25138   1.24578   30.681
 9616.00    1.21921   1.24496   29.054
 9617.00    1.22597   1.24308   28.450
 9618.00    1.23004   1.24040   29.096
 9619.00    1.22368   1.23720   30.925
 9620.00    1.19384   1.23377   31.510
 9621.00    1.20183   1.23034   32.309
 9622.00    1.22896   1.22709   32.710
 9623.00    1.23702   1.22420   32.180
 9624.00    1.23879   1.22183   31.690
 9625.00    1.24048   1.22018   31.308
 9626.00    1.20749   1.21942   31.636
 9627.00    1.20699   1.21963   32.422
 9628.00    1.20757   1.22073   32.913
 9629.00    1.20511   1.22238   33.028
 9630.00    1.21394   1.22402   33.530
 9631.00    1.22976   1.22495   33.352
 9632.00    1.23778   1.22449   32.799
 9633.00    1.23254   1.22216   32.420
 9634.00    1.22174   1.21784   32.218
 9635.00    1.19741   1.21185   32.885
 9636.00    1.16833   1.20493   34.442
 9637.00    1.18031   1.19807   35.561
 9638.00    1.17894   1.19229   35.734
 9639.00    1.17120   1.18844   34.945
 9640.00    1.18773   1.18695   33.935
 9641.00    1.19385   1.18772   33.287
 9642.00    1.18796   1.19025   33.386
 9643.00    1.19005   1.19367   34.520
 9644.00    1.19682   1.19710   35.408
 9645.00    1.19782   1.19982   35.834
 9646.00    1.18839   1.20146   35.814
 9647.00    1.17323   1.20203   35.475
 9648.00    1.16396   1.20185   34.551
 9649.00    1.17764   1.20137   33.203
 9650.00    1.21664   1.20100   33.345
 9651.00    1.20730   1.20094   34.431
 9652.00    1.18047   1.20121   35.676
 9653.00    1.18352   1.20160   36.195
 9654.00    1.17664   1.20187   35.916
 9655.00    1.17941   1.20179   35.529
 9656.00    1.18630   1.20124   35.199
 9657.00    1.12438   1.20021   -1.000
 9658.00    1.10048   1.19884   -1.000
 9659.00    1.12539   1.19732   32.714
 9660.00    1.16998   1.19585   29.192
 9661.00    1.19834   1.19468   23.863
 9662.00    1.19694   1.19398   20.409
 9663.00    1.16499   1.19390   19.833
 9664.00    1.16884   1.19448   23.108
 9665.00    1.17877   1.19567   27.869
 9666.00    1.18195   1.19731   32.916
 9667.00    1.09711   1.19914   -1.000
 9668.00    1.10503   1.20080   -1.000
 9669.00    1.17069   1.20194   33.300
 9670.00    1.21927   1.20221   29.738
 9671.00    1.20341   1.20137   28.129
 9672.00    1.19196   1.19938   28.086
 9673.00    1.19954   1.19642   30.553
 9674.00    1.14576   1.19293   33.510
 9675.00    1.11306   1.18957   -1.000
 9676.00    1.11364   1.18711   -1.000
 9677.00    1.16338   1.18626   37.180
 9678.00    1.17481   1.18745   37.275
 9679.00    1.16577   1.19077   36.889
 9680.00    1.16060   1.19585   36.108
 9681.00    1.16370   1.20196   34.511
 9682.00    1.17468   1.20815   32.868
 9683.00    1.19667   1.21344   31.953
 9684.00    1.20066   1.21702   33.837
 9685.00    1.19718   1.21839   35.947
 9686.00    1.17478   1.21744   37.873
 9687.00    1.12687   1.21445   -1.000
 9688.00    1.15763   1.21005   36.359
 9689.00    1.19531   1.20509   34.886
 9690.00    1.20188   1.20049   34.980
 9691.00    1.18657   1.19704   35.916
 9692.00    1.17901   1.19529   37.199
 9693.00    1.18596   1.19545   38.485
 9694.00    1.19475   1.19735   38.941
 9695.00    1.19100   1.20053   38.749
 9696.00    1.18252   1.20436   37.822
 9697.00    1.18814   1.20814   35.918
 9698.00    1.20590   1.21121   34.993
 9699.00    1.21136   1.21308   35.119
 9700.00    1.18318   1.21342   36.382
 9701.00    1.17082   1.21214   38.146
 9702.00    1.17059   1.20939   39.072
 9703.00    1.18866   1.20555   38.947
 9704.00    1.18281   1.20125   38.075
 9705.00    1.18347   1.19724   37.139
 9706.00    1.18753   1.19433   36.417
 9707.00    1.17976   1.19318   36.869
 9708.00    1.17237   1.19417   38.134
 9709.00    1.17258   1.19731   39.376
 9710.00    1.19086   1.20219   40.025
 9711.00    1.18922   1.20807   39.824
 9712.00    1.18659   1.21406   39.159
 9713.00    1.19973   1.21926   38.045
 9714.00    1.20268   1.22305   37.214
 9715.00    1.19421   1.22508   36.869
 9716.00    1.18973   1.22539   36.789
 9717.00    1.20545   1.22428   35.570
 9718.00    1.23940   1.22226   32.882
 9719.00    1.25733   1.21983   31.103
 9720.00    1.24968   1.21741   30.836
 9721.00    1.24366   1.21523   33.119
 9722.00    1.23834   1.21329   35.310
 9723.00    1.23462   1.21144   37.227
 9724.00    1.21964   1.20941   38.105
 9725.00    1.21136   1.20697   39.159
 9726.00    1.20835   1.20400   39.995
 9727.00    1.22101   1.20059   40.360
 9728.00    1.18742   1.19700   40.059
 9729.00    1.16733   1.19361   39.290
 9730.00    1.17011   1.19079   38.109
 9731.00    1.15076   1.18878   38.352
 9732.00    1.15603   1.18760   39.007
 9733.00    1.17360   1.18705   39.896
 9734.00    1.18101   1.18681   40.798
 9735.00    1.17410   1.18650   40.977
 9736.00    1.16655   1.18586   40.773
 9737.00    1.16901   1.18479   40.201
 9738.00    1.16119   1.18334   38.774
 9739.00    1.14293   1.18169   36.662
 9740.00    1.11883   1.18000   33.623
 9741.00    1.13311   1.17845   26.950
 9742.00    1.14860   1.17713   24.349
 9743.00    1.16785   1.17615   23.947
 9744.00    1.17779   1.17565   27.104
 9745.00    1.16306   1.17582   32.510
 9746.00    1.15709   1.17687   37.779
 9747.00    1.17110   1.17896   38.845
 9748.00    1.16770   1.18212   39.108
 9749.00    1.16623   1.18618   40.130
 9750.00    1.17292   1.19084   41.563
 9751.00    1.18628   1.19566   42.020
 9752.00    1.18931   1.20019   41.390
 9753.00    1.18345   1.20409   40.301
 9754.00    1.14745   1.20717   39.162
 9755.00    1.17722   1.20939   38.337
 9756.00    1.19459   1.21085   38.269
 9757.00    1.17302   1.21164   38.885
 9758.00    1.18802   1.21185   40.437
 9759.00    1.19725   1.21152   41.596
 9760.00    1.20850   1.21064   42.023
 9761.00    1.19689   1.20924   41.176
 9762.00    1.19205   1.20743   38.288
 9763.00    1.18711   1.20535   34.327
 9764.00    1.17336   1.20320   30.030
 9765.00    1.18784   1.20115   30.085
 9766.00    1.18783   1.19931   32.644
 9767.00    1.16224   1.19773   38.043
 9768.00    1.15390   1.19639   40.825
 9769.00    1.15959   1.19534   41.466
 9770.00    1.16984   1.19472   40.557
 9771.00    1.16497   1.19475   39.871
 9772.00    1.15134   1.19566   39.958
 9773.00    1.15113   1.19762   40.740
 9774.00    1.17116   1.20051   41.930
 9775.00    1.18856   1.20398   42.679
 9776.00    1.18875   1.20735   42.896
 9777.00    1.17990   1.20987   42.471
 9778.00    1.18341   1.21076   41.339
 9779.00    1.17810   1.20950   40.655
 9780.00    1.16880   1.20590   40.379
 9781.00    1.17215   1.20015   39.996
 9782.00    1.14940   1.19283   34.108
 9783.00    1.11934   1.18479   28.693
 9784.00    1.09852   1.17700   24.791
 9785.00    1.10793   1.17042   24.892
 9786.00    1.12025   1.16584   27.707
 9787.00    1.13794   1.16381   34.459
 9788.00    1.13700   1.16452   38.918
 9789.00    1.14134   1.16787   40.740
 9790.00    1.14726   1.17343   39.370
 9791.00    1.16768   1.18057   34.757
 9792.00    1.17909   1.18849   34.637
 9793.00    1.19472   1.19638   36.737
 9794.00    1.21418   1.20350   41.252
 9795.00    1.21494   1.20927   41.099
 9796.00    1.20504   1.21337   41.049
 9797.00    1.19384   1.21573   41.663
 9798.00    1.20065   1.21654   42.649
 9799.00    1.20202   1.21616   43.391
 9800.00    1.21037   1.21507   43.543
 9801.00    1.22792   1.21373   42.899
 9802.00    1.22377   1.21255   42.024
 9803.00    1.22051   1.21176   41.117
 9804.00    1.21859   1.21143   40.516
 9805.00    1.19997   1.21147   41.065
 9806.00    1.18792   1.21171   42.276
 9807.00    1.18564   1.21194   43.476
 9808.00    1.18426   1.21199   43.475
 9809.00    1.20001   1.21176   38.861
 9810.00    1.21515   1.21124   33.726
 9811.00    1.22533   1.21047   29.358
 9812.00    1.22684   1.20956   28.889
 9813.00    1.22052   1.20861   28.406
 9814.00    1.20798   1.20775   27.387
 9815.00    1.21970   1.20709   25.860
 9816.00    1.22577   1.20674   25.969
 9817.00    1.22878   1.20675   27.277
 9818.00    1.22240   1.20710   30.241
 9819.00    1.23136   1.20768   33.877
 9820.00    1.23670   1.20832   37.594
 9821.00    1.23443   1.20879   40.408
 9822.00    1.22693   1.20891   41.616
 9823.00    1.21991   1.20853   39.407
 9824.00    1.21692   1.20763   34.864
 9825.00    1.23248   1.20628   29.869
 9826.00    1.24645   1.20460   27.986
 9827.00    1.24997   1.20274   28.192
 9828.00    1.22840   1.20080   31.858
 9829.00    1.20995   1.19886   31.513
 9830.00    1.19349   1.19694   29.833
 9831.00    1.18477   1.19510   28.161
 9832.00    1.20252   1.19346   30.692
 9833.00    1.20171   1.19221   35.007
 9834.00    1.18862   1.19159   40.948
 9835.00    1.18531   1.19185   43.114
 9836.00    1.18213   1.19311   43.294
 9837.00    1.18593   1.19534   42.973
 9838.00    1.20509   1.19832   42.878
 9839.00    1.20853   1.20172   41.515
 9840.00    1.21657   1.20513   39.570
 9841.00    1.22471   1.20822   37.496
 9842.00    1.22266   1.21076   37.441
 9843.00    1.21517   1.21263   38.279
 9844.00    1.20973   1.21384   39.602
 9845.00    1.22452   1.21448   40.700
 9846.00    1.22280   1.21466   41.534
 9847.00    1.22448   1.21447   42.224
 9848.00    1.24055   1.21403   42.687
 9849.00    1.27254   1.21344   43.296
 9850.00    1.28665   1.21281   43.614
 9851.00    1.28103   1.21226   43.468
 9852.00    1.27222   1.21189   42.571
 9853.00    1.27056   1.21175   42.213
 9854.00    1.26745   1.21184   42.682
 9855.00    1.24148   1.21207   44.019
 9856.00    1.23504   1.21230   45.159
 9857.00    1.23297   1.21237   45.775
 9858.00    1.22899   1.21214   45.614
 9859.00    1.23065   1.21154   43.936
 9860.00    1.21730   1.21060   43.085
 9861.00    1.20351   1.20942   43.233
 9862.00    1.21359   1.20823   44.073
 9863.00    1.21687   1.20724   45.020
 9864.00    1.21611   1.20663   45.680
 9865.00    1.22484   1.20653   45.771
 9866.00    1.21270   1.20691   43.435
 9867.00    1.20439   1.20765   39.655
 9868.00    1.20258   1.20854   35.300
 9869.00    1.18965   1.20936   36.283
 9870.00    1.19307   1.20996   38.641
 9871.00    1.20173   1.21027   41.909
 9872.00    1.20284   1.21035   44.586
 9873.00    1.20688   1.21036   45.629
 9874.00    1.20843   1.21048   45.764
 9875.00    1.20570   1.21089   45.339
 9876.00    1.20951   1.21162   43.630
 9877.00    1.20345   1.21263   41.731
 9878.00    1.19848   1.21372   39.417
 9879.00    1.21423   1.21469   31.918
 9880.00    1.23493   1.21533   26.083
 9881.00    1.25304   1.21550   22.538
 9882.00    1.21422   1.21517   22.359
 9883.00    1.21598   1.21437   25.799
 9884.00    1.22746   1.21317   31.805
 9885.00    1.22078   1.21161   39.787
 9886.00    1.20057   1.20976   42.276
 9887.00    1.18879   1.20769   43.728
 9888.00    1.18752   1.20552   44.514
 9889.00    1.19921   1.20344   44.247
 9890.00    1.20809   1.20172   43.542
 9891.00    1.21040   1.20058   41.596
 9892.00    1.19953   1.20019   37.246
 9893.00    1.20646   1.20055   32.774
 9894.00    1.20416   1.20144   31.395
 9895.00    1.17639   1.20253   33.986
 9896.00    1.18464   1.20341   40.188
 9897.00    1.19631   1.20374   44.885
 9898.00    1.20929   1.20335   46.472
 9899.00    1.18988   1.20227   45.973
 9900.00    1.19416   1.20070   44.840
 9901.00    1.20627   1.19899   43.858
 9902.00    1.20457   1.19745   43.913
 9903.00    1.19160   1.19636   44.802
 9904.00    1.18631   1.19584   45.557
 9905.00    1.19643   1.19587   45.987
 9906.00    1.18252   1.19634   46.354
 9907.00    1.18399   1.19704   45.943
 9908.00    1.19302   1.19775   44.866
 9909.00    1.19471   1.19827   43.106
 9910.00    1.21412   1.19845   40.157
 9911.00    1.22332   1.19824   38.379
 9912.00    1.23039   1.19770   38.640
 9913.00    1.21892   1.19699   41.393
 9914.00    1.19785   1.19634   44.023
 9915.00    1.18053   1.19598   45.714
 9916.00    1.16592   1.19608   44.151
 9917.00    1.19911   1.19670   43.411
 9918.00    1.22774   1.19769   43.366
 9919.00    1.20113   1.19881   43.579
 9920.00    1.20100   1.19971   44.634
 9921.00    1.20036   1.20007   45.711
 9922.00    1.18626   1.19970   46.641
 9923.00    1.17791   1.19854   46.183
 9924.00    1.18605   1.19673   45.152
 9925.00    1.19536   1.19455   43.333
 9926.00    1.18242   1.19235   40.347
 9927.00    1.16443   1.19047   37.224
 9928.00    1.15955   1.18920   35.254
 9929.00    1.17217   1.18871   35.920
 9930.00    1.17934   1.18910   38.887
 9931.00    1.18967   1.19037   42.141
 9932.00    1.20149   1.19246   44.472
 9933.00    1.20893   1.19524   42.982
 9934.00    1.21099   1.19851   41.666
 9935.00    1.20833   1.20202   41.006
 9936.00    1.20753   1.20545   41.749
 9937.00    1.22018   1.20847   40.688
 9938.00    1.22102   1.21079   40.064
 9939.00    1.19816   1.21218   40.780
 9940.00    1.20477   1.21256   41.785
 9941.00    1.21066   1.21196   42.947
 9942.00    1.20681   1.21055   44.060
 9943.00    1.19123   1.20861   44.654
 9944.00    1.18327   1.20645   45.648
 9945.00    1.17941   1.20437   46.590
 9946.00    1.17285   1.20263   46.869
 9947.00    1.16915   1.20139   43.433
 9948.00    1.16602   1.20074   37.193
 9949.00    1.16458   1.20070   29.653
 9950.00    1.15786   1.20122   27.327
 9951.00    1.16045   1.20220   28.912
 9952.00    1.16360   1.20355   35.312
 9953.00    1.16994   1.20511   42.302
 9954.00    1.18751   1.20675   46.262
 9955.00    1.20770   1.20837   47.177
 9956.00    1.21433   1.20989   46.501
 9957.00    1.20880   1.21129   45.487
 9958.00    1.20566   1.21258   44.779
 9959.00    1.20427   1.21378   44.951
 9960.00    1.21699   1.21492   45.948
 9961.00    1.22008   1.21600   46.847
 9962.00    1.21152   1.21700   47.391
 9963.00    1.19702   1.21791   47.249
 9964.00    1.20037   1.21869   46.435
 9965.00    1.20864   1.21933   45.503
 9966.00    1.20987   1.21982   44.946
 9967.00    1.19626   1.22016   44.970
 9968.00    1.19443   1.22036   43.575
 9969.00    1.20649   1.22040   40.113
 9970.00    1.21149   1.22029   36.444
 9971.00    1.20877   1.22001   35.263
 9972.00    1.20458   1.21957   36.082
 9973.00    1.21564   1.21897   39.714
 9974.00    1.22440   1.21828   43.026
 9975.00    1.22659   1.21756   45.467
 9976.00    1.21934   1.21689   45.928
 9977.00    1.22171   1.21636   46.854
 9978.00    1.22742   1.21600   47.571
 9979.00    1.23406   1.21582   48.037
 9980.00    1.23067   1.21580   47.791
 9981.00    1.22850   1.21587   46.990
 9982.00    1.22487   1.21594   46.028
 9983.00    1.21947   1.21596   45.699
 9984.00    1.22098   1.21590   46.195
 9985.00    1.22470   1.21577   46.869
 9986.00    1.22668   1.21560   47.408
 9987.00    1.22169   1.21544   46.751
 9988.00    1.21002   1.21530   42.388
 9989.00    1.19914   1.21515   35.660
 9990.00    1.20156   1.21490   27.997
 9991.00    1.21819   1.21443   25.883
 9992.00    1.22904   1.21363   27.050
 9993.00    1.23688   1.21243   33.760
 9994.00    1.23393   1.21081   41.425
 9995.00    1.22399   1.20888   47.537
 9996.00    1.20535   1.20678   48.027
 9997.00    1.21057   1.20472   47.235
 9998.00    1.21799   1.20290   46.059
 9999.00    1.22551   1.20147   44.831
10000.00    1.19447   1.20055   44.965
10001.00    1.18480   1.20016   46.064
10002.00    1.18390   1.20032   47.168
10003.00    1.19227   1.20094   47.779
10004.00    1.18222   1.20194   42.590
10005.00    1.17528   1.20318   38.964
10006.00    1.18098   1.20450   37.742
10007.00    1.18348   1.20578   42.758
10008.00    1.19055   1.20692   45.757
10009.00    1.19728   1.20794   46.228
10010.00    1.20056   1.20890   45.900
10011.00    1.19231   1.20994   46.014
10012.00    1.19143   1.21121   46.114
10013.00    1.20719   1.21282   45.957
10014.00    1.20430   1.21479   44.757
10015.00    1.19852   1.21704   43.778
10016.00    1.18410   1.21940   43.356
10017.00    1.17692   1.22168   42.144
10018.00    1.18860   1.22366   39.173
10019.00    1.20501   1.22522   36.215
10020.00    1.21048   1.22629   35.349
10021.00    1.19656   1.22688   36.972
10022.00    1.18737   1.22707   39.136
10023.00    1.17450   1.22694   40.303
10024.00    1.16639   1.22655   40.012
10025.00    1.16074   1.22589   40.821
10026.00    1.15736   1.22493   -1.000
10027.00    1.16255   1.22359   45.803
10028.00    1.16403   1.22176   47.399
10029.00    1.16752   1.21938   47.188
10030.00    1.17541   1.21642   44.495
10031.00    1.16358   1.21293   43.542
10032.00    1.15631   1.20904   43.909
10033.00    1.14556   1.20498   45.726
10034.00    1.13836   1.20101   -1.000
10035.00    1.14078   1.19748   44.159
10036.00    1.15085   1.19469   38.425
10037.00    1.15002   1.19290   28.969
10038.00    1.15574   1.19224   25.330
10039.00    1.16027   1.19270   25.096
10040.00    1.16831   1.19410   30.737
10041.00    1.15685   1.19606   40.067
10042.00    1.15193   1.19813   48.501
10043.00    1.15014   1.19979   50.097
10044.00    1.15433   1.20060   50.023
10045.00    1.15685   1.20026   47.433
10046.00    1.15975   1.19869   43.552
10047.00    1.16734   1.19605   39.901
10048.00    1.17412   1.19269   40.273
10049.00    1.18023   1.18906   42.846
10050.00    1.17616   1.18561   47.240
10051.00    1.16197   1.18268   48.557
10052.00    1.15470   1.18043   48.712
10053.00    1.15691   1.17885   47.068
10054.00    1.16736   1.17776   37.944
10055.00    1.16735   1.17696   31.443
10056.00    1.16763   1.17629   28.228
10057.00    1.18628   1.17569   31.088
10058.00    1.17051   1.17522   38.557
10059.00    1.15607   1.17500   46.991
10060.00    1.15499   1.17521   49.469
10061.00    1.16230   1.17594   49.076
10062.00    1.15798   1.17722   48.755
10063.00    1.14681   1.17900   48.611
10064.00    1.16054   1.18120   48.190
10065.00    1.17404   1.18374   48.252
10066.00    1.18345   1.18659   47.628
10067.00    1.16793   1.18977   44.461
10068.00    1.14263   1.19329   39.801
10069.00    1.14503   1.19715   37.405
10070.00    1.17609   1.20125   37.655
10071.00    1.16654   1.20546   42.322
10072.00    1.16045   1.20955   43.910
10073.00    1.15572   1.21328   41.941
10074.00    1.15783   1.21640   37.701
10075.00    1.18391   1.21876   31.779
10076.00    1.21175   1.22025   27.842
10077.00    1.19368   1.22088   26.741
10078.00    1.13966   1.22074   29.659
10079.00    1.12811   1.22003   -1.000
10080.00    1.15834   1.21894   44.600
10081.00    1.17255   1.21771   47.479
10082.00    1.18315   1.21654   49.163
10083.00    1.18804   1.21559   50.045
10084.00    1.17651   1.21494   50.461
10085.00    1.18474   1.21464   49.827
10086.00    1.19157   1.21472   49.155
10087.00    1.19272   1.21518   48.650
10088.00    1.18553   1.21601   47.216
10089.00    1.18901   1.21719   42.476
10090.00    1.20415   1.21871   36.288
10091.00    1.20143   1.22055   33.577
10092.00    1.19226   1.22267   34.267
10093.00    1.19047   1.22504   37.086
10094.00    1.20454   1.22761   41.112
10095.00    1.19769   1.23034   38.794
10096.00    1.20452   1.23312   36.461
10097.00    1.22733   1.23585   36.265
10098.00    1.22685   1.23835   41.012
10099.00    1.22648   1.24046   45.714
10100.00    1.22377   1.24200   49.294
10101.00    1.21648   1.24285   50.475
10102.00    1.22027   1.24298   50.252
10103.00    1.22762   1.24244   49.477
10104.00    1.23271   1.24136   48.704
10105.00    1.22352   1.23993   48.536
10106.00    1.21311   1.23834   49.103
10107.00    1.21143   1.23672   50.192
10108.00    1.21178   1.23512   50.433
10109.00    1.21377   1.23351   50.575
10110.00    1.21009   1.23184   50.626
10111.00    1.20397   1.23006   50.246
10112.00    1.20576   1.22820   49.528
10113.00    1.21232   1.22639   49.034
10114.00    1.21928   1.22480   49.231
10115.00    1.21205   1.22361   50.112
10116.00    1.20682   1.22297   50.720
10117.00    1.20269   1.22294   51.019
10118.00    1.22205   1.22346   50.603
10119.00    1.23120   1.22439   49.946
10120.00    1.22672   1.22557   49.254
10121.00    1.20419   1.22683   48.978
10122.00    1.19675   1.22807   49.388
10123.00    1.20447   1.22927   49.986
10124.00    1.22954   1.23043   50.329
10125.00    1.22326   1.23160   50.732
10126.00    1.21687   1.23280   50.695
10127.00    1.21267   1.23401   50.258
10128.00    1.20972   1.23518   49.194
10129.00    1.21283   1.23620   48.552
10130.00    1.21834   1.23697   48.455
10131.00    1.22028   1.23739   48.935
10132.00    1.21570   1.23739   49.522
10133.00    1.20429   1.23697   49.593
10134.00    1.18834   1.23618   48.604
10135.00    1.20020   1.23511   45.136
10136.00    1.20134   1.23385   42.991
10137.00    1.19501   1.23248   42.486
10138.00    1.19584   1.23100   45.439
10139.00    1.19416   1.22936   48.044
10140.00    1.19059   1.22747   49.927
10141.00    1.17787   1.22525   50.496
10142.00    1.17902   1.22268   50.587
10143.00    1.17017   1.21984   50.421
10144.00    1.14574   1.21693   -1.000
10145.00    1.16096   1.21424   -1.000
10146.00    1.17241   1.21209   48.819
10147.00    1.18524   1.21074   46.883
10148.00    1.18771   1.21030   40.816
10149.00    1.18531   1.21073   30.604
10150.00    1.19007   1.21182   23.316
10151.00    1.21780   1.21327   18.624
10152.00    1.22447   1.21474   19.097
10153.00    1.20516   1.21601   22.513
10154.00    1.16157   1.21698   31.773
10155.00    1.15755   1.21767   42.052
10156.00    1.17143   1.21825   46.971
10157.00    1.18957   1.21891   45.801
10158.00    1.20240   1.21979   42.547
10159.00    1.18533   1.22097   36.217
10160.00    1.18257   1.22240   31.324
10161.00    1.20518   1.22395   28.432
10162.00    1.21892   1.22545   32.334
10163.00    1.21829   1.22671   38.808
10164.00    1.21450   1.22758   47.519
10165.00    1.21675   1.22797   49.850
10166.00    1.20288   1.22787   50.501
10167.00    1.18604   1.22735   50.204
10168.00    1.19508   1.22652   49.514
10169.00    1.18598   1.22556   48.748
10170.00    1.17302   1.22466   48.384
10171.00    1.16036   1.22403   -1.000
10172.00    1.16489   1.22384   45.629
10173.00    1.15765   1.22418   -1.000
10174.00    1.14550   1.22505   -1.000
10175.00    1.14360   1.22634   -1.000
10176.00    1.15472   1.22787   -1.000
10177.00    1.16756   1.22939   -1.000
10178.00    1.17685   1.23071   49.992
10179.00    1.18088   1.23165   50.822
10180.00    1.18388   1.23213   51.547
10181.00    1.18366   1.23218   52.378
10182.00    1.18657   1.23183   52.505
10183.00    1.18714   1.23120   52.298
10184.00    1.18796   1.23035   51.835
10185.00    1.18788   1.22934   51.052
10186.00    1.18164   1.22818   50.338
10187.00    1.18235   1.22684   50.067
10188.00    1.19730   1.22529   50.378
10189.00    1.19658   1.22350   50.383
10190.00    1.19214   1.22144   49.742
10191.00    1.18063   1.21911   48.649
10192.00    1.17132   1.21659   48.095
10193.00    1.16202   1.21397   48.408
10194.00    1.15439   1.21143   -1.000
10195.00    1.16048   1.20920   49.243
10196.00    1.16607   1.20751   51.139
10197.00    1.17222   1.20659   52.334
10198.00    1.18186   1.20658   52.515
10199.00    1.18592   1.20754   52.542
10200.00    1.17960   1.20942   52.221
10201.00    1.16667   1.21204   51.473
10202.00    1.16207   1.21514   49.798
10203.00    1.17139   1.21846   47.580
10204.00    1.18186   1.22172   46.241
10205.00    1.18914   1.22469   47.020
10206.00    1.18463   1.22721   49.371
10207.00    1.18810   1.22917   50.027
10208.00    1.19639   1.23047   47.530
10209.00    1.22862   1.23106   43.616
10210.00    1.23104   1.23087   37.645
10211.00    1.21828   1.22984   32.668
10212.00    1.20462   1.22797   33.400
10213.00    1.19172   1.22533   38.339
10214.00    1.18545   1.22206   45.312
10215.00    1.19227   1.21845   49.887
10216.00    1.19797   1.21485   48.339
10217.00    1.19230   1.21169   46.103
10218.00    1.17592   1.20937   44.108
10219.00    1.18720   1.20816   45.453
10220.00    1.18738   1.20819   48.020
10221.00    1.18062   1.20940   50.993
10222.00    1.18784   1.21150   52.207
10223.00    1.19299   1.21411   52.452
10224.00    1.19264   1.21679   52.246
10225.00    1.18429   1.21917   51.744
10226.00    1.21222   1.22097   50.911
10227.00    1.21856   1.22211   50.710
10228.00    1.20558   1.22261   51.139
10229.00    1.20394   1.22260   51.723
10230.00    1.19889   1.22224   51.997
10231.00    1.19519   1.22172   52.079
10232.00    1.19492   1.22122   51.988
10233.00    1.21019   1.22088   48.697
10234.00    1.20804   1.22083   39.630
10235.00    1.18544   1.22116   28.919
10236.00    1.19439   1.22191   23.042
10237.00    1.21056   1.22305   22.267
10238.00    1.22455   1.22448   25.193
10239.00    1.21401   1.22602   36.748
10240.00    1.21107   1.22750   46.306
10241.00    1.20949   1.22874   51.101
10242.00    1.21072   1.22961   51.358
10243.00    1.21837   1.23006   51.003
10244.00    1.21204   1.23009   51.283
10245.00    1.19655   1.22976   52.110
10246.00    1.19889   1.22911   52.550
10247.00    1.20595   1.22822   52.606
10248.00    1.21371   1.22713   52.457
10249.00    1.21671   1.22585   52.069
10250.00    1.21456   1.22444   51.330
10251.00    1.21175   1.22295   50.905
10252.00    1.20687   1.22142   51.352
10253.00    1.20095   1.21994   51.713
10254.00    1.20718   1.21856   51.804
10255.00    1.21403   1.21729   51.845
10256.00    1.21571   1.21614   51.744
10257.00    1.21107   1.21508   48.005
10258.00    1.20662   1.21406   41.398
10259.00    1.18782   1.21305   32.650
10260.00    1.18693   1.21203   31.217
10261.00    1.19392   1.21103   33.394
10262.00    1.18829   1.21008   41.053
10263.00    1.20338   1.20926   47.818
10264.00    1.20645   1.20864   51.940
10265.00    1.19872   1.20826   52.510
10266.00    1.20849   1.20814   51.742
10267.00    1.20474   1.20827   51.296
10268.00    1.20083   1.20862   51.239
10269.00    1.20710   1.20911   51.578
10270.00    1.20169   1.20967   51.862
10271.00    1.20156   1.21026   51.818
10272.00    1.20230   1.21082   51.473
10273.00    1.21021   1.21138   51.496
10274.00    1.20509   1.21198   51.151
10275.00    1.19037   1.21267   50.505
10276.00    1.19912   1.21349   51.217
10277.00    1.21621   1.21445   50.747
10278.00    1.22331   1.21550   46.780
10279.00    1.19224   1.21655   38.298
10280.00    1.19989   1.21749   27.076
10281.00    1.21986   1.21819   22.408
10282.00    1.25437   1.21856   21.315
10283.00    1.22644   1.21852   26.320
10284.00    1.22246   1.21804   34.116
10285.00    1.23545   1.21713   44.739
10286.00    1.23946   1.21587   48.529
10287.00    1.21979   1.21438   50.556
10288.00    1.20673   1.21282   51.539
10289.00    1.20568   1.21137   51.536
10290.00    1.20795   1.21023   49.958
10291.00    1.21360   1.20954   48.693
10292.00    1.22389   1.20936   48.155
10293.00    1.22990   1.20965   49.443
10294.00    1.22134   1.21029   51.096
10295.00    1.21156   1.21108   52.654
10296.00    1.21834   1.21181   53.080
10297.00    1.20891   1.21232   53.073
10298.00    1.19851   1.21252   52.971
10299.00    1.19647   1.21244   52.873
10300.00    1.19757   1.21219   52.617
10301.00    1.19975   1.21189   52.767
10302.00    1.20207   1.21169   53.141
10303.00    1.20555   1.21170   53.660
10304.00    1.20234   1.21194   53.948
10305.00    1.20319   1.21241   53.783
10306.00    1.22886   1.21307   52.752
10307.00    1.21234   1.21387   52.117
10308.00    1.18829   1.21475   51.851
10309.00    1.16979   1.21567   52.011
10310.00    1.19091   1.21659   50.388
10311.00    1.20929   1.21747   44.050
10312.00    1.22671   1.21829   37.119
10313.00    1.23814   1.21898   33.901
10314.00    1.23285   1.21951   35.046
10315.00    1.23052   1.21986   38.850
10316.00    1.23588   1.22000   45.761
10317.00    1.24681   1.21989   49.591
10318.00    1.24966   1.21948   51.837
10319.00    1.24563   1.21869   52.605
10320.00    1.24479   1.21740   52.688
10321.00    1.24737   1.21551   52.513
10322.00    1.25517   1.21290   52.206
10323.00    1.27131   1.20952   -1.000
10324.00    1.26184   1.20540   51.662
10325.00    1.24630   1.20069   51.757
10326.00    1.22546   1.19567   52.442
10327.00    1.20724   1.19071   52.792
10328.00    1.18546   1.18625   48.719
10329.00    1.16609   1.18271   41.185
10330.00    1.18869   1.18040   31.086
10331.00    1.19132   1.17947   26.671
10332.00    1.18845   1.17987   25.688
10333.00    1.20826   1.18135   30.774
10334.00    1.20746   1.18348   39.291
10335.00    1.20185   1.18577   48.780
10336.00    1.20145   1.18769   53.308
10337.00    1.19389   1.18875   53.891
10338.00    1.19566   1.18865   53.910
10339.00    1.20000   1.18724   53.632
10340.00    1.20375   1.18458   53.507
10341.00    1.19959   1.18096   53.443
10342.00    1.19121   1.17684   53.579
10343.00    1.18069   1.17278   53.854
10344.00    1.16646   1.16938   54.361
10345.00    1.15727   1.16713   54.711
10346.00    1.15352   1.16638   54.813
10347.00    1.16339   1.16726   53.520
10348.00    1.16029   1.16970   52.227
10349.00    1.15384   1.17339   51.292
10350.00    1.14902   1.17794   51.650
10351.00    1.17075   1.18288   52.643
10352.00    1.18930   1.18780   53.723
10353.00    1.19204   1.19236   54.404
10354.00    1.18587   1.19638   54.223
10355.00    1.18563   1.19976   53.985
10356.00    1.19254   1.20252   53.732
10357.00    1.19527   1.20474   53.627
10358.00    1.19860   1.20649   53.574
10359.00    1.20383   1.20785   53.383
10360.00    1.21224   1.20886   52.898
10361.00    1.21057   1.20951   52.630
10362.00    1.21132   1.20980   52.611
10363.00    1.21585   1.20972   52.958
10364.00    1.21702   1.20923   53.134
10365.00    1.21322   1.20835   53.130
10366.00    1.20731   1.20708   53.101
10367.00    1.20557   1.20547   53.239
10368.00    1.20155   1.20355   51.126
10369.00    1.20167   1.20141   47.314
10370.00    1.20094   1.19913   42.178
10371.00    1.18727   1.19685   39.811
10372.00    1.17127   1.19468   39.993
10373.00    1.15999   1.19275   43.408
10374.00    1.17006   1.19112   48.404
10375.00    1.18407   1.18983   51.378
10376.00    1.19355   1.18883   52.061
10377.00    1.19072   1.18808   52.216
10378.00    1.17696   1.18758   52.720
10379.00    1.16817   1.18736   53.259
10380.00    1.16988   1.18748   53.558
10381.00    1.17737   1.18805   53.357
10382.00    1.18178   1.18911   52.942
10383.00    1.18175   1.19063   51.964
10384.00    1.18553   1.19251   45.321
10385.00    1.19629   1.19455   38.058
10386.00    1.21045   1.19651   33.148
10387.00    1.21355   1.19812   33.121
10388.00    1.21875   1.19908   36.865
10389.00    1.21160   1.19919   43.289
10390.00    1.18855   1.19824   51.710
10391.00    1.18522   1.19613   53.954
10392.00    1.18463   1.19284   54.839
10393.00    1.18467   1.18853   55.051
10394.00    1.17559   1.18346   54.013
10395.00    1.16888   1.17811   54.013
10396.00    1.16684   1.17304   54.616
10397.00    1.17292   1.16889   54.378
10398.00    1.17245   1.16621   54.350
10399.00    1.17466   1.16537   54.454
10400.00    1.17904   1.16646   54.651
10401.00    1.19466   1.16931   54.576
10402.00    1.20402   1.17350   54.529
10403.00    1.20580   1.17845   54.451
10404.00    1.19574   1.18357   54.320
10405.00    1.19354   1.18837   54.015
10406.00    1.19334   1.19254   53.868
10407.00    1.20017   1.19594   54.128
10408.00    1.21117   1.19861   54.345
10409.00    1.20586   1.20068   54.580
10410.00    1.18805   1.20233   54.794
10411.00    1.19016   1.20369   54.415
10412.00    1.19910   1.20483   53.613
10413.00    1.20561   1.20573   52.745
10414.00    1.19391   1.20635   52.650
10415.00    1.16427   1.20660   54.090
10416.00    1.11224   1.20641   -1.000
10417.00    1.03624   1.20573   -1.000
10418.00    1.14332   1.20451   -1.000
10419.00    1.20176   1.20278   54.805
10420.00    1.19282   1.20060   54.612
10421.00    1.17895   1.19804   54.421
10422.00    1.17731   1.19527   54.559
10423.00    1.17564   1.19249   54.983
10424.00    1.16731   1.18996   55.497
10425.00    1.18145   1.18794   55.624
10426.00    1.18602   1.18665   55.465
10427.00    1.17330   1.18623   55.098
10428.00    1.18137   1.18668   55.356
10429.00    1.17689   1.18789   55.362
10430.00    1.17445   1.18965   54.804
10431.00    1.17871   1.19169   52.986
10432.00    1.18963   1.19372   49.496
10433.00    1.19198   1.19550   46.110
10434.00    1.16313   1.19689   44.644
10435.00    1.18303   1.19786   48.001
10436.00    1.19725   1.19845   51.699
10437.00    1.19378   1.19879   54.303
10438.00    1.18693   1.19903   54.675
10439.00    1.17697   1.19928   54.498
10440.00    1.16849   1.19964   53.609
10441.00    1.17722   1.20014   51.585
10442.00    1.19156   1.20074   53.085
10443.00    1.19469   1.20141   54.092
10444.00    1.17391   1.20204   52.452
10445.00    1.18388   1.20254   47.119
10446.00    1.18495   1.20283   43.032
10447.00    1.18448   1.20285   40.677
10448.00    1.20465   1.20253   41.818
10449.00    1.19372   1.20184   45.438
10450.00    1.17891   1.20072   50.875
10451.00    1.18999   1.19917   53.834
10452.00    1.19677   1.19720   54.453
10453.00    1.19087   1.19487   54.582
10454.00    1.16947   1.19226   54.486
10455.00    1.18269   1.18954   53.945
10456.00    1.18579   1.18690   53.775
10457.00    1.17982   1.18453   53.881
10458.00    1.16940   1.18264   54.385
10459.00    1.16431   1.18135   54.460
10460.00    1.16459   1.18076   54.290
10461.00    1.16269   1.18082   54.282
10462.00    1.15012   1.18142   54.569
10463.00    1.14056   1.18234   55.017
10464.00    1.13062   1.18335   -1.000
10465.00    1.15818   1.18418   55.656
10466.00    1.16523   1.18463   52.860
10467.00    1.16276   1.18460   47.496
10468.00    1.15384   1.18414   53.156
10469.00    1.15888   1.18339   55.319
10470.00    1.17021   1.18259   54.950
10471.00    1.16979   1.18201   54.981
10472.00    1.17327   1.18187   55.323
10473.00    1.16672   1.18233   55.535
10474.00    1.15652   1.18336   55.540
10475.00    1.17675   1.18489   55.601
10476.00    1.17963   1.18669   54.901
10477.00    1.16890   1.18856   53.715
10478.00    1.15928   1.19027   53.555
10479.00    1.15951   1.19168   53.380
10480.00    1.16921   1.19270   53.155
10481.00    1.18614   1.19332   53.422
10482.00    1.18151   1.19356   54.978
10483.00    1.16905   1.19348   55.511
10484.00    1.15751   1.19317   55.117
10485.00    1.15329   1.19270   55.098
10486.00    1.16363   1.19214   54.954
10487.00    1.17515   1.19153   54.936
10488.00    1.16870   1.19089   55.057
10489.00    1.16874   1.19020   55.396
10490.00    1.17235   1.18936   55.719
10491.00    1.17354   1.18828   55.942
10492.00    1.17429   1.18685   55.837
10493.00    1.16681   1.18498   55.534
10494.00    1.14807   1.18274   55.006
10495.00    1.13681   1.18025   54.617
10496.00    1.13794   1.17775   54.386
10497.00    1.14494   1.17556   54.168
10498.00    1.16447   1.17396   53.427
10499.00    1.14976   1.17319   51.963
10500.00    1.13737   1.17333   50.576
10501.00    1.15393   1.17430   49.549
10502.00    1.16813   1.17589   50.544
10503.00    1.17068   1.17777   51.952
10504.00    1.16366   1.17965   53.554
10505.00    1.17199   1.18120   54.075
10506.00    1.17067   1.18221   54.353
10507.00    1.16642   1.18260   54.412
10508.00    1.16353   1.18238   54.109
10509.00    1.14993   1.18164   52.878
10510.00    1.14082   1.18056   51.097
10511.00    1.15487   1.17935   49.239
10512.00    1.16798   1.17820   48.032
10513.00    1.16006   1.17732   48.645
10514.00    1.14031   1.17683   50.765
10515.00    1.14492   1.17682   53.286
10516.00    1.15160   1.17728   53.560
10517.00    1.15453   1.17819   53.326
10518.00    1.14440   1.17938   54.896
10519.00    1.15375   1.18074   55.062
10520.00    1.16012   1.18209   54.760
10521.00    1.16381   1.18329   54.296
10522.00    1.15861   1.18425   54.476
10523.00    1.17265   1.18489   54.394
10524.00    1.18727   1.18514   54.135
10525.00    1.19681   1.18501   53.553
10526.00    1.19459   1.18444   53.612
10527.00    1.18991   1.18347   53.896
10528.00    1.18151   1.18209   54.294
10529.00    1.17147   1.18037   54.473
10530.00    1.16217   1.17840   54.739
10531.00    1.15687   1.17634   55.067
10532.00    1.14860   1.17439   55.029
10533.00    1.14470   1.17277   54.942
10534.00    1.14198   1.17168   54.848
10535.00    1.14730   1.17123   54.760
10536.00    1.14608   1.17147   54.560
10537.00    1.14676   1.17235   54.477
10538.00    1.16014   1.17367   54.367
10539.00    1.16555   1.17525   53.682
10540.00    1.17113   1.17684   52.659
10541.00    1.18029   1.17825   51.199
10542.00    1.18146   1.17937   49.071
10543.00    1.19717   1.18015   47.720
10544.00    1.20984   1.18062   46.874
10545.00    1.20115   1.18085   46.476
10546.00    1.19787   1.18096   45.349
10547.00    1.18571   1.18097   44.581
10548.00    1.17051   1.18095   44.510
10549.00    1.16564   1.18088   46.299
10550.00    1.15929   1.18076   47.550
10551.00    1.16238   1.18058   48.213
10552.00    1.15911   1.18033   49.060
10553.00    1.16472   1.18003   50.126
10554.00    1.15646   1.17971   49.278
10555.00    1.12843   1.17940   44.339
10556.00    1.15298   1.17916   41.521
10557.00    1.16764   1.17900   41.134
10558.00    1.16430   1.17893   41.621
10559.00    1.12318   1.17891   30.848
10560.00    1.11983   1.17893   30.820
10561.00    1.13654   1.17896   35.619
10562.00    1.16403   1.17899   43.705
10563.00    1.15596   1.17900   45.795
10564.00    1.14945   1.17900   47.120
10565.00    1.16329   1.17896   50.567
10566.00    1.18189   1.17890   52.229
10567.00    1.17717   1.17881   48.995
10568.00    1.15528   1.17870   42.318
10569.00    1.11669   1.17856   35.641
10570.00    1.12475   1.17837   33.619
10571.00    1.15146   1.17812   34.704
10572.00    1.15724   1.17776   41.086
10573.00    1.14537   1.17724   46.246
10574.00    1.13604   1.17649   49.748
10575.00    1.13643   1.17539   50.926
10576.00    1.12850   1.17385   51.985
10577.00    1.12691   1.17171   49.619
10578.00    1.12893   1.16881   44.782
10579.00    1.13386   1.16503   37.995
10580.00    1.12812   1.16032   38.775
10581.00    1.11996   1.15474   43.371
10582.00    1.12691   1.14851   47.782
10583.00    1.11918   1.14203   50.469
10584.00    1.11338   1.13590   50.514
10585.00    1.11382   1.13075   47.006
10586.00    1.11306   1.12721   34.610
10587.00    1.11191   1.12580   29.151
10588.00    1.10794   1.12681   27.350
10589.00    1.11748   1.13017   30.952
10590.00    1.11449   1.13558   38.201
10591.00    1.11418   1.14241   48.004
10592.00    1.12701   1.14996   54.587
10593.00    1.13588   1.15743   54.626
10594.00    1.14448   1.16417   53.786
10595.00    1.15132   1.16967   53.012
10596.00    1.15326   1.17360   53.368
10597.00    1.15225   1.17584   53.993
10598.00    1.14673   1.17638   54.281
10599.00    1.14083   1.17531   52.653
10600.00    1.14171   1.17285   45.015
10601.00    1.15289   1.16918   39.154
10602.00    1.16790   1.16466   36.310
10603.00    1.15614   1.15972   39.091
10604.00    1.14210   1.15482   43.862
10605.00    1.13211   1.15041   50.309
10606.00    1.12239   1.14689   51.938
10607.00    1.11420   1.14456   42.291
10608.00    1.10579   1.14354   32.821
10609.00    1.10629   1.14378   27.224
10610.00    1.11582   1.14511   26.915
10611.00    1.12069   1.14724   29.767
10612.00    1.11371   1.14980   38.198
10613.00    1.11843   1.15250   48.223
10614.00    1.12442   1.15514   54.621
10615.00    1.12808   1.15756   55.506
10616.00    1.12503   1.15965   55.939
10617.00    1.13049   1.16148   56.138
10618.00    1.14138   1.16300   55.962
10619.00    1.15408   1.16431   55.160
10620.00    1.15960   1.16539   54.342
10621.00    1.15231   1.16625   54.069
10622.00    1.13474   1.16690   54.393
10623.00    1.12786   1.16731   55.233
10624.00    1.12977   1.16746   55.871
10625.00    1.13606   1.16736   56.303
10626.00    1.13997   1.16713   56.383
10627.00    1.14687   1.16676   54.541
10628.00    1.15212   1.16644   49.727
10629.00    1.15178   1.16628   42.065
10630.00    1.14345   1.16640   37.981
10631.00    1.14248   1.16684   37.711
10632.00    1.15074   1.16759   41.118
10633.00    1.15111   1.16866   48.046
10634.00    1.14492   1.16991   53.336
10635.00    1.13816   1.17124   56.252
10636.00    1.13950   1.17254   56.196
10637.00    1.15034   1.17373   55.956
10638.00    1.16318   1.17467   55.761
10639.00    1.17412   1.17534   55.730
10640.00    1.17433   1.17572   55.925
10641.00    1.16841   1.17580   56.256
10642.00    1.16022   1.17550   56.641
10643.00    1.16424   1.17488   56.729
10644.00    1.16458   1.17398   56.689
10645.00    1.15949   1.17284   56.668
10646.00    1.15451   1.17153   56.719
10647.00    1.15657   1.17013   56.613
10648.00    1.15454   1.16871   56.425
10649.00    1.14334   1.16735   56.097
10650.00    1.14404   1.16606   55.035
10651.00    1.14611   1.16490   54.348
10652.00    1.14685   1.16371   54.209
10653.00    1.15091   1.16236   55.174
10654.00    1.14942   1.16067   56.195
10655.00    1.14147   1.15840   56.854
10656.00    1.12441   1.15533   56.743
10657.00    1.12377   1.15134   56.147
10658.00    1.12678   1.14649   55.660
10659.00    1.13187   1.14097   55.371
10660.00    1.12410   1.13515   55.691
10661.00    1.11742   1.12957   56.127
10662.00    1.10936   1.12477   56.636
10663.00    1.10290   1.12129   57.011
10664.00    1.09834   1.11951   57.442
10665.00    1.09926   1.11955   57.647
10666.00    1.10721   1.12133   57.631
10667.00    1.12419   1.12446   57.354
10668.00    1.12916   1.12846   57.206
10669.00    1.12641   1.13276   57.125
10670.00    1.12584   1.13673   57.063
10671.00    1.12530   1.14003   56.988
10672.00    1.12381   1.14244   56.939
10673.00    1.12150   1.14395   57.061
10674.00    1.13077   1.14467   57.068
10675.00    1.13571   1.14481   57.077
10676.00    1.13308   1.14457   57.098
10677.00    1.13144   1.14411   56.928
10678.00    1.13198   1.14356   56.918
10679.00    1.13469   1.14297   56.983
10680.00    1.13910   1.14233   56.740
10681.00    1.13935   1.14162   56.459
10682.00    1.13554   1.14079   56.323
10683.00    1.13412   1.13967   56.390
10684.00    1.13291   1.13817   52.370
10685.00    1.13087   1.13623   44.055
10686.00    1.13056   1.13382   34.202
10687.00    1.12923   1.13096   23.869
10688.00    1.13732   1.12780   19.184
10689.00    1.14791   1.12449   17.296
10690.00    1.14896   1.12130   19.529
10691.00    1.12621   1.11849   25.895
10692.00    1.10222   1.11639   37.771
10693.00    1.09518   1.11522   51.358
10694.00    1.10053   1.11519   51.564
10695.00    1.10755   1.11644   49.607
10696.00    1.11869   1.11892   47.051
10697.00    1.12696   1.12247   38.343
10698.00    1.12380   1.12679   31.778
10699.00    1.11777   1.13149   28.101
10700.00    1.12238   1.13621   29.231
10701.00    1.13265   1.14062   34.855
10702.00    1.14229   1.14442   43.984
10703.00    1.14184   1.14749   55.283
10704.00    1.14400   1.14980   56.841
10705.00    1.14709   1.15142   57.105
10706.00    1.14811   1.15246   57.060
10707.00    1.13122   1.15315   56.473
10708.00    1.12363   1.15367   55.607
10709.00    1.12518   1.15417   54.926
10710.00    1.14098   1.15477   54.933
10711.00    1.15171   1.15550   52.296
10712.00    1.15174   1.15639   47.806
10713.00    1.13845   1.15737   42.380
10714.00    1.13568   1.15838   40.476
10715.00    1.14151   1.15931   41.778
10716.00    1.14516   1.16002   46.061
10717.00    1.13322   1.16039   52.256
10718.00    1.12727   1.16022   55.607
10719.00    1.13196   1.15934   57.077
10720.00    1.15340   1.15760   57.728
10721.00    1.15106   1.15486   58.222
10722.00    1.13912   1.15104   58.560
10723.00    1.12059   1.14615   58.835
10724.00    1.11946   1.14037   58.836
10725.00    1.12323   1.13401   58.664
10726.00    1.12820   1.12752   58.280
10727.00    1.12523   1.12141   57.821
10728.00    1.10759   1.11623   57.790
10729.00    1.09199   1.11246   57.609
10730.00    1.08409   1.11041   56.954
10731.00    1.10069   1.11022   54.821
10732.00    1.11211   1.11183   52.604
10733.00    1.11566   1.11494   50.721
10734.00    1.10693   1.11918   51.460
10735.00    1.09629   1.12405   53.769
10736.00    1.09424   1.12911   56.771
10737.00    1.10415   1.13397   58.585
10738.00    1.12209   1.13833   58.711
10739.00    1.13603   1.14195   58.213
10740.00    1.13911   1.14462   57.475
10741.00    1.13630   1.14625   57.292
10742.00    1.14066   1.14675   57.349
10743.00    1.14843   1.14608   57.730
10744.00    1.14754   1.14428   58.333
10745.00    1.13582   1.14153   58.712
10746.00    1.12275   1.13807   58.834
10747.00    1.11199   1.13417   58.802
10748.00    1.11426   1.13015   58.495
10749.00    1.11244   1.12645   55.304
10750.00    1.10404   1.12337   48.707
10751.00    1.09401   1.12125   39.300
10752.00    1.10108   1.12034   34.805
10753.00    1.11654   1.12072   33.562
10754.00    1.11867   1.12239   38.041
10755.00    1.11859   1.12521   46.414
10756.00    1.11356   1.12888   55.839
10757.00    1.11353   1.13312   56.999
10758.00    1.13437   1.13763   56.735
10759.00    1.13965   1.14208   57.011
10760.00    1.13060   1.14624   57.926
10761.00    1.14465   1.14994   58.454
10762.00    1.15382   1.15310   58.760
10763.00    1.15636   1.15565   58.887
10764.00    1.14444   1.15766   58.833
10765.00    1.14877   1.15905   58.845
10766.00    1.15383   1.15986   58.814
10767.00    1.15949   1.16013   58.728
10768.00    1.15476   1.15976   58.699
10769.00    1.14934   1.15882   58.698
10770.00    1.14666   1.15733   58.643
10771.00    1.14683   1.15533   58.592
10772.00    1.14620   1.15293   58.478
10773.00    1.14918   1.15023   58.225
10774.00    1.15744   1.14734   57.807
10775.00    1.15579   1.14435   57.300
10776.00    1.14725   1.14143   52.461
10777.00    1.12959   1.13851   42.677
10778.00    1.12667   1.13562   28.674
10779.00    1.12684   1.13273   22.514
10780.00    1.12025   1.12968   19.836
10781.00    1.09931   1.12649   22.336
10782.00    1.09793   1.12310   30.523
10783.00    1.10695   1.11966   46.898
10784.00    1.11224   1.11636   56.110
10785.00    1.11122   1.11349   58.274
10786.00    1.10923   1.11134   58.745
10787.00    1.10984   1.11025   58.784
10788.00    1.11023   1.11040   58.665
10789.00    1.11812   1.11183   58.331
10790.00    1.12468   1.11450   58.071
10791.00    1.12606   1.11807   58.170
10792.00    1.12973   1.12232   58.165
10793.00    1.13875   1.12687   58.223
10794.00    1.15256   1.13129   58.323
10795.00    1.14920   1.13535   58.526
10796.00    1.14936   1.13877   58.420
10797.00    1.15071   1.14154   57.962
10798.00    1.14259   1.14363   57.419
10799.00    1.15277   1.14516   56.733
10800.00    1.16761   1.14624    0.000
10801.00    1.17200   1.14682    0.000
10802.00    1.16883   1.14700    0.000
10803.00    1.17038   1.14678    0.000
10804.00    1.17877   1.14607    0.000
10805.00    1.18625   1.14480    0.000
10806.00    1.17191   1.14287    0.000
10807.00    1.14403   1.14022    0.000
10808.00    1.16284   1.13693    0.000
10809.00    1.16908   1.13313    0.000
10810.00    1.17254   1.12906    0.000
10811.00    1.16239   1.12504    0.000
10812.00    1.15842   1.12142    0.000
10813.00    1.15844   1.11846    0.000
10814.00    1.16197   1.11640    0.000
10815.00    1.16821   1.11538    0.000
10816.00    1.16190   1.11518    0.000
10817.00    1.15173   1.11565    0.000
10818.00    1.15276   1.11645    0.000
10819.00    1.15811   1.11706    0.000
10820.00    1.16609   1.11716    0.000
10821.00    1.18108   1.11653    0.000
10822.00    1.18924   1.11504    0.000
10823.00    1.19760   1.11276    0.000
10824.00    1.20406   1.10986    0.000
10825.00    1.21304   1.10652    0.000
10826.00    1.22651   1.10315    0.000
10827.00    1.24060   1.10005    0.000
10828.00    1.27449   1.09760    0.000
10829.00    1.31225   1.09611    0.000
10830.00    1.35851   1.09591    0.000
10831.00    1.40943   1.09711    0.000
10832.00    1.43158   1.09968    0.000
10833.00    1.46185   1.10355    0.000
10834.00    1.49916   1.10829    0.000
10835.00    1.49620   1.11353    0.000
10836.00    1.48391   1.11883    0.000
10837.00    1.45836   1.12385    0.000
10838.00    1.38834   1.12823    0.000
10839.00    1.34226   1.13184    0.000
10840.00    1.30511   1.13455    0.000
10841.00    1.27931   1.13642    0.000
10842.00    1.25290   1.13737    0.000
10843.00    1.23901   1.13765    0.000
10844.00    1.22958   1.13735    0.000
10845.00    1.22244   1.13667    0.000
10846.00    1.21426   1.13598    0.000
10847.00    1.19880   1.13549    0.000
10848.00    1.18019   1.13551    0.000
10849.00    1.18319   1.13605    0.000
10850.00    1.17033   1.13725    0.000
10851.00    1.15322   1.13892    0.000
10852.00    1.15797   1.14104    0.000
10853.00    1.16404   1.14336    0.000
10854.00    1.17011   1.14559    0.000
10855.00    1.16405   1.14762    0.000
10856.00    1.16615   1.14918    0.000
10857.00    1.16925   1.15023    0.000
10858.00    1.17135   1.15057    0.000
10859.00    1.17865   1.15022    0.000
10860.00    1.16962   1.14903    0.000
10861.00    1.14642   1.14706    0.000
10862.00    1.14726   1.14424    0.000
10863.00    1.14600   1.14053    0.000
10864.00    1.15156   1.13589    0.000
10865.00    1.15560   1.13032    0.000
10866.00    1.14442   1.12396    0.000
10867.00    1.13099   1.11694    0.000
10868.00    1.12112   1.10967    0.000
10869.00    1.11674   1.10247    0.000
10870.00    1.10747   1.09588    0.000
10871.00    1.09266   1.09036    0.000
10872.00    1.08514   1.08634    0.000
10873.00    1.08859   1.08418    0.000
10874.00    1.08884   1.08395    0.000
10875.00    1.07585   1.08545    0.000
10876.00    1.07914   1.08834    0.000
10877.00    1.07455   1.09198    0.000
10878.00    1.06434   1.09569    0.000
10879.00    1.09043   1.09898    0.000
10880.00    1.12306   1.10150    0.000
10881.00    1.14520   1.10302    0.000
10882.00    1.09312   1.10367    0.000
10883.00    1.08859   1.10365    0.000
10884.00    1.09572   1.10327    0.000
10885.00    1.08833   1.10290    0.000
10886.00    1.09101   1.10282    0.000
10887.00    1.09660   1.10329    0.000
10888.00    1.09808   1.10439    0.000
10889.00    1.09759   1.10609    0.000
10890.00    1.09621   1.10818    0.000
10891.00    1.09999   1.11055    0.000
10892.00    1.11950   1.11297    0.000
10893.00    1.11062   1.11529    0.000
10894.00    1.09802   1.11743    0.000
10895.00    1.09728   1.11941    0.000
10896.00    1.10401   1.12131    0.000
10897.00    1.09745   1.12318    0.000
10898.00    1.05952   1.12501    0.000
10899.00    0.94083   1.12680    0.000
10900.00    1.00372   1.12844    0.000
10901.00    1.12377   1.12985    0.000
10902.00    1.11058   1.13095    0.000
10903.00    1.11151   1.13172    0.000
10904.00    1.11860   1.13210    0.000
10905.00    1.12086   1.13211    0.000
10906.00    1.11890   1.13175    0.000
10907.00    1.11762   1.13109    0.000
10908.00    1.11782   1.13021    0.000
10909.00    1.12214   1.12916    0.000
10910.00    1.10411   1.12799    0.000
10911.00    1.08847   1.12674    0.000
10912.00    1.10170   1.12541    0.000
10913.00    1.09753   1.12403    0.000
10914.00    1.10683   1.12264    0.000
10915.00    1.12726   1.12130    0.000
10916.00    1.11147   1.12012    0.000
10917.00    1.10291   1.11915    0.000
10918.00    1.10193   1.11837    0.000
10919.00    1.09884   1.11768    0.000
10920.00    1.10551   1.11683    0.000
10921.00    1.10994   1.11543    0.000
10922.00    1.09083   1.11322    0.000
10923.00    1.08444   1.10992    0.000
10924.00    1.08843   1.10545    0.000
10925.00    1.08946   1.09996    0.000
10926.00    1.07536   1.09386    0.000
10927.00    1.06384   1.08752    0.000
10928.00    1.05116   1.08153    0.000
10929.00    1.04066   1.07637    0.000
10930.00    1.04596   1.07234    0.000
10931.00    1.05066   1.06968    0.000
10932.00    1.05169   1.06830    0.000
10933.00    1.06138   1.06805    0.000
10934.00    1.06828   1.06855    0.000
10935.00    1.06518   1.06936    0.000
10936.00    1.06385   1.07020    0.000
10937.00    1.07700   1.07092    0.000
10938.00    1.09296   1.07138    0.000
10939.00    1.10665   1.07171    0.000
10940.00    1.11865   1.07200    0.000
10941.00    1.12717   1.07241    0.000
10942.00    1.12891   1.07311    0.000
10943.00    1.11757   1.07407    0.000
10944.00    1.11872   1.07535    0.000
10945.00    1.11830   1.07690    0.000
10946.00    1.10720   1.07847    0.000
10947.00    1.09411   1.07991    0.000
10948.00    1.07866   1.08113    0.000
10949.00    1.06182   1.08199    0.000
10950.00    1.06462   1.08241    0.000
10951.00    1.06484   1.08238    0.000
10952.00    1.06518   1.08197    0.000
10953.00    1.08553   1.08122    0.000
10954.00    1.09072   1.08017    0.000
10955.00    1.08079   1.07889    0.000
10956.00    1.06141   1.07736    0.000
10957.00    1.06256   1.07566    0.000
10958.00    1.06568   1.07360    0.000
10959.00    1.06865   1.07100    0.000
10960.00    1.06863   1.06779    0.000
10961.00    1.06397   1.06384    0.000
10962.00    1.05409   1.05909    0.000
10963.00    1.05490   1.05363    0.000
10964.00    1.04291   1.04777    0.000
10965.00    1.03141   1.04188    0.000
10966.00    1.03785   1.03637    0.000
10967.00    1.03695   1.03178    0.000
10968.00    1.03162   1.02860    0.000
10969.00    1.02166   1.02707    0.000
10970.00    1.02148   1.02721    0.000
10971.00    1.02335   1.02877   64.117
10972.00    1.02244   1.03145   63.381
10973.00    1.01636   1.03466   61.926
10974.00    1.02208   1.03785   60.874
10975.00    1.02675   1.04051   60.452
10976.00    1.02930   1.04238   61.122
10977.00    1.04288   1.04342   62.004
10978.00    1.04820   1.04362   62.505
10979.00    1.03853   1.04329   62.072
10980.00    1.03700   1.04272   60.783
10981.00    1.03353   1.04225   59.440
10982.00    1.03219   1.04213   58.317
10983.00    1.03475   1.04262   57.849
10984.00    1.02490   1.04390   58.497
10985.00    1.02287   1.04596   59.554
10986.00    1.04196   1.04856   60.104
10987.00    1.04069   1.05145   59.195
10988.00    1.04349   1.05420   57.085
10989.00    1.05394   1.05645   53.658
10990.00    1.07151   1.05795   47.853
10991.00    1.06773   1.05846   45.745
10992.00    1.05055   1.05809   46.534
10993.00    1.02981   1.05675   51.289
10994.00    1.01944   1.05471   57.874
10995.00    1.01856   1.05228   63.683
10996.00    1.01978   1.04966   64.076
10997.00    1.01043   1.04729   64.093
10998.00    1.00584   1.04545   63.455
10999.00    1.01055   1.04426   62.123
11000.00    1.03902   1.04388   58.714
11001.00    1.03438   1.04416   54.978
11002.00    1.02869   1.04505   51.481
11003.00    1.04589   1.04640   50.135
11004.00    1.04697   1.04786   45.888
11005.00    1.04432   1.04933   41.114
11006.00    1.04454   1.05067   36.913
11007.00    1.04200   1.05158   38.777
11008.00    1.05329   1.05213   44.035
11009.00    1.07287   1.05222   53.766
11010.00    1.04920   1.05182   59.016
11011.00    1.04405   1.05090   60.010
11012.00    1.04115   1.04952   57.971
11013.00    1.03485   1.04772   54.140
11014.00    1.03943   1.04565   49.449
11015.00    1.04778   1.04327   45.759
11016.00    1.05257   1.04100   43.337
11017.00    1.05992   1.03902   43.797
11018.00    1.05294   1.03753   45.500
11019.00    1.03916   1.03682   48.288
11020.00    1.03257   1.03703   52.022
11021.00    1.02359   1.03811   53.934
11022.00    1.02153   1.04001   53.999
11023.00    1.04347   1.04253   51.852
11024.00    1.02769   1.04549   50.156
11025.00    1.02880   1.04866   49.890
11026.00    1.04671   1.05161   51.887
11027.00    1.04711   1.05431   57.384
11028.00    1.03859   1.05645   61.507
11029.00    1.02891   1.05794   63.246
11030.00    1.01722   1.05883   63.016
11031.00    1.01820   1.05906   60.828
11032.00    1.02013   1.05888   57.968
11033.00    1.02458   1.05840   54.447
11034.00    1.01652   1.05777   53.840
11035.00    1.02164   1.05716   55.504
11036.00    1.03334   1.05656   59.556
11037.00    1.01848   1.05593   60.217
11038.00    1.00362   1.05542   -1.000
11039.00    0.99968   1.05484   -1.000
11040.00    1.00710   1.05442   50.728
11041.00    1.00616   1.05420   50.622
11042.00    1.00500   1.05423   50.663
11043.00    1.01442   1.05466   49.510
11044.00    1.02215   1.05557   50.023
11045.00    1.03234   1.05688   52.605
11046.00    1.02709   1.05850   57.410
11047.00    1.00656   1.06022   -1.000
11048.00    1.00683   1.06202   -1.000
11049.00    1.00949   1.06365   -1.000
11050.00    1.00476   1.06511   -1.000
11051.00    1.02199   1.06625   54.448
11052.00    1.03389   1.06700   52.426
11053.00    1.04685   1.06734   49.171
11054.00    1.03966   1.06711   49.294
11055.00    1.04668   1.06650   51.881
11056.00    1.04529   1.06545   56.787
11057.00    1.02275   1.06426   60.105
11058.00    1.02018   1.06314   61.237
11059.00    1.02138   1.06220   61.506
11060.00    1.01368   1.06167   -1.000
11061.00    1.00895   1.06154   -1.000
11062.00    1.00751   1.06190   -1.000
11063.00    1.01661   1.06241   47.610
11064.00    1.02209   1.06289   46.606
11065.00    1.01814   1.06320   49.319
11066.00    1.01199   1.06315   -1.000
11067.00    1.02820   1.06273   55.828
11068.00    1.03467   1.06191   50.344
11069.00    1.03341   1.06096   45.281
11070.00    1.02812   1.06036   43.229
11071.00    1.03956   1.05999   46.212
11072.00    1.03582   1.06018   46.907
11073.00    1.02277   1.06084   44.099
11074.00    1.01971   1.06193   39.985
11075.00    1.03640   1.06321   36.918
11076.00    1.04683   1.06425    0.000
11077.00    1.03452   1.06507    0.000
11078.00    1.06234   1.06550    0.000
11079.00    1.06499   1.06533    0.000
11080.00    1.03670   1.06498    0.000
11081.00    1.02868   1.06441    0.000
11082.00    1.02610   1.06401    0.000
11083.00    1.02993   1.06398    0.000
11084.00    1.03551   1.06437    0.000
11085.00    1.05784   1.06514    0.000
11086.00    1.07923   1.06604    0.000
11087.00    1.06020   1.06699    0.000
11088.00    1.09923   1.06765    0.000
11089.00    1.09579   1.06803    0.000
11090.00    1.05395   1.06808    0.000
11091.00    1.03470   1.06804    0.000
11092.00    1.01536   1.06808    0.000
11093.00    1.00228   1.06829    0.000
11094.00    1.01569   1.06888    0.000
11095.00    1.02934   1.06994    0.000
11096.00    1.03306   1.07122    0.000
11097.00    1.02763   1.07271    0.000
11098.00    1.03078   1.07395    0.000
11099.00    1.03270   1.07470    0.000
11100.00    1.03395   1.07483    0.000
11101.00    1.03393   1.07420    0.000
11102.00    1.06264   1.07298    0.000
11103.00    1.08110   1.07130    0.000
11104.00    1.03635   1.06934    0.000
11105.00    1.09145   1.06724    0.000
11106.00    1.13851   1.06530    0.000
11107.00    1.14221   1.06371    0.000
11108.00    1.08406   1.06259    0.000
11109.00    1.05286   1.06190    0.000
11110.00    1.05103   1.06155    0.000
11111.00    1.03722   1.06147    0.000
11112.00    1.03501   1.06153    0.000
11113.00    1.03521   1.06155    0.000
11114.00    1.03604   1.06139    0.000
11115.00    1.04165   1.06091    0.000
11116.00    1.04094   1.06002    0.000
11117.00    1.03908   1.05870    0.000
11118.00    1.05059   1.05696    0.000
11119.00    1.04433   1.05503    0.000
11120.00    1.03372   1.05310    0.000
11121.00    1.04461   1.05138    0.000
11122.00    1.03834   1.05018    0.000
11123.00    1.03875   1.04959    0.000
11124.00    1.04411   1.04954    0.000
11125.00    1.04767   1.04993    0.000
11126.00    1.04679   1.05058    0.000
11127.00    1.05260   1.05099    0.000
11128.00    1.05291   1.05089    0.000
11129.00    1.06293   1.05012    0.000
11130.00    1.06646   1.04875    0.000
11131.00    1.05073   1.04688    0.000
11132.00    1.05015   1.04495    0.000
11133.00    1.04959   1.04349    0.000
11134.00    1.04737   1.04282    0.000
11135.00    1.05963   1.04321    0.000
11136.00    1.05575   1.04477    0.000
11137.00    1.04425   1.04742    0.000
11138.00    1.06087   1.05089    0.000
11139.00    1.07551   1.05462    0.000
11140.00    1.08332   1.05820    0.000
11141.00    1.08186   1.06096    0.000
11142.00    1.08587   1.06243    0.000
11143.00    1.09170   1.06255    0.000
11144.00    1.09515   1.06133    0.000
11145.00    1.09093   1.05890    0.000
11146.00    1.09614   1.05573    0.000
11147.00    1.09840   1.05234    0.000
11148.00    1.08210   1.04905    0.000
11149.00    1.07000   1.04642    0.000
11150.00    1.06508   1.04456    0.000
11151.00    1.07564   1.04363    0.000
11152.00    1.07087   1.04340    0.000
11153.00    1.06473   1.04353    0.000
11154.00    1.06402   1.04362    0.000
11155.00    1.05024   1.04327    0.000
11156.00    1.04490   1.04228    0.000
11157.00    1.04233   1.04052    0.000
11158.00    1.03501   1.03804    0.000
11159.00    1.03256   1.03516    0.000
11160.00    1.03475   1.03233    0.000
11161.00    1.04543   1.02984    0.000
11162.00    1.04179   1.02794    0.000
11163.00    1.03801   1.02699    0.000
11164.00    1.03693   1.02686    0.000
11165.00    1.05045   1.02736    0.000
11166.00    1.05423   1.02830    0.000
11167.00    1.04953   1.02949    0.000
11168.00    1.04376   1.03058    0.000
11169.00    1.04309   1.03141    0.000
11170.00    1.04019   1.03201    0.000
11171.00    1.03283   1.03251    0.000
11172.00    1.03691   1.03293    0.000
11173.00    1.04841   1.03364    0.000
11174.00    1.06079   1.03468    0.000
11175.00    1.06923   1.03621    0.000
11176.00    1.06851   1.03811    0.000
11177.00    1.06644   1.04032    0.000
11178.00    1.07725   1.04255    0.000
11179.00    1.07916   1.04435    0.000
11180.00    1.06553   1.04539    0.000
11181.00    1.03790   1.04532    0.000
11182.00    1.02962   1.04401    0.000
11183.00    1.03988   1.04141    0.000
11184.00    1.06438   1.03746    0.000
11185.00    1.07911   1.03249    0.000
11186.00    1.06750   1.02691    0.000
11187.00    1.04001   1.02106    0.000
11188.00    1.03385   1.01545    0.000
11189.00    1.03259   1.01056    0.000
11190.00    1.02833   1.00680    0.000
11191.00    1.03611   1.00426    0.000
11192.00    1.05004   1.00299    0.000
11193.00    1.14645   1.00277    0.000
11194.00    1.22706   1.00328    0.000
11195.00    1.18794   1.00408    0.000
11196.00    1.17358   1.00484    0.000
11197.00    1.15910   1.00529    0.000
11198.00    1.11688   1.00530    0.000
11199.00    1.07057   1.00501    0.000
11200.00    1.05147   1.00472    0.000
11201.00    1.04154   1.00486    0.000
11202.00    1.04702   1.00573    0.000
11203.00    1.04917   1.00762    0.000
11204.00    1.05048   1.01036    0.000
11205.00    1.04199   1.01363    0.000
11206.00    1.03963   1.01706    0.000
11207.00    1.07168   1.02014    0.000
11208.00    1.09543   1.02235    0.000
11209.00    1.10923   1.02327    0.000
11210.00    1.09558   1.02280    0.000
11211.00    1.07416   1.02084    0.000
11212.00    1.06539   1.01756    0.000
11213.00    1.05636   1.01336    0.000
11214.00    1.04749   1.00866    0.000
11215.00    1.04568   1.00372    0.000
11216.00    1.04888   0.99889    0.000
11217.00    1.05605   0.99433    0.000
11218.00    1.06057   0.99005    0.000
11219.00    1.05854   0.98606    0.000
11220.00    1.05755   0.98234    0.000
11221.00    1.05588   0.97878    0.000
11222.00    1.04600   0.97538    0.000
11223.00    1.03721   0.97234    0.000
11224.00    1.04151   0.96975    0.000
11225.00    1.04614   0.96786    0.000
11226.00    1.04481   0.96696    0.000
11227.00    1.04576   0.96709    0.000
11228.00    1.04855   0.96831    0.000
11229.00    1.04904   0.97039    0.000
11230.00    1.04883   0.97301    0.000
11231.00    1.04851   0.97575    0.000
11232.00    1.05590   0.97837    0.000
11233.00    1.06987   0.98084    0.000
11234.00    1.07278   0.98315    0.000
11235.00    1.06944   0.98538    0.000
11236.00    1.05990   0.98775    0.000
11237.00    1.05423   0.99030    0.000
11238.00    1.05469   0.99313    0.000
11239.00    1.05385   0.99628    0.000
11240.00    1.05266   0.99959    0.000
11241.00    1.04931   1.00279    0.000
11242.00    1.04689   1.00553    0.000
11243.00    1.04484   1.00752    0.000
11244.00    1.03869   1.00836    0.000
11245.00    1.03180   1.00779    0.000
11246.00    1.03833   1.00568    0.000
11247.00    1.04350   1.00184    0.000
11248.00    1.03689   0.99623    0.000
11249.00    1.02835   0.98904    0.000
11250.00    1.01948   0.98061    0.000
11251.00    1.01580   0.97145    0.000
11252.00    1.01474   0.96227    0.000
11253.00    1.01776   0.95396    0.000
11254.00    1.01864   0.94720    0.000
11255.00    1.01963   0.94276   -1.000
11256.00    1.02055   0.94122   -1.000
11257.00    1.02174   0.94267   -1.000
11258.00    1.01091   0.94701   -1.000
11259.00    1.00183   0.95378   64.605
11260.00    0.99706   0.96241   65.910
11261.00    1.00134   0.97216   65.335
11262.00    1.01497   0.98248   63.779
11263.00    1.02707   0.99287   64.873
11264.00    1.03739   1.00292   66.141
11265.00    1.05186   1.01233   66.563
11266.00    1.06214   1.02072   64.706
11267.00    1.06901   1.02781   61.177
11268.00    1.06611   1.03327   61.354
11269.00    1.06465   1.03673   62.314
11270.00    1.07578   1.03795   64.922
11271.00    1.08175   1.03697   66.872
11272.00    1.07956   1.03401   -1.000
11273.00    1.07017   1.02939   66.475
11274.00    1.05865   1.02366   64.776
11275.00    1.05353   1.01744   63.616
11276.00    1.05067   1.01118   63.898
11277.00    1.05212   1.00550   67.333
11278.00    1.05803   1.00098   -1.000
11279.00    1.06317   0.99779   -1.000
11280.00    1.05511   0.99609   -1.000
11281.00    1.04749   0.99587   -1.000
11282.00    1.03503   0.99678   60.631
11283.00    1.02441   0.99827   44.251
11284.00    1.01916   1.00003   29.990
11285.00    1.01417   1.00147   21.965
11286.00    1.01285   1.00213   17.593
11287.00    1.03888   1.00179   18.803
11288.00    1.04607   1.00024   20.965
11289.00    1.03468   0.99750   25.593
11290.00    1.03624   0.99389   32.817
11291.00    1.04380   0.98967   44.797
11292.00    1.04774   0.98523   48.266
11293.00    1.04427   0.98104   50.194
11294.00    1.03438   0.97762   49.881
11295.00    1.02378   0.97549   42.072
11296.00    1.01586   0.97501   32.597
11297.00    1.02602   0.97655   29.004
11298.00    1.03582   0.98033   27.130
11299.00    1.03973   0.98628   28.589
11300.00    1.03719   0.99417   32.514
11301.00    1.02841   1.00371   42.718
11302.00    1.04337   1.01426   52.494
11303.00    1.06319   1.02513   62.365
11304.00    1.04619   1.03574   64.448
11305.00    1.03466   1.04534   65.281
11306.00    1.04348   1.05346   64.164
11307.00    1.04872   1.05983   63.016
11308.00    1.04827   1.06417   61.928
11309.00    1.04930   1.06671   58.520
11310.00    1.04395   1.06767   54.946
11311.00    1.01663   1.06734   50.263
11312.00    1.02310   1.06605   43.375
11313.00    1.06036   1.06429   36.098
11314.00    1.06941   1.06248   35.425
11315.00    1.07085   1.06083   36.469
11316.00    1.04347   1.05964   39.846
11317.00    1.02586   1.05892   43.998
11318.00    1.02683   1.05858   49.085
11319.00    1.03335   1.05853   52.854
11320.00    1.04005   1.05870   55.826
11321.00    1.02984   1.05876   57.161
11322.00    1.03213   1.05854   58.613
11323.00    1.05949   1.05791   60.930
11324.00    1.06280   1.05657   62.808
11325.00    1.05128   1.05425   64.119
11326.00    1.04868   1.05079   64.094
11327.00    1.04865   1.04598   64.638
11328.00    1.05199   1.03969   67.805
11329.00    1.05283   1.03199   70.430
11330.00    1.04960   1.02309   72.208
11331.00    1.04269   1.01322   71.416
11332.00    1.03562   1.00297   69.489
11333.00    1.01429   0.99289   63.198
11334.00    0.99970   0.98336   57.109
11335.00    0.99813   0.97477   50.699
11336.00    1.00758   0.96733   52.245
11337.00    1.02411   0.96092   -1.000
11338.00    1.02847   0.95524   -1.000
11339.00    1.02913   0.94964   -1.000
11340.00    1.02954   0.94374   -1.000
11341.00    1.03246   0.93716   -1.000
11342.00    1.03616   0.92972   -1.000
11343.00    1.04360   0.92154   -1.000
11344.00    1.05410   0.91306   -1.000
11345.00    1.05940   0.90499   -1.000
11346.00    1.06060   0.89801   -1.000
11347.00    1.05688   0.89277   -1.000
11348.00    1.05192   0.88986   -1.000
11349.00    1.04319   0.88962   -1.000
11350.00    1.03435   0.89205   -1.000
11351.00    1.02563   0.89692   -1.000
11352.00    1.01451   0.90382   -1.000
11353.00    1.01041   0.91219   -1.000
11354.00    1.01101   0.92151   -1.000
11355.00    1.02757   0.93130   -1.000
11356.00    1.03850   0.94124   -1.000
11357.00    1.02484   0.95112   -1.000
11358.00    1.01593   0.96104   -1.000
11359.00    1.01488   0.97098   65.442
11360.00    1.02638   0.98115   64.368
11361.00    1.03993   0.99145   63.578
11362.00    1.04465   1.00182   65.005
11363.00    1.04375   1.01187   65.610
11364.00    1.03432   1.02137   64.631
11365.00    1.02905   1.02987   63.125
11366.00    1.03093   1.03695   61.456
11367.00    1.04953   1.04221   63.038
11368.00    1.06243   1.04550   64.371
11369.00    1.06444   1.04682   63.411
11370.00    1.05475   1.04612   59.213
11371.00    1.03847   1.04382   53.269
11372.00    1.02512   1.04022   53.726
11373.00    1.02331   1.03583   55.896
11374.00    1.03736   1.03091   62.672
11375.00    1.03074   1.02607   68.864
11376.00    1.00555   1.02136   72.566
11377.00    0.99420   1.01706   71.656
11378.00    0.98744   1.01337   69.259
11379.00    0.99785   1.01027   66.432
11380.00    1.00362   1.00760   59.578
11381.00    0.99894   1.00552   47.022
11382.00    0.98634   1.00410   32.974
11383.00    0.96564   1.00317   23.837
11384.00    0.95500   1.00318   21.936
11385.00    0.95248   1.00407   22.000
11386.00    0.98037   1.00580   29.165
11387.00    0.99896   1.00815   39.540
11388.00    1.00808   1.01079   53.768
11389.00    1.00402   1.01320   62.486
11390.00    0.99990   1.01524   68.673
11391.00    1.00434   1.01677   71.793
11392.00    1.00720   1.01759   73.528
11393.00    1.00997   1.01786   72.754
11394.00    1.00604   1.01760   69.949
11395.00    1.00222   1.01707   66.668
11396.00    1.00600   1.01644   67.356
11397.00    1.00817   1.01563   68.839
11398.00    1.00718   1.01452   71.508
11399.00    1.00749   1.01301   72.672
11400.00    1.00812   1.01097   72.744
11401.00    1.01012   1.00848   69.289
11402.00    1.00953   1.00542   65.848
11403.00    1.00267   1.00202   63.220
11404.00    1.00067   0.99851   63.535
11405.00    1.00011   0.99530   67.592
11406.00    0.99518   0.99262   67.567
11407.00    0.98821   0.99091   65.023
11408.00    0.98192   0.99050   52.695
11409.00    0.97756   0.99135   44.431
11410.00    0.97764   0.99334   39.078
11411.00    0.98083   0.99619   40.167
11412.00    0.98244   0.99936   45.552
11413.00    1.00361   1.00270   54.330
11414.00    1.02140   1.00608   64.854
11415.00    1.02692   1.00921   69.490
11416.00    1.02399   1.01211   72.172
11417.00    1.01242   1.01481   72.669
11418.00    1.01512   1.01732   71.821
11419.00    1.01951   1.01966   70.425
11420.00    1.01845   1.02197   66.405
11421.00    1.02226   1.02414   62.632
11422.00    1.03501   1.02605   59.084
11423.00    1.03927   1.02790   60.953
11424.00    1.04086   1.02967   65.414
11425.00    1.04439   1.03130   70.410
11426.00    1.04465   1.03276   74.456
11427.00    1.04163   1.03398   74.718
11428.00    1.03958   1.03479   72.963
11429.00    1.04013   1.03509   70.135
11430.00    1.04167   1.03458   68.566
11431.00    1.04511   1.03292   66.228
11432.00    1.05934   1.03004   59.536
11433.00    1.06725   1.02598   45.984
11434.00    1.07301   1.02079   32.919
11435.00    1.05676   1.01449   26.205
11436.00    1.03584   1.00758   22.343
11437.00    1.03299   1.00049   24.442
11438.00    1.03294   0.99359   28.952
11439.00    1.03549   0.98755   41.630
11440.00    1.03639   0.98280   55.292
11441.00    1.03686   0.97939   -1.000
11442.00    1.03005   0.97765   -1.000
11443.00    1.02547   0.97755   -1.000
11444.00    1.02632   0.97879   -1.000
11445.00    1.03111   0.98134   -1.000
11446.00    1.03880   0.98442   -1.000
11447.00    1.04295   0.98774   -1.000
11448.00    1.04795   0.99105   -1.000
11449.00    1.04881   0.99400   -1.000
11450.00    1.05125   0.99656   -1.000
11451.00    1.05600   0.99879   -1.000
11452.00    1.05427   1.00036   -1.000
11453.00    1.05126   1.00136   -1.000
11454.00    1.05461   1.00180   -1.000
11455.00    1.05849   1.00175   -1.000
11456.00    1.06627   1.00121   -1.000
11457.00    1.06817   1.00017   -1.000
11458.00    1.06488   0.99872   -1.000
11459.00    1.05746   0.99685   -1.000
11460.00    1.05269   0.99467   -1.000
11461.00    1.05270   0.99256   -1.000
11462.00    1.05261   0.99050   -1.000
11463.00    1.05076   0.98857   -1.000
11464.00    1.05242   0.98719   -1.000
11465.00    1.05392   0.98619   -1.000
11466.00    1.05775   0.98584   -1.000
11467.00    1.06332   0.98605   -1.000
11468.00    1.06901   0.98673   -1.000
11469.00    1.07030   0.98790   -1.000
11470.00    1.07163   0.98965   -1.000
11471.00    1.07808   0.99185   -1.000
11472.00    1.08020   0.99434   -1.000
11473.00    1.06949   0.99739   41.651
11474.00    1.06030   1.00084   49.269
11475.00    1.05363   1.00490   -1.000
11476.00    1.06186   1.00931   -1.000
11477.00    1.06711   1.01400   -1.000
11478.00    1.06239   1.01853   -1.000
11479.00    1.05801   1.02267   72.727
11480.00    1.05310   1.02596   69.904
11481.00    1.04535   1.02806   68.027
11482.00    1.03854   1.02902   66.592
11483.00    1.04268   1.02901   69.621
11484.00    1.04452   1.02833   72.397
11485.00    1.04430   1.02705   74.267
11486.00    1.04625   1.02564   75.047
11487.00    1.04592   1.02419   75.176
11488.00    1.04026   1.02322   74.113
11489.00    1.03674   1.02237   72.261
11490.00    1.03618   1.02199   68.219
11491.00    1.03510   1.02166   55.894
11492.00    1.03271   1.02127   42.746
11493.00    1.05571   1.02079   33.371
11494.00    1.07919   1.02018   27.818
11495.00    1.05517   1.01949   28.336
11496.00    1.04485   1.01906   31.316
11497.00    1.05801   1.01897   40.561
11498.00    1.06121   1.01941   51.514
11499.00    1.05904   1.02044   65.493
11500.00    1.05947   1.02194   69.122
11501.00    1.05645   1.02370   71.816
11502.00    1.04377   1.02552   73.385
11503.00    1.04417   1.02712   74.653
11504.00    1.05167   1.02867   75.743
11505.00    1.05081   1.02987   74.921
11506.00    1.05020   1.03064   73.546
11507.00    1.05765   1.03128   70.787
11508.00    1.05533   1.03167   70.566
11509.00    1.04230   1.03175   72.824
11510.00    1.05195   1.03145   73.480
11511.00    1.06390   1.03084   73.980
11512.00    1.06808   1.02959   75.001
11513.00    1.06562   1.02776   74.852
11514.00    1.05286   1.02532   72.922
11515.00    1.05427   1.02235   70.265
11516.00    1.06352   1.01871   67.633
11517.00    1.06705   1.01480   -1.000
11518.00    1.06981   1.01073   -1.000
11519.00    1.07262   1.00652   -1.000
11520.00    1.07426   1.00246   -1.000
11521.00    1.07747   0.99897   -1.000
11522.00    1.06987   0.99592   -1.000
11523.00    1.05879   0.99386   -1.000
11524.00    1.05697   0.99266   -1.000
11525.00    1.05484   0.99263   -1.000
11526.00    1.05200   0.99364   -1.000
11527.00    1.05265   0.99600   -1.000
11528.00    1.05510   0.99946   -1.000
11529.00    1.04167   1.00391   76.487
11530.00    1.03459   1.00880   77.840
11531.00    1.04141   1.01388   76.867
11532.00    1.05132   1.01876   73.436
11533.00    1.06235   1.02317   69.244
11534.00    1.05752   1.02697   66.680
11535.00    1.05256   1.02972   65.039
11536.00    1.04393   1.03144   64.748
11537.00    1.04778   1.03236   59.828
11538.00    1.06509   1.03261   51.848
11539.00    1.07280   1.03247   47.769
11540.00    1.07292   1.03233   45.656
11541.00    1.06676   1.03226   51.266
11542.00    1.05960   1.03267   58.610
11543.00    1.04896   1.03351   68.274
11544.00    1.04757   1.03465   73.989
11545.00    1.05070   1.03635   77.086
11546.00    1.06511   1.03814   77.508
11547.00    1.07220   1.03994   77.456
11548.00    1.05742   1.04156   76.728
11549.00    1.05527   1.04267   75.036
11550.00    1.06322   1.04318   72.780
11551.00    1.05833   1.04329   73.432
11552.00    1.05303   1.04296   74.108
11553.00    1.05796   1.04233   73.136
11554.00    1.04990   1.04181   69.298
11555.00    1.02357   1.04126   63.610
11556.00    1.02556   1.04109   53.707
11557.00    1.04058   1.04133   45.266
11558.00    1.04764   1.04189   38.164
11559.00    1.05414   1.04278   35.360
11560.00    1.06285   1.04402   38.503
11561.00    1.06332   1.04521   46.648
11562.00    1.06003   1.04646   63.323
11563.00    1.05937   1.04769   71.818
11564.00    1.05791   1.04859   77.989
11565.00    1.05218   1.04927   77.067
11566.00    1.04939   1.04968   75.266
11567.00    1.04987   1.04976   72.845
11568.00    1.05055   1.04954   73.626
11569.00    1.05287   1.04893   75.104
11570.00    1.05845   1.04794   76.858
11571.00    1.05859   1.04669   78.041
11572.00    1.05559   1.04515   78.368
11573.00    1.05858   1.04352   77.898
11574.00    1.06115   1.04185   77.111
11575.00    1.05830   1.04026   75.248
11576.00    1.05688   1.03899   74.079
11577.00    1.05604   1.03832   74.211
11578.00    1.05555   1.03809   75.342
11579.00    1.05639   1.03846   77.159
11580.00    1.04952   1.03923   77.551
11581.00    1.04481   1.04029   77.377
11582.00    1.04779   1.04123   75.831
11583.00    1.05011   1.04192   73.900
11584.00    1.05085   1.04196   71.716
11585.00    1.04849   1.04109   72.009
11586.00    1.04484   1.03928   73.124
11587.00    1.04020   1.03650   76.504
11588.00    1.03837   1.03285   79.043
11589.00    1.03920   1.02849   79.936
11590.00    1.03177   1.02391   79.645
11591.00    1.02515   1.01944   78.646
11592.00    1.03207   1.01560   75.967
11593.00    1.03716   1.01256   73.855
11594.00    1.03995   1.01085   73.138
11595.00    1.03920   1.01039   73.678
11596.00    1.03609   1.01127   75.102
11597.00    1.03070   1.01312   70.132
11598.00    1.02485   1.01569   65.649
11599.00    1.02716   1.01829   64.001
11600.00    1.03075   1.02057   65.447
11601.00    1.03538   1.02187   70.442
11602.00    1.03732   1.02197   72.742
11603.00    1.03894   1.02049   74.429
11604.00    1.03608   1.01751   76.802
11605.00    1.03243   1.01332   78.901
11606.00    1.02863   1.00809   80.155
11607.00    1.02394   1.00228   79.635
11608.00    1.01923   0.99653   78.297
11609.00    1.01029   0.99120   75.568
11610.00    1.00411   0.98704   71.137
11611.00    1.00469   0.98451   62.619
11612.00    1.00288   0.98395   55.903
11613.00    0.99768   0.98544   50.757
11614.00    1.00246   0.98892   52.252
11615.00    1.00890   0.99390   56.038
11616.00    1.01384   1.00018   65.269
11617.00    1.02027   1.00706   72.005
11618.00    1.02900   1.01417   71.434
11619.00    1.03773   1.02094   70.874
11620.00    1.04584   1.02695   70.494
11621.00    1.04657   1.03207   73.398
11622.00    1.04748   1.03636   75.903
11623.00    1.05024   1.03959   76.523
11624.00    1.05538   1.04184   75.592
11625.00    1.06219   1.04302   73.682
11626.00    1.06128   1.04339   69.042
11627.00    1.05984   1.04304   63.477
11628.00    1.05595   1.04200   54.281
11629.00    1.05618   1.04044   49.427
11630.00    1.06154   1.03839   47.645
11631.00    1.05809   1.03613   51.115
11632.00    1.05095   1.03382   57.388
11633.00    1.03597   1.03129   65.672
11634.00    1.02454   1.02859   72.837
11635.00    1.02205   1.02598   74.046
11636.00    1.02117   1.02346   73.383
11637.00    1.02163   1.02104   71.902
11638.00    1.02369   1.01893   74.177
11639.00    1.02259   1.01712   76.792
11640.00    1.01675   1.01590   79.062
11641.00    1.01778   1.01545   80.209
11642.00    1.02309   1.01575   80.390
11643.00    1.02816   1.01683   78.780
11644.00    1.03132   1.01871   76.981
11645.00    1.02287   1.02106   75.480
11646.00    1.02162   1.02375   75.207
11647.00    1.02988   1.02641   76.480
11648.00    1.04097   1.02881   77.522
11649.00    1.05202   1.03086   78.420
11650.00    1.04897   1.03237   78.237
11651.00    1.04699   1.03335   77.550
11652.00    1.04661   1.03375   75.956
11653.00    1.04424   1.03352   74.523
11654.00    1.04166   1.03276   73.249
11655.00    1.04409   1.03181   75.270
11656.00    1.04696   1.03082   77.192
11657.00    1.04779   1.02986   77.261
11658.00    1.04433   1.02913   76.901
11659.00    1.03799   1.02871   75.890
11660.00    1.03688   1.02874   73.711
11661.00    1.03638   1.02923   71.605
11662.00    1.04306   1.02976   70.932
11663.00    1.04352   1.03048   71.694
11664.00    1.03797   1.03118   74.693
11665.00    1.04003   1.03175   77.282
11666.00    1.04094   1.03222   79.739
11667.00    1.04163   1.03235   79.714
11668.00    1.04006   1.03228   79.163
11669.00    1.02508   1.03234   77.850
11670.00    1.02469   1.03241   76.241
11671.00    1.03339   1.03286   74.519
11672.00    1.03835   1.03351   76.403
11673.00    1.04039   1.03451   78.728
11674.00    1.03649   1.03577   79.768
11675.00    1.03696   1.03718   80.299
11676.00    1.03975   1.03844   80.286
11677.00    1.04560   1.03959   78.835
11678.00    1.05215   1.04027   77.031
11679.00    1.04771   1.04057   74.711
11680.00    1.04287   1.04021   73.374
11681.00    1.03811   1.03911   73.528
11682.00    1.03479   1.03745   75.331
11683.00    1.03156   1.03528   78.335
11684.00    1.03692   1.03251   78.085
11685.00    1.04187   1.02929   77.457
11686.00    1.04293   1.02569   76.480
11687.00    1.03942   1.02181   75.037
11688.00    1.02990   1.01801   73.296
11689.00    1.02324   1.01445   72.565
11690.00    1.01705   1.01122   71.420
11691.00    1.01562   1.00867   66.995
11692.00    1.01425   1.00726   64.876
11693.00    1.01313   1.00692   65.504
11694.00    1.01977   1.00786   68.604
11695.00    1.02757   1.00995   73.099
11696.00    1.01404   1.01284   74.352
11697.00    1.00707   1.01641   75.592
11698.00    1.01532   1.02035   76.983
11699.00    1.02580   1.02432   78.413
11700.00    1.03715   1.02809   79.882
11701.00    1.02992   1.03158   80.413
11702.00    1.02579   1.03465   80.367
11703.00    1.04808   1.03736   77.710
11704.00    1.06050   1.03971   73.470
11705.00    1.06250   1.04158   67.897
11706.00    1.05352   1.04302   62.714
11707.00    1.04135   1.04408   58.474
11708.00    1.04068   1.04463   61.244
11709.00    1.04331   1.04473   65.014
11710.00    1.05144   1.04453   70.729
11711.00    1.04971   1.04416   74.039
11712.00    1.04259   1.04376   75.631
11713.00    1.04358   1.04331   74.033
11714.00    1.04427   1.04284   73.042
11715.00    1.04339   1.04248   74.304
11716.00    1.04229   1.04250   75.503
11717.00    1.04228   1.04256   76.622
11718.00    1.04462   1.04262   77.344
11719.00    1.04769   1.04267   77.688
11720.00    1.04375   1.04256   76.736
11721.00    1.04260   1.04252   75.159
11722.00    1.04928   1.04232   72.840
11723.00    1.04963   1.04185   72.881
11724.00    1.04827   1.04141   73.791
11725.00    1.04498   1.04097   75.565
11726.00    1.04278   1.04049   77.000
11727.00    1.04462   1.04021   77.544
11728.00    1.04655   1.03993   77.043
11729.00    1.04900   1.03973   75.955
11730.00    1.04290   1.03960   74.750
11731.00    1.03831   1.03931   73.990
11732.00    1.03977   1.03887   74.837
11733.00    1.04545   1.03817   76.042
11734.00    1.05362   1.03737   77.684
11735.00    1.06433   1.03646   78.511
11736.00    1.07248   1.03545   79.032
11737.00    1.06360   1.03445   78.358
11738.00    1.05923   1.03374   76.862
11739.00    1.05994   1.03324   74.266
11740.00    1.05322   1.03326   69.415
11741.00    1.04394   1.03355   64.280
11742.00    1.04525   1.03407   66.986
11743.00    1.04484   1.03487   70.774
11744.00    1.03673   1.03568   75.467
11745.00    1.03214   1.03633   77.016
11746.00    1.03000   1.03661   75.887
11747.00    1.02267   1.03644   73.904
11748.00    1.01687   1.03574   72.404
11749.00    1.02593   1.03468   73.273
11750.00    1.02803   1.03311   74.656
11751.00    1.02243   1.03129   76.679
11752.00    1.02066   1.02937   78.016
11753.00    1.01913   1.02771   79.044
11754.00    1.01971   1.02634   78.494
11755.00    1.02212   1.02554   77.343
11756.00    1.02779   1.02526   75.167
11757.00    1.03372   1.02572   74.600
11758.00    1.03995   1.02678   74.897
11759.00    1.03627   1.02819   76.944
11760.00    1.03468   1.02977   78.929
11761.00    1.03350   1.03125   80.218
11762.00    1.03398   1.03233   80.531
11763.00    1.03584   1.03281   79.991
11764.00    1.02840   1.03244   78.505
11765.00    1.02104   1.03115   77.064
11766.00    1.01360   1.02901   77.127
11767.00    1.00666   1.02592   77.926
11768.00    1.00004   1.02212   79.837
11769.00    0.99990   1.01786   80.931
11770.00    1.00229   1.01364   81.614
11771.00    0.99605   1.00955   80.441
11772.00    0.98848   1.00595   78.788
11773.00    0.98108   1.00296   76.098
11774.00    0.98003   1.00073   74.346
11775.00    0.98325   0.99932   73.127
11776.00    0.98574   0.99850   73.730
11777.00    0.98773   0.99804   74.350
11778.00    0.98987   0.99783   74.337
11779.00    0.99073   0.99765   74.690
11780.00    0.99137   0.99741   75.546
11781.00    0.99338   0.99706   76.230
11782.00    0.99622   0.99676   76.879
11783.00    0.99815   0.99693   77.177
11784.00    1.00020   0.99757   77.517
11785.00    1.00090   0.99907   78.075
11786.00    0.99601   1.00131   79.495
11787.00    0.98879   1.00422   80.997
11788.00    0.99063   1.00782   79.055
11789.00    0.99621   1.01164   76.142
11790.00    1.00632   1.01527   71.135
11791.00    1.01644   1.01861   68.339
11792.00    1.02606   1.02104   67.095
11793.00    1.02804   1.02262   70.429
11794.00    1.02845   1.02351   74.826
11795.00    1.02730   1.02359   77.360
11796.00    1.02798   1.02325   78.862
11797.00    1.03032   1.02270   78.866
11798.00    1.02840   1.02200   77.744
11799.00    1.02443   1.02172   76.405
11800.00    1.01610   1.02197   76.131
11801.00    1.01165   1.02259   76.418
11802.00    1.01250   1.02387   77.907
11803.00    1.01312   1.02538   78.405
11804.00    1.01317   1.02700   78.193
11805.00    1.01520   1.02880   74.135
11806.00    1.02069   1.03034   68.974
11807.00    1.03249   1.03147   60.934
11808.00    1.03898   1.03229   56.738
11809.00    1.03698   1.03244   55.318
11810.00    1.03924   1.03225   57.284
11811.00    1.04217   1.03183   59.898
11812.00    1.03340   1.03105   57.870
11813.00    1.03009   1.03022   54.778
11814.00    1.03545   1.02939   50.367
11815.00    1.03532   1.02853   48.986
11816.00    1.03284   1.02775   49.225
11817.00    1.02396   1.02687   56.291
11818.00    1.01817   1.02574   64.652
11819.00    1.02469   1.02430   70.266
11820.00    1.02110   1.02217   70.464
11821.00    1.01067   1.01907   66.288
11822.00    1.00875   1.01477   61.097
11823.00    1.00851   1.00918   56.700
11824.00    1.00672   1.00222   54.284
11825.00    0.99973   0.99419   51.011
11826.00    0.98290   0.98534   46.781
11827.00    0.97959   0.97627   42.344
11828.00    0.98485   0.96786   38.869
11829.00    0.97983   0.96081   42.996
11830.00    0.97160   0.95598   49.759
11831.00    0.96035   0.95367   63.572
11832.00    0.95526   0.95411   72.888
11833.00    0.95274   0.95732   76.447
11834.00    0.95596   0.96277   75.639
11835.00    0.95927   0.96982   74.067
11836.00    0.96118   0.97761   71.108
11837.00    0.97040   0.98526   64.663
11838.00    0.98815   0.99258   56.663
11839.00    1.01248   0.99892   52.896
11840.00    1.03057   1.00421   50.715
11841.00    1.02574   1.00843   52.866
11842.00    1.02365   1.01154   54.133
11843.00    1.02798   1.01416   53.762
11844.00    1.02916   1.01635   44.186
11845.00    1.03014   1.01828   35.593
11846.00    1.02974   1.02009   34.576
11847.00    1.03216   1.02185   35.396
11848.00    1.04166   1.02361   41.107
11849.00    1.03849   1.02538   50.975
11850.00    1.02722   1.02696   69.483
11851.00    1.02698   1.02844   72.456
11852.00    1.02804   1.02982   72.704
11853.00    1.02637   1.03098   74.145
11854.00    1.02826   1.03187   75.363
11855.00    1.03130   1.03246   76.432
11856.00    1.03051   1.03269   76.725
11857.00    1.03082   1.03274   76.658
11858.00    1.02768   1.03258   74.999
11859.00    1.02774   1.03220   71.863
11860.00    1.03248   1.03171   66.565
11861.00    1.03212   1.03107   57.023
11862.00    1.03060   1.03049   48.108
11863.00    1.02675   1.03020   46.587
11864.00    1.02516   1.02998   46.849
11865.00    1.02736   1.02987   51.250
11866.00    1.03183   1.02985   52.893
11867.00    1.03890   1.02987   51.578
11868.00    1.02239   1.02991   39.817
11869.00    1.00721   1.02979   32.307
11870.00    1.01233   1.02923   32.565
11871.00    1.01680   1.02841   35.773
11872.00    1.01912   1.02720   45.766
11873.00    1.01731   1.02546   57.284
11874.00    1.01880   1.02318   71.692
11875.00    1.02398   1.02036   71.282
11876.00    1.02657   1.01698   69.883
11877.00    1.02192   1.01298   67.808
11878.00    1.01838   1.00829   69.227
11879.00    1.01686   1.00286   72.462
11880.00    1.02331   0.99701   72.560
11881.00    1.02606   0.99089   72.319
11882.00    1.01167   0.98487   71.678
11883.00    1.00100   0.97923   71.627
11884.00    0.99642   0.97452   72.244
11885.00    1.00134   0.97104   72.774
11886.00    1.00354   0.96907   73.531
11887.00    0.99125   0.96885   74.845
11888.00    0.98630   0.97009   75.855
11889.00    0.99112   0.97264   76.511
11890.00    0.99076   0.97614   76.630
11891.00    0.98682   0.98007   75.909
11892.00    0.99161   0.98423   62.298
11893.00    0.99876   0.98841   52.643
11894.00    1.00536   0.99244   46.487
11895.00    1.00317   0.99634   46.707
11896.00    0.99350   1.00008   51.877
11897.00    0.99101   1.00357   60.292
11898.00    0.99560   1.00703   70.553
11899.00    1.00731   1.01033   73.890
11900.00    1.01129   1.01340   75.700
11901.00    1.00805   1.01612   75.458
11902.00    1.01352   1.01815   73.962
11903.00    1.02248   1.01970   72.325
11904.00    1.02435   1.02062   73.104
11905.00    1.02850   1.02108   74.261
11906.00    1.03677   1.02112   76.151
11907.00    1.03704   1.02075   77.339
11908.00    1.03345   1.02042   78.102
11909.00    1.03283   1.02008   77.170
11910.00    1.03307   1.02010   75.926
11911.00    1.03499   1.02042   74.275
11912.00    1.03279   1.02114   73.889
11913.00    1.02903   1.02221   74.455
11914.00    1.03168   1.02343   76.006
11915.00    1.03363   1.02474   77.619
11916.00    1.04133   1.02581   77.955
11917.00    1.04075   1.02674   77.721
11918.00    1.02707   1.02716   76.791
11919.00    1.02354   1.02713   75.249
11920.00    1.02591   1.02653   73.647
11921.00    1.03374   1.02547   74.338
11922.00    1.03590   1.02419   75.424
11923.00    1.02476   1.02271   77.258
11924.00    1.01555   1.02126   78.191
11925.00    1.00734   1.01989   78.429
11926.00    1.01337   1.01895   77.468
11927.00    1.01728   1.01839   76.390
11928.00    1.00741   1.01834   74.878
11929.00    1.00525   1.01858   74.319
11930.00    1.01305   1.01914   74.714
11931.00    1.02003   1.02004   75.482
11932.00    1.02388   1.02100   76.259
11933.00    1.01906   1.02200   75.363
11934.00    1.01968   1.02268   74.204
11935.00    1.02846   1.02314   72.756
11936.00    1.03062   1.02339   71.836
11937.00    1.03042   1.02339   71.266
11938.00    1.03275   1.02313   72.678
11939.00    1.03412   1.02255   74.371
11940.00    1.02900   1.02184   76.490
11941.00    1.02558   1.02108   77.654
11942.00    1.02449   1.02020   78.019
11943.00    1.01943   1.01909   77.627
11944.00    1.01457   1.01783   76.975
11945.00    1.01443   1.01632   75.441
11946.00    1.01412   1.01461   74.659
11947.00    1.01370   1.01278   74.831
11948.00    1.01118   1.01074   75.439
11949.00    1.00769   1.00878   76.133
11950.00    1.00761   1.00688   75.941
11951.00    1.00661   1.00531   75.538
11952.00    1.00565   1.00422   74.732
11953.00    1.00462   1.00375   73.491
11954.00    1.00257   1.00375   72.014
11955.00    0.99870   1.00426   63.523
11956.00    0.99963   1.00533   53.209
11957.00    1.00894   1.00670   38.913
11958.00    1.00740   1.00849   30.097
11959.00    0.99676   1.01023   24.255
11960.00    0.98373   1.01187   22.624
11961.00    0.97247   1.01347   22.283
11962.00    0.98437   1.01469   27.941
11963.00    0.99544   1.01546   36.931
11964.00    1.00523   1.01552   52.507
11965.00    1.00687   1.01460   64.073
11966.00    1.00479   1.01272   69.746
11967.00    1.00433   1.00957   66.978
11968.00    1.00811   1.00493   63.989
11969.00    1.01722   0.99914   61.342
11970.00    1.02317   0.99232   54.053
11971.00    1.02571   0.98495   45.720
11972.00    1.00668   0.97743   37.945
11973.00    0.98687   0.97032   33.361
11974.00    0.97885   0.96434   35.588
11975.00    0.97224   0.95991   40.405
11976.00    0.96337   0.95745   50.872
11977.00    0.96551   0.95671   60.557
11978.00    0.97010   0.95750   70.386
11979.00    0.96822   0.95950   68.551
11980.00    0.96432   0.96199   67.448
11981.00    0.95857   0.96440   67.788
11982.00    0.95956   0.96638   69.647
11983.00    0.96413   0.96732   72.450
11984.00    0.96506   0.96759   72.599
11985.00    0.96824   0.96710   72.336
11986.00    0.97641   0.96608   71.616
11987.00    0.97727   0.96507   71.201
11988.00    0.97241   0.96408   71.062
11989.00    0.97090   0.96372   64.874
11990.00    0.97035   0.96395   58.493
11991.00    0.96156   0.96502   52.424
11992.00    0.95739   0.96685   50.032
11993.00    0.95822   0.96946   51.693
11994.00    0.96323   0.97276   56.892
11995.00    0.97121   0.97660   64.973
11996.00    0.97361   0.98087   69.938
11997.00    0.97916   0.98531   73.547
11998.00    0.99144   0.98978   72.990
11999.00    0.99976   0.99387   73.389
12000.00    1.00512   0.99733   74.403
12001.00    1.01253   0.99998   74.522
12002.00    1.02112   1.00193   74.868
12003.00    1.01712   1.00324   75.507
12004.00    1.01420   1.00392   75.244
12005.00    1.01378   1.00398   74.200
12006.00    1.01304   1.00381   73.740
12007.00    1.01142   1.00375   73.563
12008.00    1.00538   1.00398   74.761
12009.00    1.00064   1.00441   75.697
12010.00    0.99748   1.00508   76.188
12011.00    1.00018   1.00619   76.557
12012.00    1.00636   1.00761   76.769
12013.00    1.01274   1.00925   74.234
12014.00    1.01765   1.01080   70.961
12015.00    1.01978   1.01223   65.909
12016.00    1.01971   1.01353   63.577
12017.00    1.01720   1.01470   63.043
12018.00    1.01044   1.01532   65.779
12019.00    1.00536   1.01551   69.438
12020.00    1.01075   1.01523   73.208
12021.00    1.01823   1.01437   75.658
12022.00    1.02592   1.01306   76.083
12023.00    1.02188   1.01087   75.615
12024.00    1.01403   1.00825   74.918
12025.00    1.00462   1.00503   76.130
12026.00    0.99586   1.00094   77.198
12027.00    0.99095   0.99634   77.762
12028.00    0.99284   0.99122   76.464
12029.00    0.99705   0.98602   74.050
12030.00    0.98105   0.98078   62.318
12031.00    0.96500   0.97570   52.305
12032.00    0.96113   0.97134   43.134
12033.00    0.96860   0.96818   40.579
12034.00    0.98769   0.96627   42.540
12035.00    0.98213   0.96579   50.033
12036.00    0.97118   0.96663   62.243
12037.00    0.97645   0.96878   71.054
12038.00    0.98111   0.97201   77.390
12039.00    0.98451   0.97573   76.686
12040.00    0.98768   0.97971   75.482
12041.00    0.99045   0.98357   74.241
12042.00    0.99307   0.98735   75.392
12043.00    0.99810   0.99067   76.380
12044.00    1.00568   0.99360   76.639
12045.00    1.01120   0.99611   75.732
12046.00    1.01513   0.99835   74.010
12047.00    1.01151   1.00037   72.192
12048.00    1.00748   1.00212   70.712
12049.00    1.00873   1.00389   70.384
12050.00    1.01234   1.00539   71.272
12051.00    1.01899   1.00688   73.626
12052.00    1.01072   1.00795   75.371
12053.00    0.99833   1.00881   76.823
12054.00    0.99700   1.00966   76.619
12055.00    0.99797   1.01024   76.368
12056.00    1.00234   1.01069   76.085
12057.00    1.00933   1.01076   75.029
12058.00    1.01912   1.01091   73.611
12059.00    1.02295   1.01123   73.843
12060.00    1.02227   1.01137   73.291
12061.00    1.01080   1.01130   69.767
12062.00    1.01293   1.01115   57.234
12063.00    1.02649   1.01120   43.801
12064.00    1.03525   1.01126   32.066
12065.00    1.04012   1.01120   25.671
12066.00    1.03198   1.01095   26.265
12067.00    1.02148   1.01086   29.541
12068.00    1.00641   1.01101   40.080
12069.00    1.01022   1.01101   53.616
12070.00    1.02178   1.01086   73.187
12071.00    1.01431   1.01056   75.042
12072.00    1.00724   1.01004   75.220
12073.00    1.00391   1.00934   73.418
12074.00    1.00335   1.00820   71.698
12075.00    1.00586   1.00651   70.114
12076.00    1.01501   1.00440   70.750
12077.00    1.02122   1.00143   71.857
12078.00    1.01366   0.99809   73.740
12079.00    1.00499   0.99422   75.435
12080.00    0.99606   0.98983   76.971
12081.00    0.99238   0.98552   76.221
12082.00    0.98869   0.98099   74.715
12083.00    0.98681   0.97715   71.830
12084.00    0.98858   0.97403   69.955
12085.00    0.99614   0.97195   69.458
12086.00    0.99322   0.97128   70.486
12087.00    0.98801   0.97173   72.332
12088.00    0.99700   0.97362   73.759
12089.00    0.99631   0.97655   73.613
12090.00    0.97448   0.98006   69.038
12091.00    0.97998   0.98394   55.548
12092.00    1.00664   0.98779   42.298
12093.00    1.00186   0.99140   37.629
12094.00    0.99406   0.99434   35.580
12095.00    0.98740   0.99646   41.233
12096.00    0.98999   0.99765   50.367
12097.00    0.99917   0.99791   67.589
12098.00    1.00419   0.99730   75.218
12099.00    1.01322   0.99596   76.456
12100.00    1.00602   0.99393   75.979
12101.00    0.99973   0.99120   75.767
12102.00    0.99790   0.98820   75.993
12103.00    0.99463   0.98517   76.812
12104.00    0.99197   0.98256   77.905
12105.00    0.99072   0.98010   77.783
12106.00    0.98975   0.97811   77.623
12107.00    0.99608   0.97689   77.242
12108.00    0.99930   0.97637   76.517
12109.00    0.99835   0.97683   75.561
12110.00    0.99895   0.97757   75.445
12111.00    0.99926   0.97892   75.632
12112.00    0.99972   0.98054   76.980
12113.00    1.00017   0.98246   77.759
12114.00    0.99960   0.98473   77.660
12115.00    0.99698   0.98675   76.869
12116.00    0.99382   0.98880   75.768
12117.00    0.99860   0.99072   74.057
12118.00    1.00162   0.99286   68.859
12119.00    1.00237   0.99479   57.237
12120.00    1.01799   0.99643   39.481
12121.00    1.04470   0.99809   27.220
12122.00    1.05657   0.99950   24.414
12123.00    1.05171   1.00101   23.653
12124.00    1.02048   1.00208   28.132
12125.00    1.00798   1.00290   35.977
12126.00    1.01166   1.00370   53.120
12127.00    1.01025   1.00394   64.890
12128.00    1.00964   1.00417   72.273
12129.00    1.00766   1.00410   73.324
12130.00    1.00654   1.00382   74.029
12131.00    1.00951   1.00348   74.075
12132.00    1.00989   1.00294   73.455
12133.00    1.01046   1.00249   72.474
12134.00    1.01162   1.00206   72.108
12135.00    1.01176   1.00166   72.052
12136.00    1.01469   1.00155   72.355
12137.00    1.01376   1.00165   72.925
12138.00    1.01202   1.00196   73.739
12139.00    1.01236   1.00258   74.606
12140.00    1.01223   1.00352   75.236
12141.00    1.00868   1.00454   74.457
12142.00    1.00529   1.00564   74.234
12143.00    1.00329   1.00675   74.312
12144.00    1.00419   1.00803   74.382
12145.00    1.00766   1.00912   74.579
12146.00    1.01562   1.00996   75.526
12147.00    1.01994   1.01064   75.685
12148.00    1.01909   1.01116   74.002
12149.00    1.01472   1.01158   72.924
12150.00    1.00776   1.01173   72.225
12151.00    1.01215   1.01173   72.394
12152.00    1.01817   1.01152   72.910
12153.00    1.02658   1.01123   73.976
12154.00    1.02887   1.01090   75.021
12155.00    1.02801   1.01050   75.970
12156.00    1.03037   1.01009   75.794
12157.00    1.03068   1.00960   73.868
12158.00    1.03129   1.00934   59.240
12159.00    1.02989   1.00915   48.407
12160.00    1.01902   1.00902   39.934
12161.00    1.01855   1.00893   38.507
12162.00    1.02258   1.00891   39.941
12163.00    1.02570   1.00879   49.097
12164.00    1.02819   1.00860   61.677
12165.00    1.03016   1.00831   70.418
12166.00    1.02338   1.00792   75.764
12167.00    1.00907   1.00728   77.009
12168.00    1.00991   1.00661   76.367
12169.00    1.01160   1.00594   75.584
12170.00    1.01346   1.00523   75.348
12171.00    1.01577   1.00440   73.945
12172.00    1.02022   1.00350   70.577
12173.00    1.02176   1.00273   72.172
12174.00    1.02049   1.00197   76.361
12175.00    1.01710   1.00120   76.634
12176.00    1.01533   1.00026   76.479
12177.00    1.01626   0.99956   75.705
12178.00    1.01546   0.99897   75.159
12179.00    1.01376   0.99844   74.763
12180.00    1.01222   0.99799   75.235
12181.00    1.00970   0.99755   74.306
12182.00    1.00379   0.99727   68.177
12183.00    1.00536   0.99698   52.745
12184.00    1.01808   0.99665   38.247
12185.00    1.02580   0.99624   31.072
12186.00    1.03037   0.99564   26.943
12187.00    1.03706   0.99497   28.625
12188.00    1.03508   0.99411   32.675
12189.00    1.01963   0.99322   43.394
12190.00    1.00340   0.99233   55.602
12191.00    0.99084   0.99141   70.592
12192.00    0.99651   0.99085   74.037
12193.00    1.00115   0.99042   75.918
12194.00    1.00096   0.99049   75.292
12195.00    1.00005   0.99098   74.029
12196.00    0.99822   0.99196   72.346
12197.00    0.99733   0.99310   71.982
12198.00    0.99627   0.99456   72.010
12199.00    0.99748   0.99602   73.084
12200.00    0.99839   0.99763   74.280
12201.00    0.99970   0.99895   75.639
12202.00    1.00222   0.99996   76.072
12203.00    1.00488   1.00066   76.267
12204.00    1.00254   1.00103   76.385
12205.00    0.99806   1.00120   76.865
12206.00    0.99110   1.00103   77.948
12207.00    0.99431   1.00067   78.382
12208.00    1.00173   0.99999   78.499
12209.00    1.00077   0.99946   78.101
12210.00    0.99785   0.99893   77.595
12211.00    0.99426   0.99840   76.723
12212.00    0.99691   0.99791   76.155
12213.00    1.00400   0.99747   75.832
12214.00    1.00762   0.99721   76.668
12215.00    1.01010   0.99699   77.630
12216.00    1.00975   0.99679   78.048
12217.00    1.00758   0.99658   78.247
12218.00    1.00281   0.99636   78.210
12219.00    0.99896   0.99608   77.711
12220.00    0.99708   0.99562   77.073
12221.00    1.00007   0.99504   76.602
12222.00    1.00099   0.99436   75.788
12223.00    1.00000   0.99360   74.637
12224.00    0.99963   0.99265   72.603
12225.00    0.99984   0.99148   69.705
12226.00    1.00638   0.99058   67.852
12227.00    1.01155   0.98988   66.622
12228.00    1.01088   0.98936   66.752
12229.00    1.00681   0.98880   67.497
12230.00    0.99736   0.98883   68.906
12231.00    0.98546   0.98925   64.582
12232.00    0.97454   0.99012   58.805
12233.00    0.98915   0.99108   49.316
12234.00    1.00385   0.99217   43.776
12235.00    1.01909   0.99367   41.343
12236.00    1.01899   0.99499   43.477
12237.00    1.01025   0.99613   48.667
12238.00    1.01052   0.99725   57.732
12239.00    1.00981   0.99804   67.789
12240.00    1.00768   0.99864   70.921
12241.00    1.00163   0.99896   72.590
12242.00    0.99290   0.99891   72.945
12243.00    0.99246   0.99901   73.107
12244.00    0.99403   0.99898   73.207
12245.00    0.99710   0.99905   73.058
12246.00    0.99580   0.99915   73.116
12247.00    0.99024   0.99930   73.382
12248.00    0.99041   0.99961   73.510
12249.00    0.99419   0.99996   73.517
12250.00    0.99965   1.00055   72.990
12251.00    1.00185   1.00090   72.256
12252.00    0.99879   1.00118   71.117
12253.00    1.00566   1.00126   62.523
12254.00    1.01828   1.00123   52.562
12255.00    1.02234   1.00108   40.457
12256.00    1.02426   1.00067   33.498
12257.00    1.02683   1.00011   31.769
12258.00    1.02793   0.99920   32.828
12259.00    1.02436   0.99840   37.041
12260.00    1.01414   0.99739   45.678
12261.00    1.00301   0.99624   59.353
12262.00    0.99292   0.99496   65.048
12263.00    0.98704   0.99353   69.640
12264.00    0.98915   0.99205   71.424
12265.00    0.98921   0.99009   72.767
12266.00    0.98789   0.98811   73.784
12267.00    0.98341   0.98594   74.278
12268.00    0.97960   0.98374   74.722
12269.00    0.97612   0.98156   75.196
12270.00    0.97311   0.97925   75.473
12271.00    0.97081   0.97724   75.623
12272.00    0.96967   0.97568   75.771
12273.00    0.96895   0.97489   75.826
12274.00    0.96938   0.97468   75.892
12275.00    0.97227   0.97498   75.884
12276.00    0.97669   0.97585   75.832
12277.00    0.98024   0.97746   75.683
12278.00    0.98421   0.97954   75.413
12279.00    0.98468   0.98175   74.761
12280.00    0.98566   0.98374   74.022
12281.00    0.98551   0.98565   73.112
12282.00    0.98365   0.98728   72.658
12283.00    0.98143   0.98872   72.430
12284.00    0.99240   0.98952   71.932
12285.00    0.99982   0.98988   71.440
12286.00    0.99760   0.98985   71.084
12287.00    0.99563   0.98922   71.383
12288.00    0.99296   0.98851   72.256
12289.00    0.98644   0.98752   72.785
12290.00    0.98053   0.98631   73.222
12291.00    0.98143   0.98496   73.392
12292.00    0.98418   0.98344   73.857
12293.00    0.99040   0.98230   74.709
12294.00    0.99244   0.98141   75.051
12295.00    0.99377   0.98054   75.218
12296.00    0.99242   0.98011   75.114
12297.00    0.99195   0.98004   75.110
12298.00    0.99659   0.98051   75.243
12299.00    0.99951   0.98144   75.010
12300.00    1.00182   0.98251   74.570
12301.00    1.00734   0.98388   74.667
12302.00    1.01269   0.98540   74.865
12303.00    1.01454   0.98721   75.128
12304.00    1.01799   0.98874   74.459
12305.00    1.02130   0.99029   72.962
12306.00    1.01599   0.99146   71.795
12307.00    1.00785   0.99238   70.775
12308.00    0.99821   0.99290   70.151
12309.00    0.99339   0.99306   69.896
12310.00    0.99651   0.99297   70.276
12311.00    0.99766   0.99245   70.113
12312.00    0.99577   0.99172   69.503
12313.00    0.98769   0.99067   63.058
12314.00    0.98405   0.98991   56.978
12315.00    0.99020   0.98913   51.162
12316.00    0.98843   0.98824   49.842
12317.00    0.98074   0.98765   51.497
12318.00    0.97883   0.98730   57.936
12319.00    0.97647   0.98737   66.268
12320.00    0.97015   0.98733   70.055
12321.00    0.96914   0.98742   72.794
12322.00    0.97384   0.98765   73.906
12323.00    0.98018   0.98798   74.994
12324.00    0.98420   0.98827   76.142
12325.00    0.98330   0.98845   76.283
12326.00    0.98676   0.98862   75.811
12327.00    0.99972   0.98872   74.256
12328.00    0.99966   0.98874   72.959
12329.00    0.99001   0.98864   71.897
12330.00    0.99358   0.98845   71.436
12331.00    0.99577   0.98816   69.622
12332.00    0.99422   0.98762   63.329
12333.00    1.00125   0.98695   54.223
12334.00    1.01327   0.98619   45.067
12335.00    1.01327   0.98532   42.900
12336.00    1.01619   0.98422   42.690
12337.00    1.00940   0.98287   49.433
12338.00    1.00260   0.98175   58.283
12339.00    0.99988   0.98070   69.959
12340.00    0.99509   0.97975   74.858
12341.00    0.98925   0.97871   75.488
12342.00    0.98980   0.97823   72.682
12343.00    0.98909   0.97810   70.646
12344.00    0.98615   0.97831   70.638
12345.00    0.97677   0.97874   72.137
12346.00    0.96372   0.97943   74.763
12347.00    0.96620   0.98054   76.224
12348.00    0.97393   0.98155   77.249
12349.00    0.98814   0.98272   77.018
12350.00    0.99349   0.98360   76.965
12351.00    0.98983   0.98429   77.041
12352.00    0.98468   0.98473   77.084
12353.00    0.98124   0.98500   77.136
12354.00    0.98395   0.98506   77.023
12355.00    0.98232   0.98489   76.144
12356.00    0.97409   0.98447   74.036
12357.00    0.97420   0.98423   70.566
12358.00    0.97698   0.98416   66.831
12359.00    0.98897   0.98417   66.707
12360.00    1.00022   0.98422   67.690
12361.00    1.00070   0.98444   71.840
12362.00    1.00142   0.98488   74.649
12363.00    1.00380   0.98557   75.948
12364.00    1.00064   0.98610   75.894
12365.00    0.99341   0.98661   75.823
12366.00    0.99950   0.98713   76.417
12367.00    1.00399   0.98765   76.814
12368.00    1.00034   0.98806   77.042
12369.00    0.99788   0.98835   76.908
12370.00    1.00000   0.98858   76.447
12371.00    1.00052   0.98876   74.951
12372.00    1.00423   0.98892   72.297
12373.00    1.01786   0.98900   67.450
12374.00    1.02288   0.98905   65.458
12375.00    1.01986   0.98907   65.071
12376.00    1.00880   0.98907   68.682
12377.00    1.00437   0.98902   72.485
12378.00    1.00836   0.98889   73.940
12379.00    1.00892   0.98871   75.056
12380.00    1.00753   0.98848   75.692
12381.00    1.01160   0.98816   76.242
12382.00    1.01722   0.98761   76.686
12383.00    1.01408   0.98693   76.517
12384.00    1.01094   0.98617   76.675
12385.00    1.00816   0.98529   77.356
12386.00    0.99635   0.98413   77.118
12387.00    0.98173   0.98265   76.276
12388.00    0.99356   0.98131   71.459
12389.00    0.99950   0.97991   67.870
12390.00    0.99115   0.97843   66.699
12391.00    0.98966   0.97662   67.919
12392.00    0.99381   0.97511   71.118
12393.00    0.98605   0.97382   73.756
12394.00    0.97643   0.97263   76.180
12395.00    0.96697   0.97155   77.147
12396.00    0.96547   0.97056   77.604
12397.00    0.97349   0.97021   77.464
12398.00    0.97598   0.97014   77.301
12399.00    0.97972   0.97041   76.981
12400.00    0.98651   0.97090   73.566
12401.00    0.99350   0.97172   68.821
12402.00    1.00700   0.97295   62.116
12403.00    1.01018   0.97410   58.680
12404.00    1.00587   0.97548   56.828
12405.00    0.99719   0.97661   58.868
12406.00    0.98940   0.97773   61.731
12407.00    0.98698   0.97865   65.614
12408.00    0.98688   0.97943   69.524
12409.00    0.98783   0.97999   73.429
12410.00    0.99751   0.98033   74.394
12411.00    1.00565   0.98052   74.241
12412.00    0.99251   0.98054   67.203
12413.00    0.98742   0.98044   65.361
12414.00    0.99341   0.98013   72.520
12415.00    0.99243   0.97957   74.749
12416.00    0.98749   0.97881   73.946
12417.00    1.00221   0.97790   69.555
12418.00    1.01433   0.97672   64.185
12419.00    1.01788   0.97530   57.088
12420.00    1.01189   0.97356   52.800
12421.00    0.99697   0.97189   50.077
12422.00    0.98998   0.97019   52.278
12423.00    0.98715   0.96829   55.746
12424.00    0.97079   0.96663   61.509
12425.00    0.96417   0.96499   66.548
12426.00    0.96844   0.96363   69.948
12427.00    0.96219   0.96221   69.089
12428.00    0.95563   0.96096   66.908
12429.00    0.95642   0.95987   67.374
12430.00    0.95337   0.95858   67.527
12431.00    0.94237   0.95734   66.938
12432.00    0.94232   0.95598   66.746
12433.00    0.94886   0.95508   66.686
12434.00    0.95745   0.95404   64.669
12435.00    0.96208   0.95331   62.711
12436.00    0.95068   0.95306   61.218
12437.00    0.93617   0.95339   59.105
12438.00    0.92177   0.95425   56.596
12439.00    0.93030   0.95527   55.399
12440.00    0.94291   0.95700   54.721
12441.00    0.95777   0.95886   55.863
12442.00    0.96955   0.96107   56.784
12443.00    0.97727   0.96302   57.309
12444.00    0.97902   0.96502   57.551
12445.00    0.97718   0.96703   57.726
12446.00    0.97494   0.96873   57.934
12447.00    0.97493   0.97015   58.320
12448.00    0.97531   0.97134   59.159
12449.00    0.97894   0.97255   59.917
12450.00    0.98388   0.97349   60.624
12451.00    0.98572   0.97423   61.803
12452.00    0.98401   0.97483   62.841
12453.00    0.98115   0.97539   62.706
12454.00    0.97978   0.97590   61.565
12455.00    0.98145   0.97605   59.613
12456.00    0.98172   0.97614   58.705
12457.00    0.98243   0.97616   58.360
12458.00    0.97867   0.97615   61.011
12459.00    0.98108   0.97583   63.711
12460.00    0.99480   0.97568   66.261
12461.00    0.99353   0.97567   67.747
12462.00    0.98669   0.97577   68.715
12463.00    0.97717   0.97585   68.467
12464.00    0.97170   0.97613   68.157
12465.00    0.97764   0.97659   67.869
12466.00    0.98081   0.97726   68.274
12467.00    0.98216   0.97777   69.200
12468.00    0.97545   0.97828   70.313
12469.00    0.96994   0.97877   70.972
12470.00    0.97372   0.97927   69.118
12471.00    0.97271   0.97960   66.234
12472.00    0.96565   0.97982   62.488
12473.00    0.96571   0.97995   61.011
12474.00    0.97113   0.98005   60.389
12475.00    0.97965   0.98007   63.662
12476.00    0.98398   0.97999   66.979
12477.00    0.97943   0.97987   69.963
12478.00    0.97804   0.97971   70.586
12479.00    0.98165   0.97950   69.779
12480.00    0.98679   0.97913   69.210
12481.00    0.98971   0.97875   68.988
12482.00    0.98713   0.97837   69.595
12483.00    0.98144   0.97798   70.639
12484.00    0.97294   0.97754   72.079
12485.00    0.97167   0.97711   71.569
12486.00    0.97381   0.97691   70.493
12487.00    0.99434   0.97675   67.964
12488.00    1.00504   0.97663   65.160
12489.00    1.00114   0.97655   61.995
12490.00    1.00308   0.97666   58.626
12491.00    1.00638   0.97655   55.451
12492.00    0.99927   0.97643   58.486
12493.00    0.98977   0.97624   61.497
12494.00    0.97595   0.97603   62.926
12495.00    0.97584   0.97552   61.669
12496.00    0.98273   0.97513   58.820
12497.00    0.98188   0.97479   57.573
12498.00    0.98162   0.97449   57.120
12499.00    0.98235   0.97419   59.207
12500.00    0.98293   0.97409   62.036
12501.00    0.98104   0.97422   65.937
12502.00    0.97499   0.97444   63.640
12503.00    0.97052   0.97470   59.756
12504.00    0.98292   0.97502   55.742
12505.00    0.98970   0.97543   53.919
12506.00    0.98653   0.97584   55.228
12507.00    0.97943   0.97595   58.843
12508.00    0.97052   0.97601   64.186
12509.00    0.97568   0.97594   67.041
12510.00    0.98019   0.97575   66.382
12511.00    0.98679   0.97513   57.334
12512.00    0.98853   0.97456   46.555
12513.00    0.98731   0.97384   37.306
12514.00    0.97435   0.97295   31.079
12515.00    0.96192   0.97171   26.990
12516.00    0.96504   0.97041   25.695
12517.00    0.97227   0.96893   25.450
12518.00    0.98638   0.96713   26.456
12519.00    0.98754   0.96509   28.374
12520.00    0.98175   0.96285   30.957
12521.00    0.97493   0.96081   32.925
12522.00    0.97229   0.95864   34.842
12523.00    0.97417   0.95676   36.336
12524.00    0.97618   0.95526   37.194
12525.00    0.97590   0.95459   37.631
12526.00    0.98060   0.95425   37.233
12527.00    0.98792   0.95443   36.974
12528.00    1.00193   0.95533   37.508
12529.00    1.00320   0.95673   38.764
12530.00    0.99368   0.95833    0.000
12531.00    0.98034   0.95986    0.000
12532.00    0.97003   0.96165    0.000
12533.00    0.97384   0.96340    0.000
12534.00    0.97976   0.96496    0.000
12535.00    0.98990   0.96622    0.000
12536.00    0.99468   0.96743    0.000
12537.00    0.99836   0.96863    0.000
12538.00    1.00644   0.96951    0.000
12539.00    1.01635   0.97022    0.000
12540.00    1.03163   0.97083    0.000
12541.00    1.03153   0.97146    0.000
12542.00    1.01952   0.97183    0.000
12543.00    1.00591   0.97211    0.000
12544.00    0.99488   0.97232    0.000
12545.00    1.00068   0.97249    0.000
12546.00    1.00612   0.97257    0.000
12547.00    1.01213   0.97258    0.000
12548.00    1.01036   0.97251    0.000
12549.00    1.00417   0.97239    0.000
12550.00    0.99967   0.97218    0.000
12551.00    0.99621   0.97186    0.000
12552.00    0.99672   0.97136    0.000
12553.00    1.00730   0.97077    0.000
12554.00    1.02245   0.97013    0.000
12555.00    1.02781   0.96937    0.000
12556.00    1.02899   0.96847    0.000
12557.00    1.02160   0.96761    0.000
12558.00    1.02307   0.96703    0.000
12559.00    1.03002   0.96654    0.000
12560.00    1.03176   0.96612    0.000
12561.00    1.03331   0.96598    0.000
12562.00    1.03223   0.96626    0.000
12563.00    1.03604   0.96656    0.000
12564.00    1.04575   0.96696    0.000
12565.00    1.06068   0.96735    0.000
12566.00    1.07721   0.96774    0.000
12567.00    1.08701   0.96787    0.000
12568.00    1.09372   0.96801    0.000
12569.00    1.09150   0.96789    0.000
12570.00    1.09017   0.96765    0.000
12571.00    1.08959   0.96721    0.000
12572.00    1.08944   0.96694    0.000
12573.00    1.08698   0.96667    0.000
12574.00    1.07791   0.96651    0.000
12575.00    1.06450   0.96635    0.000
12576.00    1.04748   0.96638    0.000
12577.00    1.04413   0.96647    0.000
12578.00    1.04347   0.96656    0.000
12579.00    1.03769   0.96671    0.000
12580.00    1.03021   0.96670    0.000
12581.00    1.02031   0.96665    0.000
12582.00    1.00608   0.96652    0.000
12583.00    0.98948   0.96634    0.000
12584.00    0.99511   0.96617    0.000
12585.00    0.99942   0.96604    0.000
12586.00    0.99094   0.96608    0.000
12587.00    0.98255   0.96615    0.000
12588.00    0.97741   0.96637    0.000
12589.00    0.99376   0.96667    0.000
12590.00    1.00947   0.96708    0.000
12591.00    1.02053   0.96760   34.901
12592.00    1.01402   0.96777   32.053
12593.00    0.98650   0.96779   29.984
12594.00    0.97841   0.96772   31.518
12595.00    0.97389   0.96759   34.972
12596.00    0.97069   0.96695   43.813
12597.00    0.96420   0.96605   54.503
12598.00    0.95463   0.96530   60.128
12599.00    0.95265   0.96454   58.353
12600.00    0.95551   0.96371   52.762
12601.00    0.94816   0.96283   51.060
12602.00    0.94013   0.96253   49.640
12603.00    0.94026   0.96230   47.836
12604.00    0.95203   0.96231   45.408
12605.00    0.97311   0.96242   42.630
12606.00    0.97174   0.96292   43.082
12607.00    0.96323   0.96316   44.289
12608.00    0.95734   0.96333   44.459
12609.00    0.95475   0.96342   40.967
12610.00    0.95636   0.96327   34.015
12611.00    0.95034   0.96269   29.571
12612.00    0.94120   0.96172   26.498
12613.00    0.95187   0.96078   28.324
12614.00    0.96392   0.95951   31.871
12615.00    0.97681   0.95850   40.939
12616.00    0.97827   0.95742   51.102
12617.00    0.97189   0.95657   61.555
12618.00    0.96746   0.95594   69.065
12619.00    0.96398   0.95593   75.760
12620.00    0.96573   0.95623   75.278
12621.00    0.96907   0.95641   72.891
12622.00    0.97316   0.95690   68.664
12623.00    0.97137   0.95755   64.784
12624.00    0.96952   0.95831   61.386
12625.00    0.98062   0.95851   59.982
12626.00    0.99013   0.95864   57.539
12627.00    0.99625   0.95859   53.716
12628.00    0.99520   0.95838   47.756
12629.00    0.99000   0.95754   41.933
12630.00    0.98685   0.95664   39.985
12631.00    0.98573   0.95564   38.484
12632.00    0.98330   0.95455   37.621
12633.00    0.97698   0.95313   35.571
12634.00    0.96987   0.95169   32.798
12635.00    0.97689   0.95041   30.792
12636.00    0.98630   0.94924   29.699
12637.00    0.99575   0.94811   33.173
12638.00    0.99449   0.94694   39.864
12639.00    0.97895   0.94609   55.711
12640.00    0.96835   0.94563   67.028
12641.00    0.95941   0.94523   73.840
12642.00    0.96470   0.94494   76.000
12643.00    0.96892   0.94480   77.350
12644.00    0.97190   0.94504   76.806
12645.00    0.97605   0.94504   76.149
12646.00    0.98063   0.94498   75.394
12647.00    0.98103   0.94498   73.707
12648.00    0.98093   0.94510   72.001
12649.00    0.98241   0.94497   70.382
12650.00    0.98600   0.94476   67.115
12651.00    0.98929   0.94490   62.565
12652.00    0.98144   0.94523   57.247
12653.00    0.97506   0.94568   52.956
12654.00    0.98379   0.94625   55.069
12655.00    0.98880   0.94724   59.140
12656.00    0.99134   0.94849   67.625
12657.00    0.99133   0.94971   -1.000
12658.00    0.98952   0.95103   74.284
12659.00    0.97586   0.95232   68.179
12660.00    0.96783   0.95367   60.731
12661.00    0.97129   0.95455   51.049
12662.00    0.97334   0.95527   45.805
12663.00    0.97823   0.95572   42.870
12664.00    0.97492   0.95603   45.935
12665.00    0.97130   0.95568   51.541
12666.00    0.97065   0.95492   65.011
12667.00    0.97128   0.95402   76.870
12668.00    0.97531   0.95291   79.004
12669.00    0.97359   0.95133   79.005
12670.00    0.97068   0.94941   77.915
12671.00    0.97636   0.94759   71.532
12672.00    0.98445   0.94555   65.306
12673.00    0.99870   0.94347   -1.000
12674.00    0.99717   0.94132   -1.000
12675.00    0.98457   0.93935   59.376
12676.00    0.96204   0.93722   66.794
12677.00    0.94674   0.93524   75.290
12678.00    0.94944   0.93352   78.869
12679.00    0.94001   0.93211   81.586
12680.00    0.92218   0.93089   83.116
12681.00    0.93241   0.93008   83.213
12682.00    0.94501   0.92987   83.120
12683.00    0.94151   0.93027   83.329
12684.00    0.94042   0.93116   83.287
12685.00    0.94080   0.93256   82.923
12686.00    0.94562   0.93438   82.647
12687.00    0.95248   0.93657   82.427
12688.00    0.95826   0.93899   82.520
12689.00    0.95917   0.94151   82.606
12690.00    0.95241   0.94390   82.585
12691.00    0.95884   0.94620   80.403
12692.00    0.97310   0.94837   76.914
12693.00    0.97957   0.95051   69.994
12694.00    0.98335   0.95219   64.773
12695.00    0.98352   0.95381   64.945
12696.00    0.97939   0.95533   67.402
12697.00    0.97013   0.95680   73.107
12698.00    0.97354   0.95800   75.960
12699.00    0.97992   0.95923   77.610
12700.00    0.97107   0.96046   76.832
12701.00    0.96723   0.96155   76.669
12702.00    0.97111   0.96257   77.579
12703.00    0.97388   0.96348   78.808
12704.00    0.97801   0.96428   80.141
12705.00    0.97915   0.96483   81.283
12706.00    0.97802   0.96540   82.000
12707.00    0.97412   0.96566   80.988
12708.00    0.97411   0.96572   78.538
12709.00    0.97672   0.96555   75.153
12710.00    0.98003   0.96552   73.212
12711.00    0.98264   0.96527   71.914
12712.00    0.98374   0.96494   72.964
12713.00    0.98373   0.96454   72.909
12714.00    0.98353   0.96433   71.227
12715.00    0.98205   0.96409   69.739
12716.00    0.97964   0.96388   68.485
12717.00    0.97873   0.96368   70.573
12718.00    0.97741   0.96357   73.062
12719.00    0.97792   0.96347   75.888
12720.00    0.98161   0.96334   75.043
12721.00    0.98616   0.96320   71.990
12722.00    0.97620   0.96303   70.038
12723.00    0.96737   0.96281   68.822
12724.00    0.97831   0.96245   69.637
12725.00    0.98329   0.96196   70.520
12726.00    0.98002   0.96144   71.560
12727.00    0.98153   0.96080   70.256
12728.00    0.98186   0.95995   67.048
12729.00    0.97516   0.95891   52.321
12730.00    0.97900   0.95793   38.592
12731.00    1.00031   0.95678   27.151
12732.00    0.99595   0.95543   22.513
12733.00    0.97612   0.95393   19.972
12734.00    0.94218   0.95250   21.716
12735.00    0.92780   0.95097   25.679
12736.00    0.96375   0.94927   40.377
12737.00    0.96860   0.94767   58.851
12738.00    0.95087   0.94630   70.284
12739.00    0.94824   0.94515   74.155
12740.00    0.94929   0.94402   75.622
12741.00    0.95829   0.94327   71.108
12742.00    0.95748   0.94309   67.676
12743.00    0.94706   0.94324   65.245
12744.00    0.94813   0.94350   64.113
12745.00    0.95132   0.94404   62.191
12746.00    0.95862   0.94514   44.850
12747.00    0.95840   0.94641   36.133
12748.00    0.94750   0.94753   32.110
12749.00    0.93606   0.94869   32.695
12750.00    0.91799   0.95006   36.197
12751.00    0.93886   0.95143   49.654
12752.00    0.96111   0.95241   72.307
12753.00    0.96391   0.95329   77.506
12754.00    0.96296   0.95411   80.236
12755.00    0.95859   0.95486   80.196
12756.00    0.95321   0.95529   79.644
12757.00    0.95095   0.95562   79.016
12758.00    0.96447   0.95589   78.561
12759.00    0.96817   0.95608   78.271
12760.00    0.95979   0.95617   78.266
12761.00    0.96457   0.95621   76.998
12762.00    0.97127   0.95623   75.302
12763.00    0.96829   0.95623   74.809
12764.00    0.96615   0.95621   75.088
12765.00    0.96568   0.95617   77.323
12766.00    0.96972   0.95612   76.370
12767.00    0.97596   0.95607   73.155
12768.00    0.96271   0.95603   58.989
12769.00    0.95189   0.95598   49.548
12770.00    0.95943   0.95592   47.199
12771.00    0.97366   0.95587   48.633
12772.00    0.99021   0.95583   55.247
12773.00    0.97947   0.95578   65.667
12774.00    0.96521   0.95572   80.336
12775.00    0.96683   0.95567   80.627
12776.00    0.96809   0.95562   80.928
12777.00    0.96864   0.95556   81.291
12778.00    0.97259   0.95549   80.722
12779.00    0.97726   0.95542   79.668
12780.00    0.98252   0.95535   79.006
12781.00    0.98478   0.95528   78.511
12782.00    0.98130   0.95519   78.454
12783.00    0.97215   0.95511   79.660
12784.00    0.95739   0.95502   81.962
12785.00    0.96615   0.95492   82.375
12786.00    0.97739   0.95481   82.419
12787.00    0.96759   0.95470   82.748
12788.00    0.96303   0.95458   82.426
12789.00    0.96739   0.95445   81.162
12790.00    0.96875   0.95430    0.000
12791.00    0.97119   0.95414    0.000
12792.00    0.97000   0.95394    0.000
12793.00    0.96932   0.95367    0.000
12794.00    0.97045   0.95336    0.000
12795.00    0.96863   0.95299    0.000
12796.00    0.96502   0.95245    0.000
12797.00    0.96344   0.95176    0.000
12798.00    0.96426   0.95100    0.000
12799.00    0.96143   0.95010    0.000
12800.00    0.96089   0.94895    0.000
12801.00    0.96470   0.94760    0.000
12802.00    0.97651   0.94621    0.000
12803.00    0.98413   0.94460    0.000
12804.00    0.96435   0.94277    0.000
12805.00    0.95129   0.94074    0.000
12806.00    0.94923   0.93867    0.000
12807.00    0.95603   0.93631    0.000
12808.00    0.96402   0.93378    0.000
12809.00    0.96478   0.93115    0.000
12810.00    0.96832   0.92853    0.000
12811.00    0.97608   0.92559    0.000
12812.00    0.97965   0.92253    0.000
12813.00    0.98016   0.91948    0.000
12814.00    0.97604   0.91633    0.000
12815.00    0.97157   0.91290    0.000
12816.00    0.97814   0.90940    0.000
12817.00    0.98481   0.90596    0.000
12818.00    0.99341   0.90244    0.000
12819.00    1.00476   0.89909    0.000
12820.00    1.01665   0.89608    0.000
12821.00    1.02701   0.89346    0.000
12822.00    1.03322   0.89139    0.000
12823.00    1.03232   0.89017    0.000
12824.00    1.02997   0.88971    0.000
12825.00    1.02551   0.88997    0.000
12826.00    1.01406   0.89122    0.000
12827.00    0.99982   0.89328    0.000
12828.00    0.97893   0.89582    0.000
12829.00    0.96147   0.89882    0.000
12830.00    0.94880   0.90245    0.000
12831.00    0.93585   0.90618    0.000
12832.00    0.92474   0.90980    0.000
12833.00    0.93141   0.91346    0.000
12834.00    0.93727   0.91720    0.000
12835.00    0.93981   0.92051    0.000
12836.00    0.93174   0.92348    0.000
12837.00    0.92295   0.92619    0.000
12838.00    0.92975   0.92861    0.000
12839.00    0.93716   0.93041    0.000
12840.00    0.94498   0.93181    0.000
12841.00    0.94324   0.93276    0.000
12842.00    0.93659   0.93330    0.000
12843.00    0.94094   0.93341    0.000
12844.00    0.94740   0.93329    0.000
12845.00    0.96682   0.93299    0.000
12846.00    0.97721   0.93262    0.000
12847.00    0.97579   0.93240    0.000
12848.00    0.97403   0.93248    0.000
12849.00    0.96858   0.93295    0.000
12850.00    0.95368   0.93373    0.000
12851.00    0.94330   0.93501   56.525
12852.00    0.94126   0.93683   72.435
12853.00    0.94827   0.93892   80.801
12854.00    0.95924   0.94105   82.493
12855.00    0.95614   0.94330   83.321
12856.00    0.95294   0.94562   83.910
12857.00    0.95017   0.94761   84.053
12858.00    0.95512   0.94928   83.768
12859.00    0.96548   0.95072   83.217
12860.00    0.95581   0.95191   83.436
12861.00    0.94789   0.95273   83.656
12862.00    0.95935   0.95331   83.695
12863.00    0.96345   0.95373   83.837
12864.00    0.95716   0.95401   84.136
12865.00    0.96345   0.95415   83.359
12866.00    0.97185   0.95422   82.328
12867.00    0.96931   0.95419   81.301
12868.00    0.96683   0.95407   80.442
12869.00    0.96594   0.95387   79.900
12870.00    0.96274   0.95356   80.312
12871.00    0.95613   0.95304   81.449
12872.00    0.96575   0.95231   81.564
12873.00    0.97265   0.95147   80.719
12874.00    0.96722   0.95043   76.813
12875.00    0.96790   0.94904   62.232
12876.00    0.97401   0.94747   46.303
12877.00    0.96149   0.94590   39.048
12878.00    0.94755   0.94427   34.806
12879.00    0.94568   0.94255   36.729
12880.00    0.94374   0.94097   41.656
12881.00    0.94476   0.93972   55.383
12882.00    0.94831   0.93885   68.144
12883.00    0.95120   0.93819   79.683
12884.00    0.94344   0.93782   81.768
12885.00    0.93843   0.93798   82.861
12886.00    0.94066   0.93854   82.739
12887.00    0.94267   0.93901   82.979
12888.00    0.94422   0.93948   83.526
12889.00    0.93595   0.94013   83.606
12890.00    0.93067   0.94053   83.417
12891.00    0.94654   0.94027   82.458
12892.00    0.95007   0.93947   82.321
12893.00    0.93826   0.93824   83.102
12894.00    0.93768   0.93620   83.922
12895.00    0.94153   0.93331   84.678
12896.00    0.93581   0.92986   84.717
12897.00    0.92813   0.92604   84.802
12898.00    0.91796   0.92189   84.905
12899.00    0.91261   0.91785   85.142
12900.00    0.90951   0.91427   85.507
12901.00    0.91390   0.91138   85.399
12902.00    0.91693   0.90943   85.285
12903.00    0.91154   0.90868   84.930
12904.00    0.90905   0.90904   83.591
12905.00    0.90860   0.91035   81.551
12906.00    0.92090   0.91260   70.370
12907.00    0.93641   0.91555   56.400
12908.00    0.94922   0.91870   33.429
12909.00    0.96030   0.92186   25.683
12910.00    0.96834   0.92507   23.133
12911.00    0.95624   0.92796   24.419
12912.00    0.93643   0.93035   27.996
12913.00    0.93684   0.93245   38.648
12914.00    0.93872   0.93428   56.467
12915.00    0.94182   0.93563   72.197
12916.00    0.94105   0.93666   82.260
12917.00    0.93701   0.93756   84.046
12918.00    0.93623   0.93824   84.275
12919.00    0.93781   0.93866   84.164
12920.00    0.93640   0.93896   83.311
12921.00    0.93370   0.93921   82.577
12922.00    0.93156   0.93934   81.936
12923.00    0.93251   0.93935   81.864
12924.00    0.93369   0.93927   81.954
12925.00    0.94158   0.93912   81.820
12926.00    0.94929   0.93886   81.846
12927.00    0.95609   0.93839   82.165
12928.00    0.95695   0.93775   81.661
12929.00    0.95491   0.93708   80.713
12930.00    0.95150   0.93624   79.585
12931.00    0.95091   0.93512   78.962
12932.00    0.95274   0.93408   79.848
12933.00    0.95506   0.93321   81.283
12934.00    0.95941   0.93231   83.178
12935.00    0.95264   0.93152   84.632
12936.00    0.94530   0.93128   85.941
12937.00    0.94399   0.93137   86.569
12938.00    0.94593   0.93168   86.927
12939.00    0.95344   0.93244   86.921
12940.00    0.95027   0.93369   86.186
12941.00    0.94376   0.93503   85.369
12942.00    0.94458   0.93641   85.683
12943.00    0.94817   0.93799   85.751
12944.00    0.95442   0.93950   85.518
12945.00    0.95736   0.94067   84.770
12946.00    0.95941   0.94151   83.686
12947.00    0.96292   0.94233   80.207
12948.00    0.96562   0.94290   74.445
12949.00    0.96153   0.94308   62.453
12950.00    0.95737   0.94314   50.196
12951.00    0.95171   0.94344   39.868
12952.00    0.95748   0.94376   36.760
12953.00    0.96743   0.94395   35.729
12954.00    0.97542   0.94439   42.680
12955.00    0.97744   0.94526   52.112
12956.00    0.96787   0.94608   64.625
12957.00    0.96775   0.94678   73.305
12958.00    0.97014   0.94769   78.889
12959.00    0.96197   0.94863   79.948
12960.00    0.95831   0.94914   80.154
12961.00    0.96191   0.94949   78.703
12962.00    0.96172   0.94980   77.584
12963.00    0.95701   0.94974   76.733
12964.00    0.95129   0.94933   76.314
12965.00    0.94835   0.94881   75.944
12966.00    0.95824   0.94819   75.499
12967.00    0.96679   0.94718   75.800
12968.00    0.97412   0.94596   77.054
12969.00    0.96815   0.94456   77.068
12970.00    0.95654   0.94300   76.429
12971.00    0.95678   0.94106   79.897
12972.00    0.95862   0.93885   82.303
12973.00    0.96234   0.93656   81.931
12974.00    0.96279   0.93429   81.861
12975.00    0.96058   0.93196   81.965
12976.00    0.96458   0.92987   79.644
12977.00    0.96794   0.92833   69.290
12978.00    0.97448   0.92727   46.658
12979.00    0.98027   0.92688   35.211
12980.00    0.97786   0.92721   28.467
12981.00    0.97124   0.92829   27.738
12982.00    0.96515   0.92980   28.749
12983.00    0.95012   0.93187   37.406
12984.00    0.94491   0.93418   50.386
12985.00    0.95590   0.93655   68.246
12986.00    0.95638   0.93872   78.910
12987.00    0.95209   0.94080   83.325
12988.00    0.95404   0.94258   83.489
12989.00    0.95509   0.94397   83.665
12990.00    0.95342   0.94501   84.010
12991.00    0.95756   0.94583   83.415
12992.00    0.96501   0.94640   82.273
12993.00    0.96587   0.94673   80.781
12994.00    0.96613   0.94692   79.809
12995.00    0.96110   0.94699   81.197
12996.00    0.95982   0.94690   82.673
12997.00    0.96189   0.94671   84.232
12998.00    0.95924   0.94639   85.296
12999.00    0.95689   0.94584   86.124
13000.00    0.95453   0.94506   86.381
13001.00    0.95278   0.94417   86.566
13002.00    0.95237   0.94306   86.630
13003.00    0.94783   0.94156   86.421
13004.00    0.94063   0.93994   86.112
13005.00    0.93184   0.93827   85.471
13006.00    0.92770   0.93647   84.895
13007.00    0.93557   0.93456   84.524
13008.00    0.94029   0.93283   84.723
13009.00    0.94141   0.93137   85.441
13010.00    0.93137   0.93011   85.640
13011.00    0.92248   0.92920   85.688
13012.00    0.92274   0.92869   85.734
13013.00    0.92376   0.92873   86.097
13014.00    0.92307   0.92909   86.998
13015.00    0.92339   0.92987   87.033
13016.00    0.92391   0.93105   86.695
13017.00    0.93005   0.93256   85.665
13018.00    0.93714   0.93412   85.104
13019.00    0.94295   0.93566   85.544
13020.00    0.94834   0.93735   86.262
13021.00    0.95336   0.93879   87.162
13022.00    0.95894   0.93986   85.190
13023.00    0.96093   0.94045   83.047
13024.00    0.95508   0.94098   80.835
13025.00    0.94903   0.94101   79.891
13026.00    0.94197   0.94045   80.047
13027.00    0.94747   0.93953   81.430
13028.00    0.95476   0.93870   83.132
13029.00    0.95809   0.93762   84.058
13030.00    0.95829   0.93606   79.280
13031.00    0.95543   0.93474   68.098
13032.00    0.95120   0.93385   54.664
13033.00    0.94699   0.93297   44.414
13034.00    0.95176   0.93203   42.130
13035.00    0.95368   0.93172   42.460
13036.00    0.95208   0.93196   49.778
13037.00    0.95038   0.93215   59.441
13038.00    0.94708   0.93245   72.824
13039.00    0.94729   0.93314   78.818
13040.00    0.94686   0.93401   82.982
13041.00    0.94224   0.93453   83.458
13042.00    0.94103   0.93494   83.301
13043.00    0.94423   0.93531   82.451
13044.00    0.94023   0.93553   81.439
13045.00    0.93511   0.93549   80.443
13046.00    0.93940   0.93525   80.790
13047.00    0.94248   0.93500   81.615
13048.00    0.94245   0.93478   83.366
13049.00    0.94110   0.93464   83.713
13050.00    0.93907   0.93453   83.215
13051.00    0.94476   0.93458   81.995
13052.00    0.94986   0.93477   81.068
13053.00    0.95241   0.93523   80.988
13054.00    0.94943   0.93572   80.215
13055.00    0.94238   0.93620   78.795
13056.00    0.94633   0.93673   60.071
13057.00    0.95483   0.93738   46.362
13058.00    0.97157   0.93787   37.121
13059.00    0.98103   0.93825   32.991
13060.00    0.97909   0.93858   32.440
13061.00    0.96558   0.93889   36.768
13062.00    0.95000   0.93905   45.653
13063.00    0.95169   0.93914   58.075
13064.00    0.95316   0.93919   73.228
13065.00    0.95108   0.93919   79.803
13066.00    0.94703   0.93912   83.674
13067.00    0.94313   0.93901   85.259
13068.00    0.94228   0.93885   84.024
13069.00    0.94153   0.93858   82.587
13070.00    0.93726   0.93820   81.809
13071.00    0.93559   0.93778   78.324
13072.00    0.93887   0.93720   72.929
13073.00    0.94588   0.93636   74.846
13074.00    0.95260   0.93542   78.809
13075.00    0.94667   0.93450   84.345
13076.00    0.94215   0.93341   88.114
13077.00    0.93944   0.93214   88.127
13078.00    0.94072   0.93106   88.224
13079.00    0.94313   0.93026   88.386
13080.00    0.93965   0.92952   88.680
13081.00    0.93794   0.92886   89.031
13082.00    0.94128   0.92859   89.466
13083.00    0.94216   0.92872   89.753
13084.00    0.94131   0.92892   89.927
13085.00    0.93874   0.92922   89.646
13086.00    0.93776   0.92971   89.132
13087.00    0.94221   0.93042   87.871
13088.00    0.94668   0.93106   86.179
13089.00    0.95096   0.93178   84.014
13090.00    0.94714   0.93243   81.958
13091.00    0.94089   0.93309   80.101
13092.00    0.94230   0.93371   80.593
13093.00    0.94467   0.93423   81.610
13094.00    0.94601   0.93445   83.836
13095.00    0.94882   0.93446   85.690
13096.00    0.95233   0.93428   87.189
13097.00    0.95255   0.93375   85.551
13098.00    0.94921   0.93290   83.768
13099.00    0.93392   0.93172   82.263
13100.00    0.92716   0.93044   81.381
13101.00    0.92954   0.92899   81.016
13102.00    0.94028   0.92767   81.467
13103.00    0.94974   0.92628   82.191
13104.00    0.94511   0.92534   82.856
13105.00    0.94438   0.92459   83.191
13106.00    0.94966   0.92437   82.957
13107.00    0.94822   0.92432   83.936
13108.00    0.94267   0.92469   85.485
13109.00    0.94075   0.92528   85.240
13110.00    0.94074   0.92598   84.959
13111.00    0.94377   0.92664   84.865
13112.00    0.94444   0.92703   84.939
13113.00    0.94325   0.92727   85.174
13114.00    0.93793   0.92693   85.134
13115.00    0.93253   0.92610   85.366
13116.00    0.92501   0.92450   87.485
13117.00    0.92081   0.92230   88.760
13118.00    0.91940   0.91934   88.959
13119.00    0.92006   0.91572   87.518
13120.00    0.92062   0.91154   85.245
13121.00    0.91932   0.90702   76.599
13122.00    0.91734   0.90261   68.781
13123.00    0.91081   0.89838   61.383
13124.00    0.89848   0.89481   59.807
13125.00    0.88236   0.89217   61.045
13126.00    0.88057   0.89085   69.985
13127.00    0.88055   0.89060   80.811
13128.00    0.88253   0.89171   87.410
13129.00    0.88749   0.89405   90.484
13130.00    0.89585   0.89717   89.810
13131.00    0.90816   0.90078   88.384
13132.00    0.91817   0.90488   86.489
13133.00    0.91548   0.90898   83.134
13134.00    0.91646   0.91258   81.118
13135.00    0.92419   0.91591   80.015
13136.00    0.93231   0.91895   80.468
13137.00    0.93729   0.92125   81.764
13138.00    0.93755   0.92291   83.251
13139.00    0.93760   0.92427   83.911
13140.00    0.93990   0.92508   82.694
13141.00    0.94116   0.92518   82.053
13142.00    0.94224   0.92466   81.662
13143.00    0.94365   0.92363   68.799
13144.00    0.94392   0.92179   57.367
13145.00    0.95663   0.91927   46.168
13146.00    0.96243   0.91594   41.376
13147.00    0.96165   0.91214   40.281
13148.00    0.95520   0.90800   46.970
13149.00    0.94276   0.90373   59.859
13150.00    0.92102   0.89952   72.673
13151.00    0.90749   0.89595   85.138
13152.00    0.90550   0.89334   89.122
13153.00    0.90315   0.89174   90.987
13154.00    0.89999   0.89140   91.719
13155.00    0.90317   0.89235   90.947
13156.00    0.90652   0.89467   89.362
13157.00    0.91191   0.89800   85.862
13158.00    0.91577   0.90188   82.920
13159.00    0.91809   0.90627   80.365
13160.00    0.91659   0.91098   80.499
13161.00    0.91662   0.91533   81.191
13162.00    0.92989   0.91895   82.835
13163.00    0.93874   0.92238   84.858
13164.00    0.94261   0.92523   87.348
13165.00    0.94536   0.92697   89.244
13166.00    0.94848   0.92808   90.816
13167.00    0.95286   0.92902   89.666
13168.00    0.95546   0.92928   88.213
13169.00    0.95330   0.92876   86.272
13170.00    0.94894   0.92811   84.357
13171.00    0.94448   0.92731   82.624
13172.00    0.94711   0.92617   85.448
13173.00    0.94808   0.92454   87.838
13174.00    0.94874   0.92313   88.181
13175.00    0.94747   0.92168   88.856
13176.00    0.94425   0.92021   89.763
13177.00    0.95246   0.91882   -1.000
13178.00    0.96055   0.91798   -1.000
13179.00    0.95253   0.91744   -1.000
13180.00    0.94527   0.91729   80.484
13181.00    0.94136   0.91782   75.454
13182.00    0.94291   0.91871   75.021
13183.00    0.94355   0.92014   76.899
13184.00    0.93739   0.92182   83.249
13185.00    0.93486   0.92394   88.667
13186.00    0.94640   0.92582   89.539
13187.00    0.95597   0.92793   90.450
13188.00    0.96311   0.92965   -1.000
13189.00    0.95598   0.93127   90.738
13190.00    0.95011   0.93228   89.318
13191.00    0.95583   0.93303   87.095
13192.00    0.96089   0.93329   85.470
13193.00    0.96435   0.93330   84.469
13194.00    0.96212   0.93270   83.901
13195.00    0.95969   0.93180   83.473
13196.00    0.96271   0.93086   83.144
13197.00    0.96639   0.92988   -1.000
13198.00    0.96753   0.92835   -1.000
13199.00    0.96098   0.92699   -1.000
13200.00    0.95254   0.92596   84.456
13201.00    0.96383   0.92509   -1.000
13202.00    0.97396   0.92382   -1.000
13203.00    0.96759   0.92307   -1.000
13204.00    0.96491   0.92276   -1.000
13205.00    0.96825   0.92247   -1.000
13206.00    0.96883   0.92196   -1.000
13207.00    0.96819   0.92180   -1.000
13208.00    0.97444   0.92189   -1.000
13209.00    0.98043   0.92172   -1.000
13210.00    0.98508   0.92144   -1.000
13211.00    0.97684   0.92115   -1.000
13212.00    0.96305   0.92093   -1.000
13213.00    0.96409   0.92066   -1.000
13214.00    0.96233   0.92020   -1.000
13215.00    0.94941   0.91986   84.577
13216.00    0.94067   0.91986   86.654
13217.00    0.93492   0.92005   88.947
13218.00    0.94406   0.92011   85.882
13219.00    0.95241   0.92064   80.859
13220.00    0.95474   0.92175   71.014
13221.00    0.95986   0.92281   64.088
13222.00    0.96826   0.92386   59.178
13223.00    0.95436   0.92538   60.770
13224.00    0.93763   0.92718   64.521
13225.00    0.94915   0.92853   70.260
13226.00    0.95569   0.92983   76.021
13227.00    0.95529   0.93148   80.696
13228.00    0.95301   0.93271   85.044
13229.00    0.94756   0.93360   89.457
13230.00    0.95558   0.93430   90.058
13231.00    0.96056   0.93509   89.658
13232.00    0.95340   0.93536   87.205
13233.00    0.94690   0.93542   84.057
13234.00    0.94306   0.93525   80.558
13235.00    0.94433   0.93506   78.040
13236.00    0.94447   0.93469   76.377
13237.00    0.94526   0.93404   78.578
13238.00    0.94264   0.93343   77.503
13239.00    0.93377   0.93288   72.664
13240.00    0.93541   0.93232   64.421
13241.00    0.94130   0.93155   56.975
13242.00    0.92953   0.93098   55.587
13243.00    0.92733   0.93044   56.588
13244.00    0.94476   0.92986   63.180
13245.00    0.94997   0.92918   70.528
13246.00    0.94951   0.92847   78.935
13247.00    0.94827   0.92780   78.596
13248.00    0.94569   0.92710   79.460
13249.00    0.93732   0.92619   85.244
13250.00    0.93313   0.92539   88.641
13251.00    0.93336   0.92470   89.810
13252.00    0.93322   0.92406   90.105
13253.00    0.93393   0.92327   90.199
13254.00    0.93236   0.92285   90.758
13255.00    0.93391   0.92249   90.468
13256.00    0.94111   0.92219   88.965
13257.00    0.95221   0.92197   85.102
13258.00    0.96369   0.92188   -1.000
13259.00    0.95401   0.92181   76.203
13260.00    0.94959   0.92177   73.017
13261.00    0.95548   0.92175   72.185
13262.00    0.95172   0.92174   72.705
13263.00    0.94006   0.92172   74.200
13264.00    0.94010   0.92170   74.206
13265.00    0.94048   0.92166   74.006
13266.00    0.94097   0.92163   73.587
13267.00    0.94074   0.92159   74.596
13268.00    0.93668   0.92153   77.448
13269.00    0.93768   0.92144   81.472
13270.00    0.94111   0.92133   86.077
13271.00    0.94638   0.92109   88.942
13272.00    0.94986   0.92078   89.980
13273.00    0.94980   0.92028   87.784
13274.00    0.94447   0.91953   84.843
13275.00    0.93980   0.91848   81.588
13276.00    0.94393   0.91717   80.640
13277.00    0.94406   0.91543   80.509
13278.00    0.92960   0.91320   82.505
13279.00    0.92392   0.91080   84.012
13280.00    0.92739   0.90793   85.011
13281.00    0.93478   0.90473   86.031
13282.00    0.93910   0.90134   -1.000
13283.00    0.92785   0.89800   84.208
13284.00    0.91536   0.89439   81.230
13285.00    0.90422   0.89091   77.481
13286.00    0.90232   0.88780   78.160
13287.00    0.90320   0.88472   80.644
13288.00    0.90292   0.88206   85.511
13289.00    0.89719   0.87985   89.726
13290.00    0.88627   0.87813   91.305
13291.00    0.88065   0.87693   91.072
13292.00    0.87714   0.87638   89.801
13293.00    0.89571   0.87645   85.776
13294.00    0.91454   0.87716   80.135
13295.00    0.91454   0.87862   80.135
13296.00    0.91454   0.88065   80.135
13297.00    0.91454   0.88316   80.135
13298.00    0.91454   0.88609   80.135
13299.00    0.91454   0.88941   80.135
13300.00    0.91454   0.89276   80.135
13301.00    0.91454   0.89592   80.135
13302.00    0.91454   0.89903   80.135
13303.00    0.91454   0.90175   80.135
13304.00    0.91454   0.90400   80.135
13305.00    0.91454   0.90555   80.135
13306.00    0.91454   0.90673   80.135
13307.00    0.91454   0.90726   80.135
13308.00    0.91454   0.90732   80.135
13309.00    0.91454   0.90665   80.135
13310.00    0.91454   0.90561   80.135
13311.00    0.91454   0.90420   80.135
13312.00    0.91454   0.90233   80.135
13313.00    0.91454   0.89974   80.135
13314.00    0.91454   0.89702   80.135
13315.00    0.91454   0.89401   80.135
13316.00    0.91454   0.89054   80.135
13317.00    0.91454   0.88692   80.135
13318.00    0.91454   0.88347   80.135
13319.00    0.91454   0.88029   80.135
13320.00    0.91454   0.87746   80.135
13321.00    0.91454   0.87537   80.135
13322.00    0.91454   0.87425   -1.000
13323.00    0.91454   0.87403   -1.000
13324.00    0.91454   0.87491   -1.000
13325.00    0.91454   0.87663   80.135
13326.00    0.91454   0.87926   80.135
13327.00    0.91454   0.88251   80.135
13328.00    0.91454   0.88610   80.135
13329.00    0.91454   0.88985   80.135
13330.00    0.91454   0.89345   80.135
13331.00    0.91454   0.89701   80.135
13332.00    0.91454   0.89986   80.135
13333.00    0.91454   0.90241   80.135
13334.00    0.91454   0.90417   80.135
13335.00    0.91454   0.90557   80.135
13336.00    0.91454   0.90621   80.135
13337.00    0.91454   0.90623   80.135
13338.00    0.91454   0.90569   80.135
13339.00    0.91454   0.90473   80.135
13340.00    0.91454   0.90334   80.135
13341.00    0.91454   0.90129   80.135
13342.00    0.91454   0.89916   80.135
13343.00    0.91454   0.89679   80.135
13344.00    0.91454   0.89416   80.135
13345.00    0.91454   0.89138   80.135
13346.00    0.91454   0.88873   80.135
13347.00    0.91454   0.88621   80.135
13348.00    0.91454   0.88360   80.135
13349.00    0.91454   0.88140   80.135
13350.00    0.91454   0.87923   80.135
13351.00    0.91454   0.87749   80.135
13352.00    0.91454   0.87595   80.135
13353.00    0.91454   0.87472   -1.000
13354.00    0.91454   0.87392   -1.000
13355.00    0.91454   0.87348   -1.000
13356.00    0.91454   0.87340   -1.000
13357.00    0.91454   0.87373   -1.000
13358.00    0.91454   0.87457   -1.000
13359.00    0.91454   0.87558   -1.000
13360.00    0.91454   0.87681   80.135
13361.00    0.91454   0.87835   80.135
13362.00    0.91454   0.87984   80.135
13363.00    0.91454   0.88106   80.135
13364.00    0.91454   0.88221   80.135
13365.00    0.91454   0.88324   80.135
13366.00    0.91454   0.88373   80.135
13367.00    0.91454   0.88386   80.135
13368.00    0.91454   0.88391   80.135
13369.00    0.91454   0.88371   80.135
13370.00    0.91454   0.88317   80.135
13371.00    0.91454   0.88270   80.135
13372.00    0.91454   0.88231   80.135
13373.00    0.91454   0.88193   80.135
13374.00    0.91454   0.88165   80.135
13375.00    0.91454   0.88164   80.135
13376.00    0.91454   0.88163   80.135
13377.00    0.91454   0.88188   80.135
13378.00    0.91454   0.88217   80.135
13379.00    0.91454   0.88232   80.135
13380.00    0.91454   0.88229   80.135
13381.00    0.91454   0.88240   80.135
13382.00    0.91454   0.88214   80.135
13383.00    0.91454   0.88142   80.135
13384.00    0.91454   0.88063   80.135
13385.00    0.91454   0.87971   80.135
13386.00    0.91454   0.87846   80.135
13387.00    0.91454   0.87690   80.135
13388.00    0.91454   0.87556   80.135
13389.00    0.91454   0.87423   -1.000
13390.00    0.91454   0.87291   -1.000
13391.00    0.91454   0.87187   -1.000
13392.00    0.91454   0.87123   -1.000
13393.00    0.91454   0.87092   -1.000
13394.00    0.91454   0.87096   -1.000
13395.00    0.91454   0.87139   -1.000
13396.00    0.91454   0.87220   -1.000
13397.00    0.91454   0.87319   -1.000
13398.00    0.91454   0.87433   -1.000
13399.00    0.91454   0.87554   80.135
13400.00    0.91454   0.87674    0.000
13401.00    0.91454   0.87781    0.000
13402.00    0.91454   0.87873    0.000
13403.00    0.91454   0.87951    0.000
13404.00    0.91454   0.88011    0.000
13405.00    0.91454   0.88056    0.000
13406.00    0.91454   0.88088    0.000
13407.00    0.91454   0.88110    0.000
13408.00    0.91454   0.88124    0.000
13409.00    0.91454   0.88132    0.000
13410.00    0.91454   0.88136    0.000
13411.00    0.91454   0.88138    0.000
13412.00    0.91454   0.88138    0.000
13413.00    0.91454   0.88137    0.000
13414.00    0.91454   0.88136    0.000
13415.00    0.91454   0.88133    0.000
13416.00    0.91454   0.88130    0.000
13417.00    0.91454   0.88126    0.000
13418.00    0.91454   0.88122    0.000
13419.00    0.91454   0.88114    0.000
13420.00    0.91454   0.88108    0.000
13421.00    0.91454   0.88100    0.000
13422.00    0.91454   0.88088    0.000
13423.00    0.91454   0.88077    0.000
13424.00    0.91454   0.88067    0.000
13425.00    0.91454   0.88054    0.000
13426.00    0.91454   0.88040    0.000
13427.00    0.91454   0.88030    0.000
13428.00    0.91454   0.88017    0.000
13429.00    0.91454   0.88004    0.000
13430.00    0.91454   0.87994    0.000
13431.00    0.91454   0.87983    0.000
13432.00    0.91454   0.87969    0.000
13433.00    0.91454   0.87959    0.000
13434.00    0.91454   0.87948    0.000
13435.00    0.91454   0.87934    0.000
13436.00    0.91454   0.87922    0.000
13437.00    0.91454   0.87910    0.000
13438.00    0.91454   0.87895    0.000
13439.00    0.91454   0.87881    0.000
13440.00    0.91454   0.87869    0.000
13441.00    0.91454   0.87854    0.000
13442.00    0.91454   0.87840    0.000
13443.00    0.91454   0.87828    0.000
13444.00    0.91454   0.87815    0.000
13445.00    0.91454   0.87801    0.000
13446.00    0.91454   0.87790    0.000
13447.00    0.91454   0.87777    0.000
13448.00    0.91454   0.87764    0.000
13449.00    0.91454   0.87752    0.000
13450.00    0.91454   0.87739    0.000
13451.00    0.91454   0.87725    0.000
13452.00    0.91454   0.87713    0.000
13453.00    0.91454   0.87699    0.000
13454.00    0.91454   0.87684    0.000
13455.00    0.91454   0.87671    0.000
13456.00    0.91454   0.87657    0.000
13457.00    0.91454   0.87643    0.000
13458.00    0.91454   0.87630    0.000
13459.00    0.91454   0.87616    0.000
13460.00    0.91454   0.87603    0.000
13461.00    0.91454   0.87591    0.000
13462.00    0.91454   0.87578    0.000
13463.00    0.91454   0.87565    0.000
13464.00    0.91454   0.87553    0.000
13465.00    0.91454   0.87540    0.000
13466.00    0.91454   0.87527    0.000
13467.00    0.91454   0.87514    0.000
13468.00    0.91454   0.87500    0.000
13469.00    0.91454   0.87486    0.000
13470.00    0.91454   0.87473    0.000
13471.00    0.91454   0.87458    0.000
13472.00    0.91454   0.87444    0.000
13473.00    0.91454   0.87431    0.000
13474.00    0.91454   0.87416    0.000
13475.00    0.91454   0.87403    0.000
13476.00    0.91454   0.87391    0.000
13477.00    0.91454   0.87377    0.000
13478.00    0.91454   0.87365    0.000
13479.00    0.91454   0.87353    0.000
13480.00    0.91454   0.87340    0.000
13481.00    0.91454   0.87327    0.000
13482.00    0.91454   0.87316    0.000
13483.00    0.91454   0.87301    0.000
13484.00    0.91454   0.87288    0.000
13485.00    0.91454   0.87275    0.000
13486.00    0.91454   0.87260    0.000
13487.00    0.91454   0.87246    0.000
13488.00    0.91454   0.87233    0.000
13489.00    0.91454   0.87218    0.000
13490.00    0.91454   0.87204    0.000
13491.00    0.91454   0.87192    0.000
13492.00    0.91454   0.87179    0.000
13493.00    0.91454   0.87165    0.000
13494.00    0.91454   0.87154    0.000
13495.00    0.91454   0.87140    0.000
13496.00    0.91454   0.87127    0.000
13497.00    0.91454   0.87116    0.000
13498.00    0.91454   0.87103    0.000
13499.00    0.91454   0.87088    0.000
13500.00    0.91454   0.87076    0.000
13501.00    0.91454   0.87062    0.000
13502.00    0.91454   0.87047    0.000
13503.00    0.91454   0.87034    0.000
13504.00    0.91454   0.87020    0.000
13505.00    0.91454   0.87006    0.000
13506.00    0.91454   0.86993    0.000
13507.00    0.91454   0.86979    0.000
13508.00    0.91454   0.86965    0.000
13509.00    0.91454   0.86953    0.000
13510.00    0.91454   0.86940    0.000
13511.00    0.91454   0.86927    0.000
13512.00    0.91454   0.86915    0.000
13513.00    0.91454   0.86901    0.000
13514.00    0.91454   0.86887    0.000
13515.00    0.91454   0.86875    0.000
13516.00    0.91454   0.86861    0.000
13517.00    0.91454   0.86846    0.000
13518.00    0.91454   0.86834    0.000
13519.00    0.91454   0.86819    0.000
13520.00    0.91454   0.86805    0.000
13521.00    0.91454   0.86792    0.000
13522.00    0.91454   0.86778    0.000
13523.00    0.91454   0.86765    0.000
13524.00    0.91454   0.86753    0.000
13525.00    0.91454   0.86739    0.000
13526.00    0.91454   0.86727    0.000
13527.00    0.91454   0.86715    0.000
13528.00    0.91454   0.86702    0.000
13529.00    0.91454   0.86689    0.000
13530.00    0.91454   0.86677    0.000
13531.00    0.91454   0.86664    0.000
13532.00    0.91454   0.86650    0.000
13533.00    0.91454   0.86638    0.000
13534.00    0.91454   0.86625    0.000
13535.00    0.91454   0.86610    0.000
13536.00    0.91454   0.86599    0.000
13537.00    0.91454   0.86587    0.000
13538.00    0.91454   0.86572    0.000
13539.00    0.91454   0.86561    0.000
13540.00    0.91454   0.86550    0.000
13541.00    0.91454   0.86537    0.000
13542.00    0.91454   0.86524    0.000
13543.00    0.91454   0.86513    0.000
13544.00    0.91454   0.86500    0.000
13545.00    0.91454   0.86487    0.000
13546.00    0.91454   0.86474    0.000
13547.00    0.91454   0.86461    0.000
13548.00    0.91454   0.86447    0.000
13549.00    0.91454   0.86433    0.000
13550.00    0.91454   0.86418    0.000
13551.00    0.91454   0.86405    0.000
13552.00    0.91454   0.86392    0.000
13553.00    0.91454   0.86377    0.000
13554.00    0.91454   0.86364    0.000
13555.00    0.91454   0.86352    0.000
13556.00    0.91454   0.86338    0.000
13557.00    0.91454   0.86325    0.000
13558.00    0.91454   0.86314    0.000
13559.00    0.91454   0.86300    0.000
13560.00    0.91454   0.86287    0.000
13561.00    0.91454   0.86276    0.000
13562.00    0.91454   0.86261    0.000
13563.00    0.91454   0.86247    0.000
13564.00    0.91454   0.86235    0.000
13565.00    0.91454   0.86220    0.000
13566.00    0.91454   0.86205    0.000
13567.00    0.91454   0.86193    0.000
13568.00    0.91454   0.86178    0.000
13569.00    0.91454   0.86163    0.000
13570.00    0.91454   0.86152    0.000
13571.00    0.91454   0.86138    0.000
13572.00    0.91454   0.86124    0.000
13573.00    0.91454   0.86113    0.000
13574.00    0.91454   0.86100    0.000
13575.00    0.91454   0.86087    0.000
13576.00    0.91454   0.86075    0.000
13577.00    0.91454   0.86062    0.000
13578.00    0.91454   0.86048    0.000
13579.00    0.91454   0.86036    0.000
13580.00    0.91454   0.86022    0.000
13581.00    0.91454   0.86007    0.000
13582.00    0.91454   0.85994    0.000
13583.00    0.91454   0.85979    0.000
13584.00    0.91454   0.85965    0.000
13585.00    0.91454   0.85952    0.000
13586.00    0.91454   0.85938    0.000
13587.00    0.91454   0.85925    0.000
13588.00    0.91454   0.85913    0.000
13589.00    0.91454   0.85900    0.000
13590.00    0.91454   0.85887    0.000
13591.00    0.91454   0.85875    0.000
13592.00    0.91454   0.85862    0.000
13593.00    0.91454   0.85849    0.000
13594.00    0.91454   0.85836    0.000
13595.00    0.91454   0.85822    0.000
13596.00    0.91454   0.85808    0.000
13597.00    0.91454   0.85795    0.000
13598.00    0.91454   0.85780    0.000
13599.00    0.91454   0.85766    0.000
13600.00    0.91454   0.85753    0.000
13601.00    0.91454   0.85738    0.000
13602.00    0.91454   0.85725    0.000
13603.00    0.91454   0.85713    0.000
13604.00    0.91454   0.85699    0.000
13605.00    0.91454   0.85686    0.000
13606.00    0.91454   0.85675    0.000
13607.00    0.91454   0.85661    0.000
13608.00    0.91454   0.85648    0.000
13609.00    0.91454   0.85637    0.000
13610.00    0.91454   0.85622    0.000
13611.00    0.91454   0.85609    0.000
13612.00    0.91454   0.85597    0.000
13613.00    0.91454   0.85581    0.000
13614.00    0.91454   0.85567    0.000
13615.00    0.91454   0.85555    0.000
13616.00    0.91454   0.85539    0.000
13617.00    0.91454   0.85525    0.000
13618.00    0.91454   0.85513    0.000
13619.00    0.91454   0.85499    0.000
13620.00    0.91454   0.85486    0.000
13621.00    0.91454   0.85475    0.000
13622.00    0.91454   0.85461    0.000
13623.00    0.91454   0.85448    0.000
13624.00    0.91454   0.85437    0.000
13625.00    0.91454   0.85423    0.000
13626.00    0.91454   0.85409    0.000
13627.00    0.91454   0.85397    0.000
13628.00    0.91454   0.85383    0.000
13629.00    0.91454   0.85367    0.000
13630.00    0.91454   0.85355    0.000
13631.00    0.91454   0.85341    0.000
13632.00    0.91454   0.85326    0.000
13633.00    0.91454   0.85315    0.000
13634.00    0.91454   0.85301    0.000
13635.00    0.91454   0.85288    0.000
13636.00    0.91454   0.85277    0.000
13637.00    0.91454   0.85266    0.000
13638.00    0.91454   0.85252    0.000
13639.00    0.91454   0.85242    0.000
13640.00    0.91454   0.85232    0.000
13641.00    0.91454   0.85217    0.000
13642.00    0.91454   0.85205    0.000
13643.00    0.91454   0.85194    0.000
13644.00    0.91454   0.85179    0.000
13645.00    0.91454   0.85165    0.000
13646.00    0.91454   0.85153    0.000
13647.00    0.91454   0.85138    0.000
13648.00    0.91454   0.85124    0.000
13649.00    0.91454   0.85111    0.000
13650.00    0.91454   0.85097    0.000
13651.00    0.91454   0.85084    0.000
13652.00    0.91454   0.85072    0.000
13653.00    0.91454   0.85058    0.000
13654.00    0.91454   0.85045    0.000
13655.00    0.91454   0.85034    0.000
13656.00    0.91454   0.85020    0.000
13657.00    0.91454   0.85007    0.000
13658.00    0.91454   0.84995    0.000
13659.00    0.91454   0.84980    0.000
13660.00    0.91454   0.84967    0.000
13661.00    0.91454   0.84954    0.000
13662.00    0.91454   0.84938    0.000
13663.00    0.91454   0.84925    0.000
13664.00    0.91454   0.84912    0.000
13665.00    0.91454   0.84896    0.000
13666.00    0.91454   0.84883    0.000
13667.00    0.91454   0.84872    0.000
13668.00    0.91454   0.84857    0.000
13669.00    0.91454   0.84844    0.000
13670.00    0.91454   0.84833    0.000
13671.00    0.91454   0.84819    0.000
13672.00    0.91454   0.84805    0.000
13673.00    0.91454   0.84793    0.000
13674.00    0.91454   0.84779    0.000
13675.00    0.91454   0.84765    0.000
13676.00    0.86946   0.84752    0.000
13677.00    0.82438   0.84737    0.000
13678.00    0.82438   0.84723    0.000
13679.00    0.82438   0.84710    0.000
13680.00    0.82438   0.84695    0.000
13681.00    0.82438   0.84682    0.000
13682.00    0.82438   0.84670    0.000
13683.00    0.82438   0.84655    0.000
13684.00    0.82438   0.84643    0.000
13685.00    0.82438   0.84632    0.000
13686.00    0.82438   0.84617    0.000
13687.00    0.82438   0.84605    0.000
13688.00    0.82438   0.84594    0.000
13689.00    0.82438   0.84578    0.000
13690.00    0.82438   0.84565    0.000
13691.00    0.82438   0.84553    0.000
13692.00    0.82438   0.84537    0.000
13693.00    0.82438   0.84523    0.000
13694.00    0.82438   0.84511    0.000
13695.00    0.82438   0.84495    0.000
13696.00    0.82438   0.84481    0.000
13697.00    0.82438   0.84469    0.000
13698.00    0.82438   0.84455    0.000
13699.00    0.82438   0.84442    0.000
13700.00    0.82438   0.84431    0.000
13701.00    0.82438   0.84417    0.000
13702.00    0.82438   0.84404    0.000
13703.00    0.82438   0.84393    0.000
13704.00    0.82438   0.84379    0.000
13705.00    0.82438   0.84365    0.000
13706.00    0.82438   0.84353    0.000
13707.00    0.82438   0.84338    0.000
13708.00    0.82438   0.84323    0.000
13709.00    0.82438   0.84311    0.000
13710.00    0.82438   0.84296    0.000
13711.00    0.82438   0.84282    0.000
13712.00    0.82438   0.84269    0.000
13713.00    0.82438   0.84255    0.000
13714.00    0.82438   0.84241    0.000
13715.00    0.82438   0.84230    0.000
13716.00    0.82438   0.84216    0.000
13717.00    0.82438   0.84203    0.000
13718.00    0.82438   0.84192    0.000
13719.00    0.82438   0.84178    0.000
13720.00    0.82438   0.84165    0.000
13721.00    0.82438   0.84152    0.000
13722.00    0.82438   0.84138    0.000
13723.00    0.82438   0.84124    0.000
13724.00    0.82438   0.84111    0.000
13725.00    0.82438   0.84096    0.000
13726.00    0.82438   0.84082    0.000
13727.00    0.82438   0.84069    0.000
13728.00    0.82438   0.84054    0.000
13729.00    0.82438   0.84041    0.000
13730.00    0.82438   0.84030    0.000
13731.00    0.82438   0.84014    0.000
13732.00    0.82438   0.84002    0.000
13733.00    0.82438   0.83992    0.000
13734.00    0.82438   0.83977    0.000
13735.00    0.82438   0.83965    0.000
13736.00    0.82438   0.83955    0.000
13737.00    0.82438   0.83939    0.000
13738.00    0.82438   0.83926    0.000
13739.00    0.82438   0.83916    0.000
13740.00    0.82438   0.83901    0.000
13741.00    0.82438   0.83887    0.000
13742.00    0.82438   0.83876    0.000
13743.00    0.82438   0.83863    0.000
13744.00    0.82438   0.83847    0.000
13745.00    0.82438   0.83837    0.000
13746.00    0.82438   0.83825    0.000
13747.00    0.82438   0.83810    0.000
13748.00    0.82438   0.83799    0.000
13749.00    0.82438   0.83788    0.000
13750.00    0.82438   0.83773    0.000
13751.00    0.82438   0.83761    0.000
13752.00    0.82438   0.83750    0.000
13753.00    0.82438   0.83734    0.000
13754.00    0.82438   0.83721    0.000
13755.00    0.82438   0.83710    0.000
13756.00    0.82438   0.83693    0.000
13757.00    0.82438   0.83679    0.000
13758.00    0.82438   0.83667    0.000
13759.00    0.82438   0.83651    0.000
13760.00    0.82438   0.83637    0.000
13761.00    0.82438   0.83626    0.000
13762.00    0.82438   0.83611    0.000
13763.00    0.82438   0.83598    0.000
13764.00    0.82438   0.83587    0.000
13765.00    0.82438   0.83573    0.000
13766.00    0.82438   0.83560    0.000
13767.00    0.82438   0.83549    0.000
13768.00    0.82438   0.83535    0.000
13769.00    0.82438   0.83521    0.000
13770.00    0.82438   0.83509    0.000
13771.00    0.82438   0.83494    0.000
13772.00    0.82438   0.83479    0.000
13773.00    0.82438   0.83468    0.000
13774.00    0.82438   0.83452    0.000
13775.00    0.82438   0.83438    0.000
13776.00    0.82438   0.83425    0.000
13777.00    0.82438   0.83411    0.000
13778.00    0.82438   0.83397    0.000
13779.00    0.82438   0.83386    0.000
13780.00    0.82438   0.83371    0.000
13781.00    0.82438   0.83359    0.000
13782.00    0.82438   0.83348    0.000
13783.00    0.82438   0.83333    0.000
13784.00    0.82438   0.83321    0.000
13785.00    0.82438   0.83309    0.000
13786.00    0.82438   0.83293    0.000
13787.00    0.82438   0.83280    0.000
13788.00    0.82438   0.83267    0.000
13789.00    0.82438   0.83251    0.000
13790.00    0.82438   0.83238    0.000
13791.00    0.82438   0.83225    0.000
13792.00    0.82438   0.83209    0.000
13793.00    0.82438   0.83196    0.000
13794.00    0.82438   0.83185    0.000
13795.00    0.82438   0.83170    0.000
13796.00    0.82438   0.83158    0.000
13797.00    0.82438   0.83147    0.000
13798.00    0.82438   0.83132    0.000
13799.00    0.82438   0.83119    0.000
13800.00    0.82438   0.83108    0.000
13801.00    0.82438   0.83093    0.000
13802.00    0.82438   0.83080    0.000
13803.00    0.82438   0.83068    0.000
13804.00    0.82438   0.83051    0.000
13805.00    0.82438   0.83038    0.000
13806.00    0.82438   0.83026    0.000
13807.00    0.82438   0.83009    0.000
13808.00    0.82438   0.82996    0.000
13809.00    0.82438   0.82984    0.000
13810.00    0.82438   0.82969    0.000
13811.00    0.82438   0.82956    0.000
13812.00    0.82438   0.82945    0.000
13813.00    0.82438   0.82931    0.000
13814.00    0.82438   0.82918    0.000
13815.00    0.82438   0.82907    0.000
13816.00    0.82438   0.82892    0.000
13817.00    0.82438   0.82879    0.000
13818.00    0.82438   0.82867    0.000
13819.00    0.82438   0.82852    0.000
13820.00    0.82438   0.82837    0.000
13821.00    0.82438   0.82825    0.000
13822.00    0.82438   0.82810    0.000
13823.00    0.82438   0.82796    0.000
13824.00    0.82438   0.82783    0.000
13825.00    0.82438   0.82768    0.000
13826.00    0.82438   0.82755    0.000
13827.00    0.82438   0.82744    0.000
13828.00    0.82438   0.82729    0.000
13829.00    0.82438   0.82716    0.000
13830.00    0.82438   0.82705    0.000
13831.00    0.82438   0.82690    0.000
13832.00    0.82438   0.82676    0.000
13833.00    0.82438   0.82665    0.000
13834.00    0.82438   0.82649    0.000
13835.00    0.82438   0.82634    0.000
13836.00    0.82438   0.82622    0.000
13837.00    0.82438   0.82607    0.000
13838.00    0.82438   0.82592    0.000
13839.00    0.82438   0.82581    0.000
13840.00    0.82438   0.82565    0.000
13841.00    0.82438   0.82552    0.000
13842.00    0.82438   0.82541    0.000
13843.00    0.82438   0.82527    0.000
13844.00    0.82438   0.82514    0.000
13845.00    0.82438   0.82504    0.000
13846.00    0.82438   0.82490    0.000
13847.00    0.82438   0.82477    0.000
13848.00    0.82438   0.82466    0.000
13849.00    0.82438   0.82453    0.000
13850.00    0.82438   0.82439    0.000
13851.00    0.82438   0.82427    0.000
13852.00    0.82438   0.82415    0.000
13853.00    0.82438   0.82400    0.000
13854.00    0.82438   0.82388    0.000
13855.00    0.82438   0.82376    0.000
13856.00    0.82438   0.82361    0.000
13857.00    0.82438   0.82349    0.000
13858.00    0.82438   0.82337    0.000
13859.00    0.82438   0.82323    0.000
13860.00    0.82438   0.82311    0.000
13861.00    0.82438   0.82299    0.000
13862.00    0.82438   0.82285    0.000
13863.00    0.82438   0.82272    0.000
13864.00    0.82438   0.82260    0.000
13865.00    0.82438   0.82245    0.000
13866.00    0.82438   0.82232    0.000
13867.00    0.82438   0.82219    0.000
13868.00    0.82438   0.82203    0.000
13869.00    0.82438   0.82189    0.000
13870.00    0.82438   0.82177    0.000
13871.00    0.82438   0.82160    0.000
13872.00    0.82438   0.82148    0.000
13873.00    0.82438   0.82136    0.000
13874.00    0.82438   0.82121    0.000
13875.00    0.82438   0.82109    0.000
13876.00    0.82438   0.82098    0.000
13877.00    0.82438   0.82082    0.000
13878.00    0.82438   0.82070    0.000
13879.00    0.82438   0.82060    0.000
13880.00    0.82438   0.82043    0.000
13881.00    0.82438   0.82031    0.000
13882.00    0.82438   0.82019    0.000
13883.00    0.82438   0.82002    0.000
13884.00    0.82438   0.81989    0.000
13885.00    0.82438   0.81977    0.000
13886.00    0.82438   0.81960    0.000
13887.00    0.82438   0.81947    0.000
13888.00    0.82438   0.81936    0.000
13889.00    0.82438   0.81920    0.000
13890.00    0.82438   0.81907    0.000
13891.00    0.82438   0.81896    0.000
13892.00    0.82438   0.81881    0.000
13893.00    0.82438   0.81869    0.000
13894.00    0.82438   0.81858    0.000
13895.00    0.82438   0.81843    0.000
13896.00    0.82438   0.81829    0.000
13897.00    0.82438   0.81818    0.000
13898.00    0.82438   0.81802    0.000
13899.00    0.82438   0.81788    0.000
13900.00    0.82438   0.81776    0.000
13901.00    0.82438   0.81760    0.000
13902.00    0.82438   0.81746    0.000
13903.00    0.82438   0.81734    0.000
13904.00    0.82438   0.81718    0.000
13905.00    0.82438   0.81705    0.000
13906.00    0.82438   0.81694    0.000
13907.00    0.82438   0.81679    0.000
13908.00    0.82438   0.81667    0.000
13909.00    0.82438   0.81656    0.000
13910.00    0.82438   0.81641    0.000
13911.00    0.82438   0.81628    0.000
13912.00    0.82438   0.81617    0.000
13913.00    0.82438   0.81601    0.000
13914.00    0.82438   0.81588    0.000
13915.00    0.82438   0.81575    0.000
13916.00    0.82438   0.81559    0.000
13917.00    0.82438   0.81546    0.000
13918.00    0.82438   0.81533    0.000
13919.00    0.82438   0.81517    0.000
13920.00    0.82438   0.81504    0.000
13921.00    0.82438   0.81493    0.000
13922.00    0.82438   0.81477    0.000
13923.00    0.82438   0.81465    0.000
13924.00    0.82438   0.81454    0.000
13925.00    0.82438   0.81439    0.000
13926.00    0.82438   0.81427    0.000
13927.00    0.82438   0.81416    0.000
13928.00    0.82438   0.81399    0.000
13929.00    0.82438   0.81386    0.000
13930.00    0.82438   0.81375    0.000
13931.00    0.82438   0.81358    0.000
13932.00    0.82438   0.81344    0.000
13933.00    0.82438   0.81333    0.000
13934.00    0.82438   0.81316    0.000
13935.00    0.82438   0.81302    0.000
13936.00    0.82438   0.81291    0.000
13937.00    0.82438   0.81275    0.000
13938.00    0.82438   0.81263    0.000
13939.00    0.82438   0.81252    0.000
13940.00    0.82438   0.81237    0.000
13941.00    0.82438   0.81224    0.000
13942.00    0.82438   0.81214    0.000
13943.00    0.82438   0.81198    0.000
13944.00    0.82438   0.81185    0.000
13945.00    0.82438   0.81174    0.000
13946.00    0.82438   0.81159    0.000
13947.00    0.82438   0.81144    0.000
13948.00    0.82438   0.81133    0.000
13949.00    0.82438   0.81118    0.000
13950.00    0.82438   0.81104    0.000
13951.00    0.82438   0.81093    0.000
13952.00    0.82438   0.81080    0.000
13953.00    0.82438   0.81066    0.000
13954.00    0.82438   0.81055    0.000
13955.00    0.82438   0.81044    0.000
13956.00    0.82438   0.81029    0.000
13957.00    0.82438   0.81019    0.000
13958.00    0.82438   0.81008    0.000
13959.00    0.82438   0.80993    0.000
13960.00    0.82438   0.80981    0.000
13961.00    0.82438   0.80970    0.000
13962.00    0.82438   0.80953    0.000
13963.00    0.82438   0.80939    0.000
13964.00    0.82438   0.80928    0.000
13965.00    0.82438   0.80912    0.000
13966.00    0.82438   0.80897    0.000
13967.00    0.82438   0.80886    0.000
13968.00    0.82438   0.80870    0.000
13969.00    0.82438   0.80857    0.000
13970.00    0.82438   0.80846    0.000
13971.00    0.82438   0.80831    0.000
13972.00    0.82438   0.80819    0.000
13973.00    0.82438   0.80808    0.000
13974.00    0.82438   0.80792    0.000
13975.00    0.82438   0.80780    0.000
13976.00    0.82438   0.80768    0.000
13977.00    0.82438   0.80752    0.000
13978.00    0.82438   0.80740    0.000
13979.00    0.82438   0.80727    0.000
13980.00    0.82438   0.80710    0.000
13981.00    0.82438   0.80698    0.000
13982.00    0.82438   0.80685    0.000
13983.00    0.82438   0.80668    0.000
13984.00    0.82438   0.80656    0.000
13985.00    0.82438   0.80644    0.000
13986.00    0.82438   0.80628    0.000
13987.00    0.82438   0.80616    0.000
13988.00    0.82438   0.80605    0.000
13989.00    0.82438   0.80589    0.000
13990.00    0.82438   0.80577    0.000
13991.00    0.82438   0.80565    0.000
13992.00    0.82438   0.80548    0.000
13993.00    0.82438   0.80536    0.000
13994.00    0.82438   0.80523    0.000
13995.00    0.82438   0.80506    0.000
13996.00    0.82438   0.80494    0.000
13997.00    0.82438   0.80481    0.000
13998.00    0.82438   0.80464    0.000
13999.00    0.82438   0.80452    0.000
14000.00    0.82438   0.80440    0.000
14001.00    0.82438   0.80424    0.000
14002.00    0.82438   0.80413    0.000
14003.00    0.82438   0.80402    0.000
14004.00    0.82438   0.80386    0.000
14005.00    0.82438   0.80374    0.000
14006.00    0.82438   0.80364    0.000
14007.00    0.82438   0.80346    0.000
14008.00    0.82438   0.80334    0.000
14009.00    0.82438   0.80323    0.000
14010.00    0.82438   0.80305    0.000
14011.00    0.82438   0.80292    0.000
14012.00    0.82438   0.80281    0.000
14013.00    0.82438   0.80263    0.000
14014.00    0.82438   0.80250    0.000
14015.00    0.82438   0.80239    0.000
14016.00    0.82438   0.80222    0.000
14017.00    0.82438   0.80210    0.000
14018.00    0.82438   0.80200    0.000
14019.00    0.82438   0.80184    0.000
14020.00    0.82438   0.80172    0.000
14021.00    0.82438   0.80161    0.000
14022.00    0.82438   0.80145    0.000
14023.00    0.82438   0.80132    0.000
14024.00    0.82438   0.80121    0.000
14025.00    0.82438   0.80105    0.000
14026.00    0.82438   0.80090    0.000
14027.00    0.82438   0.80079    0.000
14028.00    0.82438   0.80062    0.000
14029.00    0.82438   0.80048    0.000
14030.00    0.82438   0.80037    0.000
14031.00    0.82438   0.80021    0.000
14032.00    0.82438   0.80008    0.000
14033.00    0.82438   0.79997    0.000
14034.00    0.82438   0.79981    0.000
14035.00    0.82438   0.79969    0.000
14036.00    0.82438   0.79959    0.000
14037.00    0.82438   0.79943    0.000
14038.00    0.82438   0.79931    0.000
14039.00    0.82438   0.79919    0.000
14040.00    0.82438   0.79903    0.000
14041.00    0.82438   0.79891    0.000
14042.00    0.82438   0.79877    0.000
14043.00    0.82438   0.79861    0.000
14044.00    0.82438   0.79848    0.000
14045.00    0.82438   0.79836    0.000
14046.00    0.82438   0.79819    0.000
14047.00    0.82438   0.79807    0.000
14048.00    0.82438   0.79795    0.000
14049.00    0.82438   0.79779    0.000
14050.00    0.82438   0.79768    0.000
14051.00    0.82438   0.79758    0.000
14052.00    0.82438   0.79742    0.000
14053.00    0.82438   0.79730    0.000
14054.00    0.82438   0.79720    0.000
14055.00    0.82438   0.79706    0.000
14056.00    0.82438   0.79692    0.000
14057.00    0.82438   0.79682    0.000
14058.00    0.82438   0.79668    0.000
14059.00    0.82607   0.79652    0.000
14060.00    0.82709   0.79642    0.000
14061.00    0.82597   0.79629    0.000
14062.00    0.82395   0.79612    0.000
14063.00    0.81796   0.79601    0.000
14064.00    0.81158   0.79590    0.000
14065.00    0.80671   0.79573    0.000
14066.00    0.80183   0.79562    0.000
14067.00    0.79768   0.79552    0.000
14068.00    0.79460   0.79536    0.000
14069.00    0.79804   0.79524    0.000
14070.00    0.79985   0.79514    0.000
14071.00    0.79236   0.79496    0.000
14072.00    0.78057   0.79484    0.000
14073.00    0.77836   0.79473    0.000
14074.00    0.78764   0.79454    0.000
14075.00    0.79824   0.79442    0.000
14076.00    0.80814   0.79431    0.000
14077.00    0.81453   0.79412    0.000
14078.00    0.81359   0.79400    0.000
14079.00    0.81125   0.79389    0.000
14080.00    0.80314   0.79372    0.000
14081.00    0.79631   0.79360    0.000
14082.00    0.80172   0.79349    0.000
14083.00    0.80731   0.79333    0.000
14084.00    0.80183   0.79321    0.000
14085.00    0.79423   0.79311    0.000
14086.00    0.79893   0.79294    0.000
14087.00    0.80969   0.79281    0.000
14088.00    0.81702   0.79271    0.000
14089.00    0.82001   0.79254    0.000
14090.00    0.81106   0.79240    0.000
14091.00    0.79498   0.79228    0.000
14092.00    0.79399   0.79211    0.000
14093.00    0.81072   0.79198    0.000
14094.00    0.82152   0.79186    0.000
14095.00    0.81811   0.79170    0.000
14096.00    0.81269   0.79157    0.000
14097.00    0.79992   0.79146    0.000
14098.00    0.78979   0.79130    0.000
14099.00    0.81849   0.79119    0.000
14100.00    0.84844   0.79108    0.000
14101.00    0.84549   0.79091    0.000
14102.00    0.83848   0.79080    0.000
14103.00    0.82606   0.79068    0.000
14104.00    0.81212   0.79051    0.000
14105.00    0.79780   0.79040    0.000
14106.00    0.78334   0.79026    0.000
14107.00    0.77743   0.79009    0.000
14108.00    0.78129   0.78997    0.000
14109.00    0.78726   0.78984    0.000
14110.00    0.79234   0.78967    0.000
14111.00    0.79534   0.78956    0.000
14112.00    0.79433   0.78944    0.000
14113.00    0.79387   0.78927    0.000
14114.00    0.79742   0.78916    0.000
14115.00    0.80074   0.78905    0.000
14116.00    0.80693   0.78888    0.000
14117.00    0.81381   0.78877    0.000
14118.00    0.81745   0.78866    0.000
14119.00    0.82200   0.78849    0.000
14120.00    0.82327   0.78837    0.000
14121.00    0.82091   0.78826    0.000
14122.00    0.81906   0.78807    0.000
14123.00    0.81740   0.78795    0.000
14124.00    0.80951   0.78783    0.000
14125.00    0.79809   0.78765    0.000
14126.00    0.79375   0.78753    0.000
14127.00    0.79649   0.78742    0.000
14128.00    0.79793   0.78724    0.000
14129.00    0.79383   0.78713    0.000
14130.00    0.79178   0.78703    0.000
14131.00    0.82203   0.78685    0.000
14132.00    0.85097   0.78674    0.000
14133.00    0.82974   0.78664    0.000
14134.00    0.80565   0.78647    0.000
14135.00    0.79265   0.78635    0.000
14136.00    0.77927   0.78624    0.000
14137.00    0.77205   0.78606    0.000
14138.00    0.76989   0.78593    0.000
14139.00    0.76956   0.78581    0.000
14140.00    0.76924   0.78564    0.000
14141.00    0.76917   0.78550    0.000
14142.00    0.76928   0.78539    0.000
14143.00    0.77135   0.78522    0.000
14144.00    0.78179   0.78510    0.000
14145.00    0.79015   0.78499    0.000
14146.00    0.77958   0.78482    0.000
14147.00    0.77015   0.78470    0.000
14148.00    0.76344   0.78460    0.000
14149.00    0.75660   0.78443    0.000
14150.00    0.78862   0.78430    0.000
14151.00    0.82802   0.78419    0.000
14152.00    0.83537   0.78402    0.000
14153.00    0.83404   0.78389    0.000
14154.00    0.82146   0.78378    0.000
14155.00    0.79944   0.78361    0.000
14156.00    0.78622   0.78348    0.000
14157.00    0.78145   0.78337    0.000
14158.00    0.77951   0.78323    0.000
14159.00    0.78194   0.78310    0.000
14160.00    0.77935   0.78300    0.000
14161.00    0.76857   0.78288    0.000
14162.00    0.76245   0.78273    0.000
14163.00    0.76175   0.78263    0.000
14164.00    0.76124   0.78252    0.000
14165.00    0.76562   0.78236    0.000
14166.00    0.77023   0.78225    0.000
14167.00    0.79614   0.78214    0.000
14168.00    0.82928   0.78196    0.000
14169.00    0.82789   0.78183    0.000
14170.00    0.81498   0.78172    0.000
14171.00    0.80668   0.78154    0.000
14172.00    0.79878   0.78141    0.000
14173.00    0.79527   0.78130    0.000
14174.00    0.79598   0.78113    0.000
14175.00    0.79682   0.78101    0.000
14176.00    0.79722   0.78090    0.000
14177.00    0.79833   0.78073    0.000
14178.00    0.80215   0.78062    0.000
14179.00    0.80548   0.78051    0.000
14180.00    0.80311   0.78034    0.000
14181.00    0.80243   0.78023    0.000
14182.00    0.82676   0.78011    0.000
14183.00    0.85187   0.77994    0.000
14184.00    0.86198   0.77982    0.000
14185.00    0.87622   0.77970    0.000
14186.00    0.87393   0.77952    0.000
14187.00    0.85738   0.77940    0.000
14188.00    0.82309   0.77928    0.000
14189.00    0.78001   0.77910    0.000
14190.00    0.75671   0.77899    0.000
14191.00    0.75494   0.77889    0.000
14192.00    0.75570   0.77874    0.000
14193.00    0.76425   0.77867    0.000
14194.00    0.77104   0.77863    0.000
14195.00    0.76611   0.77857    0.000
14196.00    0.76202   0.77863    0.000
14197.00    0.76858   0.77879    0.000
14198.00    0.77543   0.77901    0.000
14199.00    0.78848   0.77943    0.000
14200.00    0.80178   0.78007    0.000
14201.00    0.80912   0.78089    0.000
14202.00    0.81747   0.78200    0.000
14203.00    0.82320   0.78340    0.000
14204.00    0.82559   0.78504    0.000
14205.00    0.81527   0.78693    0.000
14206.00    0.79618   0.78903    0.000
14207.00    0.78824   0.79117    0.000
14208.00    0.79382   0.79335    0.000
14209.00    0.79741   0.79545    0.000
14210.00    0.79829   0.79723    0.000
14211.00    0.79965   0.79871    0.000
14212.00    0.80032   0.79980    0.000
14213.00    0.80099   0.80026    0.000
14214.00    0.79733   0.80015    0.000
14215.00    0.79346   0.79947    0.000
14216.00    0.78721   0.79802    0.000
14217.00    0.78122   0.79591    0.000
14218.00    0.79632   0.79320    0.000
14219.00    0.81458   0.78980    0.000
14220.00    0.81742   0.78591    0.000
14221.00    0.81699   0.78162    0.000
14222.00    0.81085   0.77699    0.000
14223.00    0.79853   0.77230    0.000
14224.00    0.78866   0.76760    0.000
14225.00    0.77922   0.76303    0.000
14226.00    0.77311   0.75877    0.000
14227.00    0.77562   0.75480    0.000
14228.00    0.77750   0.75116    0.000
14229.00    0.78379   0.74788    0.000
14230.00    0.79011   0.74490    0.000
14231.00    0.78685   0.74218    0.000
14232.00    0.78337   0.73977    0.000
14233.00    0.81031   0.73766    0.000
14234.00    0.83974   0.73593    0.000
14235.00    0.81234   0.73477    0.000
14236.00    0.77341   0.73429    0.000
14237.00    0.76867   0.73461    0.000
14238.00    0.77542   0.73593    0.000
14239.00    0.77327   0.73829    0.000
14240.00    0.76566   0.74159    0.000
14241.00    0.76204   0.74579    0.000
14242.00    0.76566   0.75070    0.000
14243.00    0.77069   0.75589    0.000
14244.00    0.77805   0.76111    0.000
14245.00    0.78483   0.76604    0.000
14246.00    0.78657   0.77030    0.000
14247.00    0.78735   0.77365    0.000
14248.00    0.77390   0.77597    0.000
14249.00    0.75998   0.77723    0.000
14250.00    0.72221   0.77745    0.000
14251.00    0.68084   0.77676    0.000
14252.00    0.68414   0.77549    0.000
14253.00    0.70354   0.77380    0.000
14254.00    0.72803   0.77199    0.000
14255.00    0.75585   0.77041    0.000
14256.00    0.77310   0.76923    0.000
14257.00    0.77734   0.76862    0.000
14258.00    0.79001   0.76879    0.000
14259.00    0.81562   0.76971    0.000
14260.00    0.85380   0.77134    0.000
14261.00    0.93453   0.77370    0.000
14262.00    0.99331   0.77653    0.000
14263.00    0.91879   0.77963    0.000
14264.00    0.85012   0.78291    0.000
14265.00    0.84519   0.78608    0.000
14266.00    0.84023   0.78890    0.000
14267.00    0.81893   0.79139    0.000
14268.00    0.79808   0.79341    0.000
14269.00    0.78373   0.79478    0.000
14270.00    0.77176   0.79574    0.000
14271.00    0.77177   0.79630    0.000
14272.00    0.77834   0.79634    0.000
14273.00    0.78181   0.79613    0.000
14274.00    0.78140   0.79573    0.000
14275.00    0.77452   0.79495    0.000
14276.00    0.76454   0.79397    0.000
14277.00    0.75926   0.79278    0.000
14278.00    0.76294   0.79119    0.000
14279.00    0.76693   0.78928    0.000
14280.00    0.77247   0.78713    0.000
14281.00    0.77800   0.78463    0.000
14282.00    0.77994   0.78195    0.000
14283.00    0.78143   0.77928    0.000
14284.00    0.78252   0.77665    0.000
14285.00    0.78330   0.77421    0.000
14286.00    0.78635   0.77219    0.000
14287.00    0.79096   0.77061    0.000
14288.00    0.78887   0.76942    0.000
14289.00    0.78153   0.76877    0.000
14290.00    0.77768   0.76857    0.000
14291.00    0.77792   0.76861    0.000
14292.00    0.77729   0.76901    0.000
14293.00    0.77675   0.76965    0.000
14294.00    0.77759   0.77036    0.000
14295.00    0.78087   0.77130    0.000
14296.00    0.78442   0.77238    0.000
14297.00    0.78443   0.77360    0.000
14298.00    0.78425   0.77498    0.000
14299.00    0.78799   0.77646    0.000
14300.00    0.79283   0.77803    0.000
14301.00    0.79408   0.77952    0.000
14302.00    0.79475   0.78081    0.000
14303.00    0.80506   0.78188    0.000
14304.00    0.81882   0.78244    0.000
14305.00    0.82081   0.78241    0.000
14306.00    0.81491   0.78190    0.000
14307.00    0.81460   0.78071    0.000
14308.00    0.82197   0.77890    0.000
14309.00    0.82754   0.77683    0.000
14310.00    0.82697   0.77435    0.000
14311.00    0.82735   0.77171    0.000
14312.00    0.83837   0.76927    0.000
14313.00    0.84941   0.76688    0.000
14314.00    0.84532   0.76478    0.000
14315.00    0.84042   0.76319    0.000
14316.00    0.81689   0.76186    0.000
14317.00    0.79318   0.76099    0.000
14318.00    0.80059   0.76062    0.000
14319.00    0.81259   0.76055    0.000
14320.00    0.80448   0.76091    0.000
14321.00    0.78724   0.76171    0.000
14322.00    0.76257   0.76282    0.000
14323.00    0.72223   0.76433    0.000
14324.00    0.69147   0.76621    0.000
14325.00    0.68955   0.76834    0.000
14326.00    0.69382   0.77068    0.000
14327.00    0.73329   0.77316    0.000
14328.00    0.77296   0.77558    0.000
14329.00    0.79103   0.77781    0.000
14330.00    0.80947   0.77972    0.000
14331.00    0.81156   0.78113    0.000
14332.00    0.81208   0.78196    0.000
14333.00    0.80233   0.78216    0.000
14334.00    0.79276   0.78166    0.000
14335.00    0.78805   0.78063    0.000
14336.00    0.78463   0.77913    0.000
14337.00    0.78607   0.77730    0.000
14338.00    0.78811   0.77543    0.000
14339.00    0.78715   0.77372    0.000
14340.00    0.78519   0.77233    0.000
14341.00    0.78420   0.77147    0.000
14342.00    0.78481   0.77129    0.000
14343.00    0.78628   0.77177    0.000
14344.00    0.78866   0.77290    0.000
14345.00    0.79087   0.77461    0.000
14346.00    0.79209   0.77671    0.000
14347.00    0.79274   0.77899    0.000
14348.00    0.79048   0.78129    0.000
14349.00    0.78864   0.78342    0.000
14350.00    0.79272   0.78515    0.000
14351.00    0.79660   0.78648    0.000
14352.00    0.80288   0.78737    0.000
14353.00    0.80978   0.78774    0.000
14354.00    0.81191   0.78780    0.000
14355.00    0.81077   0.78763    0.000
14356.00    0.80319   0.78728    0.000
14357.00    0.79193   0.78699    0.000
14358.00    0.78447   0.78682    0.000
14359.00    0.78148   0.78681    0.000
14360.00    0.78258   0.78706    0.000
14361.00    0.79309   0.78746    0.000
14362.00    0.80056   0.78802    0.000
14363.00    0.79364   0.78863    0.000
14364.00    0.78710   0.78908    0.000
14365.00    0.79179   0.78933    0.000
14366.00    0.79709   0.78926    0.000
14367.00    0.80713   0.78863    0.000
14368.00    0.81607   0.78750    0.000
14369.00    0.81372   0.78590    0.000
14370.00    0.80896   0.78372    0.000
14371.00    0.80091   0.78124    0.000
14372.00    0.79159   0.77866    0.000
14373.00    0.78943   0.77611    0.000
14374.00    0.79407   0.77393    0.000
14375.00    0.79344   0.77243    0.000
14376.00    0.78173   0.77173    0.000
14377.00    0.77376   0.77203    0.000
14378.00    0.77963   0.77346    0.000
14379.00    0.78441   0.77589    0.000
14380.00    0.78698   0.77922    0.000
14381.00    0.78969   0.78328    0.000
14382.00    0.79277   0.78763    0.000
14383.00    0.79563   0.79200    0.000
14384.00    0.80022   0.79608  102.188
14385.00    0.80415   0.79936  101.833
14386.00    0.79948   0.80166  104.513
14387.00    0.79059   0.80286  109.766
14388.00    0.78664   0.80267  113.637
14389.00    0.78868   0.80119  115.403
14390.00    0.79080   0.79862  116.238
14391.00    0.79120   0.79499  115.723
14392.00    0.78859   0.79061  114.820
14393.00    0.77988   0.78588  112.984
14394.00    0.77202   0.78097  111.477
14395.00    0.77170   0.77623  111.852
14396.00    0.77162   0.77194  112.381
14397.00    0.77097   0.76829  114.413
14398.00    0.77018   0.76544  116.541
14399.00    0.76666   0.76349  116.012
14400.00    0.76250   0.76250  115.224
14401.00    0.76517   0.76245  110.706
14402.00    0.76985   0.76327  105.534
14403.00    0.77009   0.76490   93.746
14404.00    0.76751   0.76715   81.205
14405.00    0.75716   0.76988   51.377
14406.00    0.73647   0.77295   30.946
14407.00    0.71348   0.77604   22.859
14408.00    0.68351   0.77906   19.122
14409.00    0.66659   0.78186   17.580
14410.00    0.70813   0.78415   20.637
14411.00    0.74623   0.78597   25.156
14412.00    0.76509   0.78725   33.630
14413.00    0.78425   0.78786   50.026
14414.00    0.78401   0.78798   58.885
14415.00    0.78178   0.78764   69.677
14416.00    0.78899   0.78683   74.482
14417.00    0.79803   0.78582   78.447
14418.00    0.79519   0.78462   81.185
14419.00    0.78656   0.78329   83.485
14420.00    0.77989   0.78204   86.394
14421.00    0.77544   0.78085   89.928
14422.00    0.77390   0.77977   94.714
14423.00    0.77415   0.77893  101.175
14424.00    0.77388   0.77830  107.324
14425.00    0.77294   0.77789  111.747
14426.00    0.77233   0.77775  114.901
14427.00    0.77513   0.77785  112.277
14428.00    0.77785   0.77813  109.534
14429.00    0.77520   0.77854  105.404
14430.00    0.77256   0.77903  101.621
14431.00    0.77452   0.77941   99.220
14432.00    0.77701   0.77961   96.993
14433.00    0.78108   0.77959   90.642
14434.00    0.78609   0.77907   84.344
14435.00    0.78199   0.77812   79.611
14436.00    0.77486   0.77678   75.613
14437.00    0.77416   0.77488   77.137
14438.00    0.77476   0.77265   83.414
14439.00    0.76705   0.77029   90.661
14440.00    0.75047   0.76778   98.651
14441.00    0.74202   0.76540  105.440
14442.00    0.75105   0.76336  107.496
14443.00    0.75831   0.76165  109.614
14444.00    0.75870   0.76037  111.794
14445.00    0.75942   0.75958  113.840
14446.00    0.76310   0.75914  112.947
14447.00    0.76669   0.75891  112.100
14448.00    0.76635   0.75884  112.557
14449.00    0.76575   0.75876  113.062
14450.00    0.77218   0.75846  112.249
14451.00    0.77980   0.75803  111.216
14452.00    0.78846   0.75740   -1.000
14453.00    0.79677   0.75654   -1.000
14454.00    0.79759   0.75572   -1.000
14455.00    0.79738   0.75494   72.449
14456.00    0.79972   0.75432   68.457
14457.00    0.79927   0.75415   -1.000
14458.00    0.80126   0.75434   -1.000
14459.00    0.80695   0.75500   -1.000
14460.00    0.80982   0.75625   -1.000
14461.00    0.80756   0.75795   -1.000
14462.00    0.80371   0.76009   -1.000
14463.00    0.79356   0.76273   83.030
14464.00    0.78358   0.76569   76.491
14465.00    0.76939   0.76895   58.433
14466.00    0.75378   0.77256   46.475
14467.00    0.75219   0.77634   38.799
14468.00    0.75286   0.78025   33.391
14469.00    0.75723   0.78433   33.308
14470.00    0.76553   0.78836   36.045
14471.00    0.77389   0.79225   41.727
14472.00    0.78243   0.79601   52.892
14473.00    0.79205   0.79942   66.818
14474.00    0.80051   0.80240   78.244
14475.00    0.80548   0.80494   91.149
14476.00    0.80140   0.80697   98.545
14477.00    0.79751   0.80841  105.717
14478.00    0.79609   0.80938  104.193
14479.00    0.79502   0.80991  102.408
14480.00    0.80438   0.80996   95.643
14481.00    0.81426   0.80976   89.550
14482.00    0.81051   0.80937   92.801
14483.00    0.80432   0.80881   97.682
14484.00    0.79788   0.80831  101.997
14485.00    0.79239   0.80790  106.244
14486.00    0.79378   0.80759  107.941
14487.00    0.79947   0.80753  108.098
14488.00    0.80093   0.80766  108.986
14489.00    0.79704   0.80793  110.733
14490.00    0.79431   0.80833  112.538
14491.00    0.79296   0.80869  114.177
14492.00    0.79386   0.80887  114.487
14493.00    0.80425   0.80874  110.664
14494.00    0.81315   0.80811  106.175
14495.00    0.80771   0.80686   95.402
14496.00    0.80243   0.80490   84.972
14497.00    0.79810   0.80215   51.173
14498.00    0.79369   0.79866   35.954
14499.00    0.77999   0.79452   26.632
14500.00    0.76258   0.78985   21.083
14501.00    0.74496   0.78486   21.599
14502.00    0.72824   0.77978   24.537
14503.00    0.72968   0.77484   28.851
14504.00    0.74983   0.77030   35.363
14505.00    0.76985   0.76631   43.463
14506.00    0.78682   0.76309   52.461
14507.00    0.80460   0.76075   60.924
14508.00    0.82077   0.75926   -1.000
14509.00    0.83050   0.75874   -1.000
14510.00    0.82300   0.75913   -1.000
14511.00    0.81699   0.76024   -1.000
14512.00    0.80669   0.76213   65.371
14513.00    0.79639   0.76460   67.736
14514.00    0.78789   0.76748   71.384
14515.00    0.77963   0.77075   75.537
14516.00    0.77112   0.77419   82.175
14517.00    0.76209   0.77767   90.639
14518.00    0.76267   0.78113   95.862
14519.00    0.76800   0.78436   99.441
14520.00    0.77294   0.78729  101.073
14521.00    0.77875   0.78981  101.037
14522.00    0.78557   0.79181   98.743
14523.00    0.79028   0.79324   94.256
14524.00    0.79709   0.79403   88.505
14525.00    0.81283   0.79422   80.004
14526.00    0.82214   0.79380   74.643
14527.00    0.80480   0.79279   77.635
14528.00    0.78907   0.79134   81.197
14529.00    0.78143   0.78949   89.254
14530.00    0.77372   0.78733   98.996
14531.00    0.76711   0.78502  102.544
14532.00    0.76100   0.78266  105.581
14533.00    0.76305   0.78029  105.936
14534.00    0.76685   0.77809  105.633
14535.00    0.76552   0.77610  105.830
14536.00    0.76112   0.77431  106.281
14537.00    0.76412   0.77285   99.060
14538.00    0.77419   0.77170   87.574
14539.00    0.77713   0.77078   74.176
14540.00    0.77334   0.77018   60.103
14541.00    0.77103   0.76981   52.744
14542.00    0.76441   0.76955   52.911
14543.00    0.75865   0.76947   54.094
14544.00    0.76202   0.76947   61.767
14545.00    0.76489   0.76941   71.912
14546.00    0.76607   0.76932   84.644
14547.00    0.76732   0.76918  102.675
14548.00    0.76640   0.76881  108.755
14549.00    0.76498   0.76828  113.264
14550.00    0.76341   0.76762  117.076
14551.00    0.76234   0.76668  120.683
14552.00    0.76105   0.76561  120.723
14553.00    0.75847   0.76448  118.727
14554.00    0.75453   0.76321  109.502
14555.00    0.74948   0.76200   96.167
14556.00    0.74937   0.76092   83.028
14557.00    0.75938   0.75994   70.136
14558.00    0.76985   0.75923   62.549
14559.00    0.78004   0.75883   61.675
14560.00    0.78667   0.75868   61.995
14561.00    0.76917   0.75889   71.672
14562.00    0.75258   0.75942   84.581
14563.00    0.75077   0.76023   92.894
14564.00    0.74953   0.76132  102.457
14565.00    0.75091   0.76268  106.194
14566.00    0.75223   0.76425  109.170
14567.00    0.75682   0.76600  109.604
14568.00    0.76293   0.76792  108.996
14569.00    0.76863   0.76995   99.049
14570.00    0.77481   0.77208   86.199
14571.00    0.78136   0.77423   69.777
14572.00    0.78811   0.77639   54.430
14573.00    0.79029   0.77853   47.205
14574.00    0.78243   0.78053   46.422
14575.00    0.77607   0.78247   47.381
14576.00    0.77291   0.78431   55.516
14577.00    0.77198   0.78593   66.400
14578.00    0.79465   0.78748   74.307
14579.00    0.81536   0.78891   83.634
14580.00    0.80880   0.79012   72.920
14581.00    0.80162   0.79130   63.602
14582.00    0.78823   0.79232   50.963
14583.00    0.77228   0.79312   41.906
14584.00    0.76971   0.79382   38.902
14585.00    0.77293   0.79428   37.748
14586.00    0.78226   0.79444   39.926
14587.00    0.79264   0.79436   45.355
14588.00    0.79317   0.79394   53.426
14589.00    0.78246   0.79311   66.673
14590.00    0.77534   0.79192   81.575
14591.00    0.77875   0.79032   86.768
14592.00    0.78280   0.78826   90.710
14593.00    0.78759   0.78579   87.933
14594.00    0.79165   0.78292   85.420
14595.00    0.79049   0.77960   82.304
14596.00    0.78827   0.77591   79.207
14597.00    0.76721   0.77191   69.113
14598.00    0.74599   0.76757   60.788
14599.00    0.74583   0.76304   48.756
14600.00    0.74596   0.75843   40.002
14601.00    0.74873   0.75377   36.424
14602.00    0.75415   0.74928   34.539
14603.00    0.75041   0.74504   34.849
14604.00    0.74450   0.74118   36.868
14605.00    0.73673   0.73787   37.982
14606.00    0.72232   0.73509   37.620
14607.00    0.71367   0.73296   38.564
14608.00    0.71591   0.73152   43.602
14609.00    0.71907   0.73060   50.814
14610.00    0.72197   0.73031   65.140
14611.00    0.72420   0.73053   89.192
14612.00    0.72222   0.73104   97.301
14613.00    0.72042   0.73195  106.199
14614.00    0.73387   0.73305  107.188
14615.00    0.74892   0.73421  107.703
14616.00    0.74847   0.73554  102.744
14617.00    0.74580   0.73678   96.655
14618.00    0.74199   0.73797   94.963
14619.00    0.73758   0.73912   95.263
14620.00    0.74077   0.74006   96.590
14621.00    0.74791   0.74089   98.931
14622.00    0.75041   0.74158  100.886
14623.00    0.74859   0.74205  102.003
14624.00    0.74810   0.74244  103.171
14625.00    0.74769   0.74276  104.748
14626.00    0.74730   0.74305  106.243
14627.00    0.75020   0.74344  106.562
14628.00    0.75318   0.74402  106.070
14629.00    0.74911   0.74489   90.343
14630.00    0.74462   0.74609   78.173
14631.00    0.73069   0.74775   53.633
14632.00    0.71716   0.74986   39.945
14633.00    0.72124   0.75230   33.227
14634.00    0.72765   0.75514   28.879
14635.00    0.72915   0.75817   30.357
14636.00    0.73088   0.76119   36.160
14637.00    0.74076   0.76417   46.446
14638.00    0.75971   0.76684   68.115
14639.00    0.77065   0.76899   98.143
14640.00    0.76558   0.77060  105.247
14641.00    0.76356   0.77152  109.691
14642.00    0.77150   0.77162  104.234
14643.00    0.77295   0.77100  100.252
14644.00    0.75049   0.76965  100.529
14645.00    0.73182   0.76757   -1.000
14646.00    0.74425   0.76495   92.924
14647.00    0.75656   0.76194   86.601
14648.00    0.76285   0.75859   88.314
14649.00    0.76865   0.75518   91.031
14650.00    0.76399   0.75191   92.320
14651.00    0.75664   0.74881   93.062
14652.00    0.75494   0.74618   93.026
14653.00    0.75840   0.74413   92.483
14654.00    0.75356   0.74261   92.107
14655.00    0.73936   0.74184   91.925
14656.00    0.73345   0.74175   91.438
14657.00    0.73991   0.74219   90.395
14658.00    0.74427   0.74328   88.822
14659.00    0.73945   0.74476   85.183
14660.00    0.73306   0.74651   80.574
14661.00    0.72792   0.74854   66.261
14662.00    0.72379   0.75056   55.874
14663.00    0.73781   0.75256   42.402
14664.00    0.75256   0.75450   33.951
14665.00    0.75532   0.75617   31.891
14666.00    0.75520   0.75766   30.811
14667.00    0.75480   0.75893   35.027
14668.00    0.75615   0.75987   44.404
14669.00    0.75840   0.76056   56.190
14670.00    0.76141   0.76099   71.069
14671.00    0.76796   0.76109   84.181
14672.00    0.77510   0.76088   86.857
14673.00    0.77642   0.76043   89.073
14674.00    0.77168   0.75968   90.000
14675.00    0.77147   0.75865   90.555
14676.00    0.77916   0.75753   89.841
14677.00    0.78399   0.75630   89.157
14678.00    0.77323   0.75500   87.892
14679.00    0.76265   0.75390   86.657
14680.00    0.75805   0.75299   85.198
14681.00    0.75380   0.75229   83.749
14682.00    0.75440   0.75198   75.126
14683.00    0.75657   0.75202   66.683
14684.00    0.74164   0.75225   46.698
14685.00    0.71600   0.75278   33.254
14686.00    0.69650   0.75343   26.748
14687.00    0.68673   0.75400   23.003
14688.00    0.69488   0.75449   21.711
14689.00    0.72237   0.75473   22.814
14690.00    0.74552   0.75460   25.551
14691.00    0.75813   0.75410   35.252
14692.00    0.76781   0.75315   53.315
14693.00    0.76896   0.75183   66.168
14694.00    0.76940   0.75015   85.415
14695.00    0.76250   0.74815   86.568
14696.00    0.75561   0.74600   87.312
14697.00    0.75664   0.74373   88.655
14698.00    0.75830   0.74139   90.189
14699.00    0.76119   0.73919   92.715
14700.00    0.76343   0.73710   95.659
14701.00    0.76485   0.73516   97.969
14702.00    0.76701   0.73352   99.988
14703.00    0.76733   0.73216   -1.000
14704.00    0.76573   0.73102   96.303
14705.00    0.75839   0.73027   85.631
14706.00    0.74151   0.72984   68.380
14707.00    0.73034   0.72966   58.106
14708.00    0.73705   0.72988   54.743
14709.00    0.74470   0.73040   52.427
14710.00    0.75323   0.73115   54.190
14711.00    0.76011   0.73226   56.280
14712.00    0.75429   0.73359   63.790
14713.00    0.74842   0.73510   73.867
14714.00    0.74578   0.73690   80.338
14715.00    0.74210   0.73882   86.836
14716.00    0.75137   0.74092   90.664
14717.00    0.76474   0.74323   93.666
14718.00    0.76955   0.74563   95.788
14719.00    0.76959   0.74822   97.269
14720.00    0.76750   0.75096   98.098
14721.00    0.76371   0.75377   98.302
14722.00    0.76462   0.75669   98.543
14723.00    0.77314   0.75960   98.936
14724.00    0.77769   0.76243   99.098
14725.00    0.77012   0.76506   98.320
14726.00    0.76464   0.76739   95.555
14727.00    0.77085   0.76934   78.765
14728.00    0.77691   0.77073   66.255
14729.00    0.78814   0.77158   49.401
14730.00    0.79997   0.77183   39.166
14731.00    0.80506   0.77141   36.564
14732.00    0.80899   0.77050   34.990
14733.00    0.78553   0.76911   38.772
14734.00    0.75113   0.76732   46.744
14735.00    0.74637   0.76537   57.352
14736.00    0.76227   0.76332   72.197
14737.00    0.76812   0.76131   85.854
14738.00    0.76350   0.75950   91.013
14739.00    0.75859   0.75796   94.572
14740.00    0.75183   0.75670   94.477
14741.00    0.74816   0.75582   94.777
14742.00    0.75365   0.75523   96.525
14743.00    0.75860   0.75488   98.265
14744.00    0.75724   0.75475   99.556
14745.00    0.75580   0.75471  100.870
14746.00    0.75958   0.75471  101.247
14747.00    0.76414   0.75473  101.519
14748.00    0.76104   0.75468  100.644
14749.00    0.75678   0.75465   99.536
14750.00    0.75692   0.75465   99.114
14751.00    0.75804   0.75474   98.985
14752.00    0.76340   0.75506   98.911
14753.00    0.77150   0.75560   98.946
14754.00    0.77171   0.75649   98.773
14755.00    0.76325   0.75773   98.332
14756.00    0.75655   0.75925   98.088
14757.00    0.75415   0.76103   98.172
14758.00    0.75342   0.76291   98.289
14759.00    0.75693   0.76472   98.724
14760.00    0.75997   0.76632   99.035
14761.00    0.75844   0.76749   97.723
14762.00    0.75672   0.76811   96.439
14763.00    0.75539   0.76807   94.615
14764.00    0.75473   0.76729   92.752
14765.00    0.75246   0.76582   94.179
14766.00    0.74902   0.76372   96.564
14767.00    0.74829   0.76108   99.451
14768.00    0.74876   0.75813  102.693
14769.00    0.74859   0.75502  104.874
14770.00    0.74754   0.75193  106.018
14771.00    0.74762   0.74909  106.464
14772.00    0.74874   0.74661  106.036
14773.00    0.74848   0.74462  105.527
14774.00    0.74577   0.74324  104.733
14775.00    0.74303   0.74244  103.997
14776.00    0.74257   0.74230  103.543
14777.00    0.74203   0.74283  103.057
14778.00    0.74228   0.74389  102.263
14779.00    0.74269   0.74554  101.479
14780.00    0.74901   0.74770  101.300
14781.00    0.75506   0.75021  101.198
14782.00    0.75464   0.75306  101.873
14783.00    0.75316   0.75609  102.716
14784.00    0.75595   0.75911  102.949
14785.00    0.76130   0.76205  102.876
14786.00    0.76683   0.76470  102.492
14787.00    0.77129   0.76688  101.904
14788.00    0.77371   0.76850  101.024
14789.00    0.77353   0.76945   99.635
14790.00    0.77215   0.76965   98.541
14791.00    0.76841   0.76910   98.204
14792.00    0.76638   0.76786   97.973
14793.00    0.77415   0.76600   98.571
14794.00    0.78148   0.76361   99.194
14795.00    0.78205   0.76091   99.605
14796.00    0.78240   0.75800   99.994
14797.00    0.77350   0.75503  100.989
14798.00    0.76319   0.75219  102.067
14799.00    0.75947   0.74956  102.552
14800.00    0.75779   0.74725  102.887
14801.00    0.75513   0.74537  100.549
14802.00    0.75300   0.74394   96.695
14803.00    0.75133   0.74298   92.497
14804.00    0.74992   0.74256   88.104
14805.00    0.75238   0.74262   85.363
14806.00    0.75874   0.74312   85.166
14807.00    0.76337   0.74410   85.843
14808.00    0.76436   0.74540   89.612
14809.00    0.76426   0.74701   93.648
14810.00    0.75628   0.74891   97.073
14811.00    0.74832   0.75089  100.653
14812.00    0.74440   0.75300  101.502
14813.00    0.74085   0.75516  102.176
14814.00    0.74243   0.75720  101.615
14815.00    0.74479   0.75923  100.858
14816.00    0.75082   0.76110  100.030
14817.00    0.75823   0.76274   99.186
14818.00    0.76393   0.76424   98.299
14819.00    0.76780   0.76542   97.394
14820.00    0.76974   0.76631   94.617
14821.00    0.77004   0.76693   89.852
14822.00    0.76935   0.76717   85.100
14823.00    0.76528   0.76713   80.253
14824.00    0.76150   0.76685   76.735
14825.00    0.76229   0.76632   76.690
14826.00    0.76272   0.76570   76.991
14827.00    0.76052   0.76507   81.606
14828.00    0.75858   0.76450   86.743
14829.00    0.75828   0.76410   90.272
14830.00    0.75769   0.76400   93.898
14831.00    0.75873   0.76414   94.567
14832.00    0.76045   0.76457   94.512
14833.00    0.76313   0.76534   93.637
14834.00    0.76592   0.76625   92.461
14835.00    0.76914   0.76730   91.173
14836.00    0.77344   0.76848   89.818
14837.00    0.77399   0.76953   89.194
14838.00    0.76984   0.77051   89.405
14839.00    0.76738   0.77142   89.741
14840.00    0.76670   0.77207   90.399
14841.00    0.76713   0.77264   90.733
14842.00    0.77309   0.77312   89.678
14843.00    0.77900   0.77347   88.529
14844.00    0.78387   0.77391   85.551
14845.00    0.78856   0.77439   82.618
14846.00    0.78609   0.77496   71.758
14847.00    0.78316   0.77575   62.744
14848.00    0.77329   0.77667   46.435
14849.00    0.76098   0.77775   35.581
14850.00    0.75111   0.77900   26.188
14851.00    0.74063   0.78027   19.987
14852.00    0.75007   0.78157   16.828
14853.00    0.78580   0.78280   15.008
14854.00    0.78336   0.78379   14.437
14855.00    0.70846   0.78458   15.548
14856.00    0.66679   0.78504   17.846
14857.00    0.73432   0.78504   24.167
14858.00    0.79256   0.78473   35.231
14859.00    0.78062   0.78394   45.670
14860.00    0.76917   0.78271   63.238
14861.00    0.76595   0.78120   58.603
14862.00    0.76299   0.77926   53.942
14863.00    0.75601   0.77703   43.440
14864.00    0.74758   0.77460   35.849
14865.00    0.74382   0.77181   30.852
14866.00    0.74255   0.76880   27.205
14867.00    0.74573   0.76553   26.465
14868.00    0.75179   0.76185   27.154
14869.00    0.75071   0.75783   30.352
14870.00    0.74393   0.75341   37.746
14871.00    0.73954   0.74848   48.704
14872.00    0.73940   0.74311   65.266
14873.00    0.73724   0.73739   87.859
14874.00    0.72696   0.73131   90.487
14875.00    0.71708   0.72509   92.594
14876.00    0.70844   0.71902   89.914
14877.00    0.70043   0.71320   87.295
14878.00    0.70097   0.70802   83.714
14879.00    0.70178   0.70381   80.378
14880.00    0.69978   0.70072   76.134
14881.00    0.69755   0.69904   72.122
14882.00    0.69711   0.69896   63.184
14883.00    0.69851   0.70043   54.852
14884.00    0.69866   0.70346   48.577
14885.00    0.69708   0.70796   43.735
14886.00    0.69488   0.71362   42.345
14887.00    0.69176   0.72016   44.043
14888.00    0.69553   0.72730   47.720
14889.00    0.70909   0.73461   56.460
14890.00    0.72288   0.74175   68.021
14891.00    0.73819   0.74848   80.031
14892.00    0.75163   0.75444   95.174
14893.00    0.75850   0.75947   96.325
14894.00    0.76528   0.76350   97.447
14895.00    0.76619   0.76640   96.993
14896.00    0.76657   0.76821   96.439
14897.00    0.76564   0.76904   96.639
14898.00    0.76438   0.76895   96.991
14899.00    0.76264   0.76812   97.267
14900.00    0.76106   0.76674   97.467
14901.00    0.75859   0.76497   96.333
14902.00    0.75542   0.76304   94.332
14903.00    0.75458   0.76108   92.581
14904.00    0.75584   0.75931   91.090
14905.00    0.75659   0.75788   89.406
14906.00    0.75807   0.75686   87.251
14907.00    0.75914   0.75641   84.683
14908.00    0.75678   0.75655   80.426
14909.00    0.75566   0.75726   76.660
14910.00    0.75383   0.75861   74.828
14911.00    0.75170   0.76049   73.155
14912.00    0.74970   0.76283   75.058
14913.00    0.74843   0.76555   77.419
14914.00    0.75304   0.76852   82.194
14915.00    0.75940   0.77165   88.188
14916.00    0.76450   0.77479   94.237
14917.00    0.76858   0.77784  100.622
14918.00    0.77145   0.78071  103.920
14919.00    0.77354   0.78327  104.312
14920.00    0.77534   0.78549  104.394
14921.00    0.77653   0.78728  104.066
14922.00    0.77814   0.78858  103.798
14923.00    0.78099   0.78945  103.593
14924.00    0.78378   0.78981  103.325
14925.00    0.78682   0.78972  102.947
14926.00    0.79020   0.78929  102.545
14927.00    0.79157   0.78846  101.846
14928.00    0.79267   0.78738  101.154
14929.00    0.79086   0.78612   99.904
14930.00    0.78950   0.78466   98.578
14931.00    0.78655   0.78319   97.808
14932.00    0.78265   0.78168   97.257
14933.00    0.78181   0.78019   97.529
14934.00    0.78167   0.77884   98.232
14935.00    0.77878   0.77759   99.123
14936.00    0.77557   0.77654  100.085
14937.00    0.77352   0.77572  100.232
14938.00    0.77059   0.77515   99.244
14939.00    0.76785   0.77489   98.594
14940.00    0.76798   0.77487   98.782
14941.00    0.76893   0.77513   98.867
14942.00    0.77534   0.77562   98.429
14943.00    0.78167   0.77622   97.935
14944.00    0.78327   0.77696   96.194
14945.00    0.78467   0.77771   94.468
14946.00    0.78749   0.77834   93.267
14947.00    0.79013   0.77893   92.176
14948.00    0.78793   0.77931   93.444
14949.00    0.78470   0.77948   95.493
14950.00    0.78447   0.77953   98.072
14951.00    0.78513   0.77933  101.147
14952.00    0.78044   0.77899  103.931
14953.00    0.77327   0.77862  106.308
14954.00    0.77072   0.77809  106.319
14955.00    0.77124   0.77763  103.285
14956.00    0.76958   0.77727  102.036
14957.00    0.76569   0.77696  103.773
14958.00    0.76345   0.77692  105.369
14959.00    0.77020   0.77713  106.312
14960.00    0.77714   0.77752  107.110
14961.00    0.78492   0.77827  106.488
14962.00    0.79263   0.77924  105.859
14963.00    0.78900   0.78038  105.530
14964.00    0.78400   0.78170  105.228
14965.00    0.77981   0.78300  104.557
14966.00    0.77635   0.78424  103.596
14967.00    0.78470   0.78534  103.649
14968.00    0.79785   0.78613  104.831
14969.00    0.80084   0.78665  105.677
14970.00    0.79713   0.78683  105.754
14971.00    0.79263   0.78662  105.660
14972.00    0.78554   0.78611  105.235
14973.00    0.78032   0.78533  104.726
14974.00    0.78086   0.78428  103.917
14975.00    0.78215   0.78310  103.030
14976.00    0.78875   0.78181  101.432
14977.00    0.79522   0.78045   99.641
14978.00    0.79346   0.77915   88.078
14979.00    0.79093   0.77792   78.158
14980.00    0.78588   0.77677   56.907
14981.00    0.78086   0.77588   43.474
14982.00    0.76364   0.77520   36.658
14983.00    0.73795   0.77478   32.263
14984.00    0.73170   0.77476   31.855
14985.00    0.74772   0.77505   34.077
14986.00    0.76258   0.77571   40.069
14987.00    0.76939   0.77674   56.420
14988.00    0.77339   0.77804   81.003
14989.00    0.77428   0.77961   92.073
14990.00    0.77550   0.78126  103.605
14991.00    0.77633   0.78296  104.859
14992.00    0.77711   0.78455  106.056
14993.00    0.78621   0.78587  106.377
14994.00    0.79535   0.78692  106.694
14995.00    0.79201   0.78746  106.962
14996.00    0.78672   0.78754  107.233
14997.00    0.78833   0.78712  107.006
14998.00    0.79222   0.78610  106.666
14999.00    0.79057   0.78470  106.612
15000.00    0.78631   0.78291  106.661
15001.00    0.78333   0.78079  106.531
15002.00    0.78198   0.77864  106.267
15003.00    0.78051   0.77641  106.327
15004.00    0.77833   0.77433  106.807
15005.00    0.77591   0.77251  107.234
15006.00    0.77177   0.77091  107.648
15007.00    0.76790   0.76969  108.043
15008.00    0.76762   0.76873  108.079
15009.00    0.76718   0.76796  108.094
15010.00    0.76512   0.76736  108.138
15011.00    0.76308   0.76664  108.183
15012.00    0.76526   0.76575  106.204
15013.00    0.76793   0.76453  103.934
15014.00    0.76388   0.76272  104.687
15015.00    0.75711   0.76033  106.647
15016.00    0.75398   0.75721  107.525
15017.00    0.75345   0.75328  107.570
15018.00    0.74952   0.74872  107.469
15019.00    0.74426   0.74344  107.259
15020.00    0.74184   0.73772  107.282
15021.00    0.74051   0.73180  107.731
15022.00    0.73573   0.72578  108.112
15023.00    0.72437   0.72014  108.131
15024.00    0.71371   0.71509  107.995
15025.00    0.70513   0.71081  106.914
15026.00    0.69785   0.70767  105.816
15027.00    0.70574   0.70569  104.474
15028.00    0.71401   0.70493  103.165
15029.00    0.70466   0.70539  101.234
15030.00    0.69392   0.70686   99.254
15031.00    0.69636   0.70914   83.721
15032.00    0.70375   0.71197   69.260
15033.00    0.70720   0.71502   41.183
15034.00    0.71036   0.71800   25.853
15035.00    0.71586   0.72066   20.596
15036.00    0.70216   0.72277   18.741
15037.00    0.67434   0.72420   18.329
15038.00    0.65329   0.72490   20.217
15039.00    0.64756   0.72489   23.596
15040.00    0.68922   0.72419   34.589
15041.00    0.72598   0.72301   60.332
15042.00    0.71313   0.72144   74.394
15043.00    0.70135   0.71957   95.682
15044.00    0.69935   0.71772  100.290
15045.00    0.69733   0.71589  104.120
15046.00    0.69512   0.71424  105.714
15047.00    0.69333   0.71302  106.986
15048.00    0.69617   0.71213  107.696
15049.00    0.69991   0.71183  108.268
15050.00    0.70146   0.71218  107.716
15051.00    0.70214   0.71312  106.608
15052.00    0.70592   0.71484  106.966
15053.00    0.71284   0.71727  108.302
15054.00    0.71760   0.72031  108.987
15055.00    0.71879   0.72402  109.018
15056.00    0.72103   0.72819  108.903
15057.00    0.72490   0.73268  108.137
15058.00    0.72920   0.73743  107.304
15059.00    0.73741   0.74218  105.633
15060.00    0.74549   0.74686  104.019
15061.00    0.75407   0.75131  102.745
15062.00    0.76291   0.75547  101.527
15063.00    0.76330   0.75930  100.865
15064.00    0.76218   0.76267  100.309
15065.00    0.76263   0.76573  100.709
15066.00    0.76332   0.76838  101.566
15067.00    0.76567   0.77059  102.972
15068.00    0.77091   0.77257  104.782
15069.00    0.77778   0.77407  103.991
15070.00    0.78352   0.77525  100.885
15071.00    0.78471   0.77615  100.688
15072.00    0.77722   0.77651  104.285
15073.00    0.77137   0.77665  106.603
15074.00    0.77460   0.77644  105.054
15075.00    0.77697   0.77584  103.427
15076.00    0.77164   0.77517   99.744
15077.00    0.76644   0.77430   95.948
15078.00    0.76537   0.77339   75.908
15079.00    0.76443   0.77264   61.725
15080.00    0.75622   0.77201   43.549
15081.00    0.74507   0.77167   32.690
15082.00    0.74760   0.77166   29.408
15083.00    0.75703   0.77189   28.309
15084.00    0.76560   0.77246   30.530
15085.00    0.77620   0.77323   37.089
15086.00    0.78103   0.77409   46.669
15087.00    0.77710   0.77499   61.480
15088.00    0.77456   0.77577   82.025
15089.00    0.77348   0.77634   92.606
15090.00    0.77129   0.77660  103.903
15091.00    0.76692   0.77650  105.356
15092.00    0.76312   0.77604  106.789
15093.00    0.76461   0.77516  107.284
15094.00    0.76617   0.77402  107.760
15095.00    0.76388   0.77265  108.106
15096.00    0.76081   0.77112  108.422
15097.00    0.75994   0.76964  108.704
15098.00    0.75962   0.76824  109.045
15099.00    0.76112   0.76707  108.941
15100.00    0.76426   0.76626  108.510
15101.00    0.76551   0.76580  106.862
15102.00    0.76444   0.76575  104.157
15103.00    0.76408   0.76615  100.885
15104.00    0.76496   0.76692   96.854
15105.00    0.76603   0.76800   93.994
15106.00    0.76594   0.76933   93.823
15107.00    0.76522   0.77082   94.178
15108.00    0.76355   0.77230   98.241
15109.00    0.76183   0.77377  102.559
15110.00    0.76122   0.77504  104.500
15111.00    0.76070   0.77605  106.380
15112.00    0.76098   0.77682  107.019
15113.00    0.76151   0.77719  107.464
15114.00    0.76202   0.77723  107.236
15115.00    0.76209   0.77698  106.819
15116.00    0.76399   0.77638  105.970
15117.00    0.76756   0.77556  104.834
15118.00    0.76862   0.77459  103.340
15119.00    0.76593   0.77344  101.549
15120.00    0.76385   0.77228   96.031
15121.00    0.76329   0.77107   85.287
15122.00    0.75867   0.76981   65.686
15123.00    0.74247   0.76864   38.326
15124.00    0.72930   0.76739   27.140
15125.00    0.70310   0.76611   22.051
15126.00    0.67722   0.76485   18.662
15127.00    0.69809   0.76344   18.785
15128.00    0.72332   0.76200   19.121
15129.00    0.73501   0.76056   23.033
15130.00    0.74791   0.75899   30.238
15131.00    0.75075   0.75757   41.127
15132.00    0.74928   0.75624   61.305
15133.00    0.75047   0.75504   81.945
15134.00    0.75097   0.75421   93.220
15135.00    0.75046   0.75364  101.322
15136.00    0.74807   0.75344  103.150
15137.00    0.74675   0.75367  104.308
15138.00    0.74827   0.75419  104.026
15139.00    0.75085   0.75506  102.205
15140.00    0.75379   0.75618   95.028
15141.00    0.75639   0.75744   88.897
15142.00    0.76342   0.75881   85.434
15143.00    0.77024   0.76021   82.365
15144.00    0.76810   0.76159   85.072
15145.00    0.76514   0.76289   88.511
15146.00    0.76225   0.76420   94.011
15147.00    0.75914   0.76544  100.623
15148.00    0.76214   0.76662  104.305
15149.00    0.76802   0.76781  106.446
15150.00    0.77054   0.76891  107.574
15151.00    0.77043   0.76995  107.934
15152.00    0.77156   0.77084  108.599
15153.00    0.77441   0.77149  109.669
15154.00    0.77777   0.77189  109.520
15155.00    0.78133   0.77188  105.726
15156.00    0.78331   0.77147  102.596
15157.00    0.78035   0.77063  103.796
15158.00    0.77781   0.76938  105.020
15159.00    0.77506   0.76779  108.347
15160.00    0.77225   0.76598  111.848
15161.00    0.76953   0.76406  112.395
15162.00    0.76695   0.76221  112.427
15163.00    0.75876   0.76056  110.605
15164.00    0.74904   0.75922  108.352
15165.00    0.74865   0.75834  104.095
15166.00    0.75330   0.75792   99.174
15167.00    0.75658   0.75798   93.893
15168.00    0.75761   0.75856   88.586
15169.00    0.75783   0.75948   84.970
15170.00    0.75900   0.76073   83.270
15171.00    0.75933   0.76220   82.859
15172.00    0.75888   0.76369   85.842
15173.00    0.75981   0.76519   89.316
15174.00    0.76123   0.76654   94.914
15175.00    0.76268   0.76768  101.070
15176.00    0.76535   0.76857  104.034
15177.00    0.76806   0.76917  107.014
15178.00    0.77048   0.76952  103.621
15179.00    0.77279   0.76958   99.664
15180.00    0.77212   0.76943   95.814
15181.00    0.77131   0.76914   92.251
15182.00    0.76985   0.76872   89.874
15183.00    0.76781   0.76829   88.111
15184.00    0.76386   0.76788   74.174
15185.00    0.75844   0.76754   56.773
15186.00    0.74841   0.76732   45.926
15187.00    0.72249   0.76727   38.940
15188.00    0.70652   0.76732   34.777
15189.00    0.73391   0.76754   34.140
15190.00    0.75683   0.76792   34.201
15191.00    0.75223   0.76833   40.195
15192.00    0.74819   0.76885   48.796
15193.00    0.75410   0.76940   63.119
15194.00    0.76042   0.76993   89.318
15195.00    0.76522   0.77050   97.556
15196.00    0.76913   0.77101  101.470
15197.00    0.77146   0.77152   99.867
15198.00    0.77246   0.77201   96.547
15199.00    0.77430   0.77251   93.815
15200.00    0.77727   0.77299   91.729
15201.00    0.77870   0.77345   91.932
15202.00    0.77804   0.77395   94.036
15203.00    0.77624   0.77436   95.680
15204.00    0.77254   0.77474   96.733
15205.00    0.76978   0.77509   98.009
15206.00    0.77125   0.77522  100.178
15207.00    0.77304   0.77532  102.487
15208.00    0.77474   0.77522  105.262
15209.00    0.77623   0.77486  108.150
15210.00    0.77612   0.77442  109.594
15211.00    0.77607   0.77365  110.945
15212.00    0.77514   0.77268  110.698
15213.00    0.77387   0.77151  110.150
15214.00    0.77371   0.77004  108.862
15215.00    0.77434   0.76844  107.322
15216.00    0.77147   0.76664  105.644
15217.00    0.76643   0.76471  103.842
15218.00    0.76421   0.76278   99.039
15219.00    0.76312   0.76086   91.350
15220.00    0.75932   0.75911   73.341
15221.00    0.75032   0.75757   49.445
15222.00    0.74129   0.75639   37.043
15223.00    0.73092   0.75564   29.301
15224.00    0.72295   0.75531   24.435
15225.00    0.73220   0.75556   23.703
15226.00    0.74060   0.75626   23.085
15227.00    0.74726   0.75747   26.357
15228.00    0.75573   0.75910   31.275
15229.00    0.75619   0.76103   40.933
15230.00    0.75630   0.76321   60.275
15231.00    0.76048   0.76548   77.274
15232.00    0.76313   0.76772   89.172
15233.00    0.76452   0.76982   97.582
15234.00    0.76529   0.77168  101.467
15235.00    0.76682   0.77318  105.395
15236.00    0.76871   0.77431  109.171
15237.00    0.77004   0.77500  112.275
15238.00    0.77038   0.77523  113.273
15239.00    0.77016   0.77513  114.261
15240.00    0.76745   0.77466  115.042
15241.00    0.76459   0.77394  115.831
15242.00    0.76443   0.77312  116.180
15243.00    0.76437   0.77220  116.513
15244.00    0.76305   0.77138  116.609
15245.00    0.76150   0.77069  116.701
15246.00    0.76015   0.77018  116.528
15247.00    0.75823   0.76991  116.342
15248.00    0.75886   0.76986  115.907
15249.00    0.76104   0.77001  115.269
15250.00    0.76222   0.77030  110.968
15251.00    0.76350   0.77071  103.889
15252.00    0.76584   0.77109   96.472
15253.00    0.76911   0.77140   88.729
15254.00    0.77182   0.77157   83.611
15255.00    0.77076   0.77146   83.169
15256.00    0.76862   0.77110   83.519
15257.00    0.76565   0.77038   88.969
15258.00    0.76299   0.76931   95.118
15259.00    0.76291   0.76793  100.585
15260.00    0.76286   0.76624  106.631
15261.00    0.76268   0.76437  107.505
15262.00    0.76254   0.76243  107.637
15263.00    0.76174   0.76053  104.903
15264.00    0.76105   0.75881  101.399
15265.00    0.76184   0.75744   97.206
15266.00    0.76300   0.75647   92.958
15267.00    0.76527   0.75601   92.024
15268.00    0.76857   0.75614   94.305
15269.00    0.76833   0.75667   98.350
15270.00    0.76265   0.75771  105.810
15271.00    0.75966   0.75904  112.995
15272.00    0.76285   0.76041  116.220
15273.00    0.76573   0.76189  118.969
15274.00    0.76797   0.76305  115.076
15275.00    0.76996   0.76386  111.287
15276.00    0.76939   0.76434  110.796
15277.00    0.76878   0.76415  110.603
15278.00    0.77140   0.76356  104.092
15279.00    0.77403   0.76252   97.287
15280.00    0.77255   0.76101   93.601
15281.00    0.77036   0.75942   91.066
15282.00    0.76868   0.75758   92.761
15283.00    0.76690   0.75581   97.506
15284.00    0.76224   0.75420  103.492
15285.00    0.75473   0.75268  111.072
15286.00    0.75008   0.75153  116.223
15287.00    0.75045   0.75055  114.942
15288.00    0.75090   0.74982  109.985
15289.00    0.75326   0.74938   94.246
15290.00    0.75602   0.74902   81.795
15291.00    0.75901   0.74892   69.524
15292.00    0.76192   0.74898   60.635
15293.00    0.76818   0.74920   55.291
15294.00    0.77496   0.74971   50.669
15295.00    0.77369   0.75048   57.594
15296.00    0.76913   0.75164   71.642
15297.00    0.76241   0.75323   76.123
15298.00    0.75639   0.75524   73.651
15299.00    0.75274   0.75774   63.558
15300.00    0.75050   0.76067   52.325
15301.00    0.75708   0.76393   46.955
15302.00    0.77244   0.76748   45.585
15303.00    0.78476   0.77114   46.369
15304.00    0.79119   0.77480   52.562
15305.00    0.79440   0.77831   60.661
15306.00    0.79377   0.78154   70.879
15307.00    0.79515   0.78441   83.462
15308.00    0.79662   0.78681   75.654
15309.00    0.79770   0.78872   69.247
15310.00    0.79928   0.79014   69.949
15311.00    0.80201   0.79104   71.366
15312.00    0.80707   0.79149   79.026
15313.00    0.81171   0.79152   90.587
15314.00    0.80678   0.79117  100.920
15315.00    0.79771   0.79049  110.882
15316.00    0.79483   0.78957  115.110
15317.00    0.79656   0.78840  113.460
15318.00    0.79745   0.78709  113.150
15319.00    0.79725   0.78569  114.962
15320.00    0.79610   0.78413  116.372
15321.00    0.79377   0.78260  116.383
15322.00    0.79184   0.78104  116.242
15323.00    0.78991   0.77941  115.420
15324.00    0.78839   0.77789  114.434
15325.00    0.78914   0.77632  109.623
15326.00    0.78982   0.77478  104.888
15327.00    0.79064   0.77334   81.912
15328.00    0.79206   0.77185   65.777
15329.00    0.78157   0.77048   49.906
15330.00    0.76905   0.76918   39.444
15331.00    0.77092   0.76795   35.028
15332.00    0.77776   0.76690   32.752
15333.00    0.78452   0.76595   32.703
15334.00    0.79096   0.76524   34.640
15335.00    0.79608   0.76476   36.309
15336.00    0.80099   0.76446   37.237
15337.00    0.80400   0.76448   38.264
15338.00    0.80232   0.76470   39.703
15339.00    0.79967   0.76513   41.932
15340.00    0.78713   0.76584   50.035
15341.00    0.77452   0.76660   61.957
15342.00    0.77422   0.76757   78.497
15343.00    0.77471   0.76866  106.763
15344.00    0.77672   0.76970  113.687
15345.00    0.77828   0.77088  116.427
15346.00    0.77945   0.77200  117.485
15347.00    0.78021   0.77307  117.945
15348.00    0.77911   0.77418  117.807
15349.00    0.77670   0.77513  117.311
15350.00    0.77374   0.77610  114.171
15351.00    0.77096   0.77697  108.230
15352.00    0.76999   0.77774  105.012
15353.00    0.77229   0.77847  107.010
15354.00    0.77557   0.77906  108.835
15355.00    0.77914   0.77959  109.099
15356.00    0.78182   0.77999  108.140
15357.00    0.78366   0.78028   96.847
15358.00    0.78512   0.78048   87.068
15359.00    0.78006   0.78055   70.350
15360.00    0.77473   0.78053   58.709
15361.00    0.78322   0.78036   56.142
15362.00    0.79286   0.78010   54.923
15363.00    0.79242   0.77967   59.726
15364.00    0.78896   0.77907   68.650
15365.00    0.78744   0.77835   80.606
15366.00    0.78731   0.77732   97.346
15367.00    0.78585   0.77615  109.980
15368.00    0.78230   0.77472  111.335
15369.00    0.77890   0.77298  111.928
15370.00    0.77576   0.77112  110.988
15371.00    0.77224   0.76899  110.189
15372.00    0.77094   0.76671  109.905
15373.00    0.77055   0.76443  109.828
15374.00    0.76995   0.76205  112.356
15375.00    0.76929   0.75980  114.992
15376.00    0.76765   0.75773  117.140
15377.00    0.76599   0.75580  119.297
15378.00    0.75979   0.75419  119.939
15379.00    0.75347   0.75287  120.191
15380.00    0.75604   0.75179  119.071
15381.00    0.76119   0.75104  117.475
15382.00    0.76076   0.75051  110.221
15383.00    0.75699   0.75017   99.713
15384.00    0.74955   0.75003   79.024
15385.00    0.73994   0.74996   57.355
15386.00    0.73281   0.75000   44.100
15387.00    0.72419   0.75007   34.850
15388.00    0.71997   0.75014   29.855
15389.00    0.74229   0.75023   30.541
15390.00    0.76332   0.75027   31.645
15391.00    0.75840   0.75030   40.815
15392.00    0.75344   0.75026   57.459
15393.00    0.75738   0.75015   75.069
15394.00    0.76210   0.75003  104.608
15395.00    0.75570   0.74979  115.552
15396.00    0.74674   0.74952  118.483
15397.00    0.74679   0.74921  120.071
15398.00    0.75120   0.74885  121.034
15399.00    0.75553   0.74854  120.589
15400.00    0.75945   0.74824  118.873
15401.00    0.75965   0.74803  115.759
15402.00    0.75614   0.74797  110.960
15403.00    0.75497   0.74805  107.484
15404.00    0.75781   0.74835  106.672
15405.00    0.76066   0.74884  106.594
15406.00    0.76241   0.74962  110.478
15407.00    0.76350   0.75062  114.556
15408.00    0.76181   0.75185  116.490
15409.00    0.76020   0.75331  118.393
15410.00    0.76141   0.75485  117.849
15411.00    0.76268   0.75649  117.075
15412.00    0.76173   0.75807  117.280
15413.00    0.76083   0.75942  117.769
15414.00    0.76044   0.76057  118.415
15415.00    0.75904   0.76124  119.072
15416.00    0.76361   0.76141  113.202
15417.00    0.77391   0.76104  102.284
15418.00    0.77604   0.76000   81.343
15419.00    0.77005   0.75841   57.898
15420.00    0.77031   0.75630   46.013
15421.00    0.78001   0.75373   40.818
15422.00    0.78398   0.75095   37.488
15423.00    0.75122   0.74808   40.438
15424.00    0.71999   0.74531   44.205
15425.00    0.73051   0.74286   59.072
15426.00    0.74313   0.74084   90.220
15427.00    0.74335   0.73947  104.258
15428.00    0.74157   0.73877  114.406
15429.00    0.74549   0.73880  115.709
15430.00    0.75038   0.73960  113.935
15431.00    0.75401   0.74108  113.447
15432.00    0.75791   0.74324  113.707
15433.00    0.76307   0.74593  114.531
15434.00    0.76954   0.74907  116.088
15435.00    0.77256   0.75266  117.382
15436.00    0.76952   0.75642  117.883
15437.00    0.76759   0.76043  117.746
15438.00    0.76983   0.76455  115.435
15439.00    0.77258   0.76866  111.404
15440.00    0.78095   0.77281   92.680
15441.00    0.78887   0.77678   77.693
15442.00    0.77325   0.78063   46.597
15443.00    0.75569   0.78429   32.804
15444.00    0.76713   0.78754   28.357
15445.00    0.78567   0.79053   25.521
15446.00    0.80004   0.79303   26.152
15447.00    0.80958   0.79504   28.306
15448.00    0.81372   0.79656   33.881
15449.00    0.81546   0.79747   46.114
15450.00    0.81181   0.79789   63.375
15451.00    0.80491   0.79772   82.185
15452.00    0.79901   0.79706  104.440
15453.00    0.79425   0.79595  111.576
15454.00    0.79269   0.79442  118.065
15455.00    0.79744   0.79262  119.213
15456.00    0.80093   0.79055  120.340
15457.00    0.79884   0.78838  120.992
15458.00    0.79635   0.78620  121.661
15459.00    0.78878   0.78405  122.262
15460.00    0.78132   0.78211  122.839
15461.00    0.77810   0.78038  122.822
15462.00    0.77441   0.77893  122.715
15463.00    0.77628   0.77788  122.864
15464.00    0.78167   0.77711  123.103
15465.00    0.78544   0.77667  123.201
15466.00    0.78553   0.77658  123.313
15467.00    0.78418   0.77666  123.080
15468.00    0.78452   0.77697  122.340
15469.00    0.78711   0.77739  121.583
15470.00    0.79123   0.77786  120.768
15471.00    0.79298   0.77838  120.132
15472.00    0.78954   0.77890  119.634
15473.00    0.78648   0.77944  119.061
15474.00    0.78633   0.77999  118.810
15475.00    0.78632   0.78058  118.585
15476.00    0.78722   0.78128  119.359
15477.00    0.78773   0.78205  120.257
15478.00    0.78450   0.78300  120.810
15479.00    0.78065   0.78404  121.250
15480.00    0.78347   0.78520  121.381
15481.00    0.78896   0.78651  121.413
15482.00    0.79013   0.78778  121.657
15483.00    0.78780   0.78899  122.023
15484.00    0.78674   0.79019  120.906
15485.00    0.78847   0.79106  117.738
15486.00    0.78802   0.79172  112.702
15487.00    0.78407   0.79205  103.193
15488.00    0.78301   0.79187   90.582
15489.00    0.78949   0.79138   65.069
15490.00    0.79498   0.79040   50.994
15491.00    0.79205   0.78890   47.046
15492.00    0.78903   0.78712   43.866
15493.00    0.78913   0.78488   47.351
15494.00    0.78970   0.78232   52.550
15495.00    0.78431   0.77962   64.281
15496.00    0.77667   0.77664   85.692
15497.00    0.76905   0.77367  102.892
15498.00    0.76132   0.77077  112.532
15499.00    0.75579   0.76788  117.551
15500.00    0.75426   0.76530  117.177
15501.00    0.75425   0.76293  115.539
15502.00    0.75484   0.76092  113.105
15503.00    0.75439   0.75933  113.351
15504.00    0.75291   0.75812  118.493
15505.00    0.75311   0.75742  122.631
15506.00    0.75833   0.75711  120.622
15507.00    0.76344   0.75726  118.642
15508.00    0.76759   0.75783  116.340
15509.00    0.77174   0.75872  114.112
15510.00    0.77023   0.75998  111.688
15511.00    0.76785   0.76146  109.319
15512.00    0.76918   0.76321  106.955
15513.00    0.77220   0.76517  104.681
15514.00    0.77573   0.76724  104.563
15515.00    0.77969   0.76946  105.843
15516.00    0.78397   0.77176  108.290
15517.00    0.78771   0.77412  112.253
15518.00    0.79076   0.77649  114.690
15519.00    0.79299   0.77880  113.687
15520.00    0.79309   0.78109  112.669
15521.00    0.78912   0.78321  111.495
15522.00    0.78680   0.78510  110.433
15523.00    0.78971   0.78675  110.847
15524.00    0.79257   0.78801  111.230
15525.00    0.79526   0.78878  110.467
15526.00    0.79799   0.78908  109.629
15527.00    0.79970   0.78873  109.921
15528.00    0.80222   0.78773  110.419
15529.00    0.79999   0.78615  112.818
15530.00    0.79516   0.78380  116.175
15531.00    0.79405   0.78093  118.436
15532.00    0.79526   0.77754  119.826
15533.00    0.79322   0.77365  120.199
15534.00    0.78855   0.76962  119.211
15535.00    0.78453   0.76538  118.570
15536.00    0.77971   0.76122  118.848
15537.00    0.77396   0.75736  119.047
15538.00    0.76599   0.75376  118.853
15539.00    0.75836   0.75082  118.715
15540.00    0.75732   0.74843  118.935
15541.00    0.75632   0.74674  119.185
15542.00    0.75305   0.74589  121.407
15543.00    0.74934   0.74560  123.933
15544.00    0.75132   0.74607  121.429
15545.00    0.75466   0.74707  117.827
15546.00    0.75699   0.74838  107.515
15547.00    0.75929   0.75003   96.245
15548.00    0.76279   0.75166   90.118
15549.00    0.76751   0.75315   87.242
15550.00    0.76673   0.75442   87.742
15551.00    0.75773   0.75518   93.142
15552.00    0.75304   0.75548   98.673
15553.00    0.75932   0.75523  103.191
15554.00    0.76434   0.75441  107.641
15555.00    0.76168   0.75316  109.924
15556.00    0.75882   0.75157  112.326
15557.00    0.75858   0.74973  115.769
15558.00    0.75852   0.74790  119.418
15559.00    0.76067   0.74615  120.665
15560.00    0.76267   0.74467  121.603
15561.00    0.76302   0.74355  120.511
15562.00    0.76320   0.74282  118.893
15563.00    0.75918   0.74253  117.597
15564.00    0.75312   0.74264  116.484
15565.00    0.75225   0.74305  111.259
15566.00    0.75542   0.74373  103.092
15567.00    0.75775   0.74446   94.269
15568.00    0.75888   0.74524   84.749
15569.00    0.76088   0.74592   78.281
15570.00    0.76491   0.74634   76.364
15571.00    0.76706   0.74656   75.529
15572.00    0.75982   0.74644   81.568
15573.00    0.75250   0.74597   88.702
15574.00    0.74893   0.74527   98.233
15575.00    0.74562   0.74420  110.042
15576.00    0.74201   0.74295  115.172
15577.00    0.73764   0.74157  119.439
15578.00    0.73301   0.74002  119.407
15579.00    0.72849   0.73852  117.970
15580.00    0.72467   0.73707  116.654
15581.00    0.72112   0.73565  115.417
15582.00    0.72001   0.73448  114.972
15583.00    0.72188   0.73342  115.407
15584.00    0.72308   0.73253  116.380
15585.00    0.72282   0.73187  118.359
15586.00    0.72240   0.73127  119.269
15587.00    0.72076   0.73087  116.252
15588.00    0.71943   0.73055  112.789
15589.00    0.72260   0.73029  105.190
15590.00    0.72573   0.73018   98.560
15591.00    0.72436   0.73013   94.687
15592.00    0.72262   0.73023   91.235
15593.00    0.72230   0.73053   87.935
15594.00    0.72229   0.73101   84.855
15595.00    0.72298   0.73177   82.665
15596.00    0.72422   0.73277   80.882
15597.00    0.72423   0.73403   82.072
15598.00    0.72322   0.73554   85.505
15599.00    0.72522   0.73723   90.910
15600.00    0.73041   0.73903   99.246
15601.00    0.73440   0.74092  107.201
15602.00    0.73607   0.74276  112.055
15603.00    0.73675   0.74455  116.312
15604.00    0.73515   0.74621  117.092
15605.00    0.73430   0.74770  117.853
15606.00    0.73746   0.74905  117.449
15607.00    0.74072   0.75019  117.007
15608.00    0.74408   0.75121  115.212
15609.00    0.74733   0.75210  113.366
15610.00    0.75060   0.75285  111.341
15611.00    0.75417   0.75357  109.382
15612.00    0.75454   0.75416  104.570
15613.00    0.75323   0.75474   99.003
15614.00    0.74768   0.75523   81.524
15615.00    0.74047   0.75563   63.797
15616.00    0.72970   0.75598   45.930
15617.00    0.71074   0.75620   31.929
15618.00    0.69950   0.75630   24.361
15619.00    0.70381   0.75626   19.534
15620.00    0.70835   0.75608   16.785
15621.00    0.70464   0.75573   16.963
15622.00    0.69724   0.75524   17.314
15623.00    0.70719   0.75463   21.244
15624.00    0.71687   0.75387   27.497
15625.00    0.72528   0.75311   37.517
15626.00    0.73486   0.75224   58.296
15627.00    0.74223   0.75145   68.624
15628.00    0.74571   0.75076   73.145
15629.00    0.75064   0.75014   71.884
15630.00    0.75531   0.74981   68.238
15631.00    0.75843   0.74964   57.527
15632.00    0.75948   0.74977   45.813
15633.00    0.75846   0.75023   38.061
15634.00    0.75435   0.75088   32.651
15635.00    0.75213   0.75190   29.756
15636.00    0.75470   0.75306   30.269
15637.00    0.75615   0.75440   31.565
15638.00    0.75837   0.75588   38.207
15639.00    0.76032   0.75728   48.359
15640.00    0.76461   0.75867   62.775
15641.00    0.76911   0.75985   88.957
15642.00    0.77273   0.76079   98.673
15643.00    0.77549   0.76148  106.181
15644.00    0.77579   0.76176  108.156
15645.00    0.77520   0.76177  108.439
15646.00    0.77496   0.76142  105.891
15647.00    0.77542   0.76077  102.026
15648.00    0.77591   0.75994   98.684
15649.00    0.77532   0.75892   95.853
15650.00    0.77348   0.75785   92.827
15651.00    0.77080   0.75683   89.305
15652.00    0.76858   0.75588   82.804
15653.00    0.76757   0.75514   70.109
15654.00    0.76660   0.75463   60.823
15655.00    0.76199   0.75436   54.479
15656.00    0.75758   0.75438   49.579
15657.00    0.75746   0.75463   50.995
15658.00    0.75752   0.75512   52.783
15659.00    0.75975   0.75578   60.090
15660.00    0.76272   0.75660   70.852
15661.00    0.76487   0.75752   82.259
15662.00    0.76667   0.75845   96.074
15663.00    0.76732   0.75949  105.444
15664.00    0.76691   0.76045  110.516
15665.00    0.76551   0.76140  114.705
15666.00    0.76337   0.76234  117.698
15667.00    0.76112   0.76311  119.857
15668.00    0.75897   0.76388  120.358
15669.00    0.75742   0.76439  120.646
15670.00    0.75849   0.76475  120.348
15671.00    0.75936   0.76490  120.019
15672.00    0.75933   0.76469  119.081
15673.00    0.75946   0.76430  118.069
15674.00    0.75820   0.76351  114.850
15675.00    0.75667   0.76247  111.667
15676.00    0.75667   0.76118  109.773
15677.00    0.75724   0.75960  108.165
15678.00    0.75589   0.75796  105.616
15679.00    0.75381   0.75614  102.760
15680.00    0.74959   0.75430   96.778
15681.00    0.74326   0.75256   89.493
15682.00    0.74075   0.75081   83.382
15683.00    0.74375   0.74925   78.346
15684.00    0.74627   0.74786   75.787
15685.00    0.74684   0.74657   77.381
15686.00    0.74723   0.74556   80.136
15687.00    0.74502   0.74468   87.838
15688.00    0.74309   0.74392   97.007
15689.00    0.74572   0.74343  105.967
15690.00    0.74825   0.74301  116.526
15691.00    0.75026   0.74279  121.759
15692.00    0.75235   0.74279  126.849
15693.00    0.71976   0.74290   -1.000
15694.00    0.67922   0.74332   -1.000
15695.00    0.64174   0.74395   -1.000
15696.00    0.60558   0.74482   -1.000
15697.00    0.61775   0.74606   -1.000
15698.00    0.66927   0.74754   -1.000
15699.00    0.71089   0.74933   -1.000
15700.00    0.73884   0.75144  111.266
15701.00    0.75942   0.75371  105.700
15702.00    0.76205   0.75624  104.205
15703.00    0.76473   0.75883  103.697
15704.00    0.76572   0.76143  107.708
15705.00    0.76638   0.76402  112.043
15706.00    0.76802   0.76639  117.169
15707.00    0.76971   0.76853  122.694
15708.00    0.77462   0.77030  123.865
15709.00    0.78001   0.77165  124.525
15710.00    0.78214   0.77251  123.727
15711.00    0.78288   0.77280  122.534
15712.00    0.78212   0.77259  121.333
15713.00    0.78083   0.77182  120.122
15714.00    0.78013   0.77058  119.080
15715.00    0.78028   0.76892  118.277
15716.00    0.77894   0.76692  117.992
15717.00    0.77545   0.76476  118.385
15718.00    0.77194   0.76250  118.794
15719.00    0.76921   0.76023  119.232
15720.00    0.76711   0.75813  119.687
15721.00    0.76755   0.75625  120.471
15722.00    0.76786   0.75462  121.392
15723.00    0.76338   0.75338  124.601
15724.00    0.75879   0.75242  128.038
15725.00    0.75950   0.75183  130.582
15726.00    0.76062   0.75161  133.063
15727.00    0.76046   0.75165  133.493
15728.00    0.76039   0.75199  133.293
15729.00    0.76106   0.75254  132.638
15730.00    0.76232   0.75329  131.824
15731.00    0.76267   0.75418  131.680
15732.00    0.76200   0.75517  131.964
15733.00    0.76092   0.75613  132.316
15734.00    0.75905   0.75703  132.934
15735.00    0.75810   0.75786  133.437
15736.00    0.75871   0.75840  133.692
15737.00    0.75870   0.75874  133.880
15738.00    0.75711   0.75875  133.308
15739.00    0.75533   0.75835  132.769
15740.00    0.75191   0.75773  132.620
15741.00    0.74848   0.75667  132.482
15742.00    0.74410   0.75535  133.096
15743.00    0.73933   0.75385  133.878
15744.00    0.73696   0.75210  134.464
15745.00    0.73560   0.75036  134.962
15746.00    0.73648   0.74856  135.007
15747.00    0.73821   0.74679  134.791
15748.00    0.73803   0.74524  134.429
15749.00    0.73619   0.74375  133.853
15750.00    0.73302   0.74250  132.881
15751.00    0.72822   0.74145  131.133
15752.00    0.72531   0.74053  124.715
15753.00    0.72738   0.73985  105.788
15754.00    0.72942   0.73922   89.098
15755.00    0.72621   0.73865   63.177
15756.00    0.72280   0.73806   48.964
15757.00    0.72063   0.73731   42.071
15758.00    0.71878   0.73637   37.024
15759.00    0.71805   0.73506   37.371
15760.00    0.71865   0.73337   38.586
15761.00    0.71743   0.73120   46.075
15762.00    0.71365   0.72852   62.586
15763.00    0.70842   0.72537   83.348
15764.00    0.70367   0.72172  106.933
15765.00    0.69924   0.71776  127.190
15766.00    0.69420   0.71351  129.972
15767.00    0.68995   0.70913  132.233
15768.00    0.68786   0.70485  133.213
15769.00    0.68562   0.70073  134.161
15770.00    0.68244   0.69699  135.073
15771.00    0.67895   0.69374  136.009
15772.00    0.67592   0.69104  136.810
15773.00    0.67314   0.68904  137.591
15774.00    0.67226   0.68774  137.717
15775.00    0.67112   0.68712  137.812
15776.00    0.67060   0.68722  137.546
15777.00    0.67067   0.68799  137.177
15778.00    0.67377   0.68930  136.337
15779.00    0.67763   0.69123  135.407
15780.00    0.67927   0.69355  134.986
15781.00    0.68007   0.69625  134.771
15782.00    0.68261   0.69931  134.398
15783.00    0.68631   0.70245  133.881
15784.00    0.69006   0.70584  133.340
15785.00    0.69358   0.70919  132.848
15786.00    0.69732   0.71253  132.379
15787.00    0.70334   0.71585  131.849
15788.00    0.70926   0.71894  131.309
15789.00    0.71261   0.72197  130.612
15790.00    0.71582   0.72475  129.923
15791.00    0.71504   0.72739  129.235
15792.00    0.71407   0.72983  128.549
15793.00    0.71500   0.73209  127.423
15794.00    0.71651   0.73422  126.213
15795.00    0.70378   0.73617   -1.000
15796.00    0.68584   0.73806   -1.000
15797.00    0.67148   0.73977   -1.000
15798.00    0.65971   0.74145   -1.000
15799.00    0.67337   0.74304   -1.000
15800.00    0.71531   0.74449   -1.000
15801.00    0.74282   0.74596  120.110
15802.00    0.74150   0.74721  120.072
15803.00    0.74092   0.74840  119.907
15804.00    0.74401   0.74942  119.053
15805.00    0.74665   0.75017  118.195
15806.00    0.74591   0.75080  117.059
15807.00    0.74518   0.75106  115.927
15808.00    0.74873   0.75105  112.270
15809.00    0.75223   0.75074  108.496
15810.00    0.74633   0.75003   81.443
15811.00    0.73862   0.74908   61.355
15812.00    0.71972   0.74777   41.996
15813.00    0.69377   0.74621   29.996
15814.00    0.69824   0.74441   23.795
15815.00    0.73451   0.74243   20.066
15816.00    0.74602   0.74037   18.813
15817.00    0.70549   0.73821   20.619
15818.00    0.67277   0.73613   23.639
15819.00    0.68181   0.73407   31.579
15820.00    0.69292   0.73221   46.420
15821.00    0.71175   0.73054   64.489
15822.00    0.73016   0.72902  102.878
15823.00    0.72495   0.72787  108.023
15824.00    0.71812   0.72685  110.458
15825.00    0.71656   0.72614  107.551
15826.00    0.71633   0.72562  103.878
15827.00    0.71792   0.72520  104.401
15828.00    0.72078   0.72499  106.806
15829.00    0.72129   0.72477  110.355
15830.00    0.71924   0.72464  114.699
15831.00    0.71917   0.72454  118.699
15832.00    0.72185   0.72442  122.071
15833.00    0.72457   0.72441  124.595
15834.00    0.72700   0.72444  125.327
15835.00    0.72840   0.72464  125.968
15836.00    0.72716   0.72506  126.147
15837.00    0.72633   0.72570  126.144
15838.00    0.72693   0.72671  124.479
15839.00    0.72776   0.72802  122.788
15840.00    0.73307   0.72973  119.362
15841.00    0.73860   0.73179  116.006
15842.00    0.74090   0.73414  114.327
15843.00    0.74287   0.73681  112.995
15844.00    0.74383   0.73964  113.922
15845.00    0.74416   0.74264  115.851
15846.00    0.74533   0.74567  117.710
15847.00    0.74761   0.74870  119.476
15848.00    0.75087   0.75165  119.888
15849.00    0.75410   0.75443  118.629
15850.00    0.75608   0.75707  117.489
15851.00    0.75674   0.75942  116.651
15852.00    0.75643   0.76152  116.026
15853.00    0.75449   0.76332  116.125
15854.00    0.75365   0.76473  115.528
15855.00    0.75771   0.76583  111.188
15856.00    0.76147   0.76650  107.370
15857.00    0.76226   0.76679  106.561
15858.00    0.76336   0.76669  105.344
15859.00    0.76235   0.76619   82.650
15860.00    0.76047   0.76537   65.257
15861.00    0.75703   0.76424   49.545
15862.00    0.75375   0.76290   38.818
15863.00    0.75157   0.76140   33.904
15864.00    0.74609   0.75985   31.603
15865.00    0.74642   0.75834   31.838
15866.00    0.75636   0.75687   35.846
15867.00    0.76049   0.75565   42.808
15868.00    0.75630   0.75455   60.802
15869.00    0.75314   0.75369   95.034
15870.00    0.75164   0.75301  105.713
15871.00    0.75058   0.75240  118.170
15872.00    0.74988   0.75188  119.407
15873.00    0.74905   0.75123  120.432
15874.00    0.74304   0.75038  120.440
15875.00    0.73657   0.74916  120.338
15876.00    0.73291   0.74746  120.226
15877.00    0.73023   0.74517  120.110
15878.00    0.72822   0.74218  119.245
15879.00    0.72692   0.73847  118.010
15880.00    0.72507   0.73396  117.262
15881.00    0.72167   0.72876  116.912
15882.00    0.71618   0.72286  117.431
15883.00    0.70923   0.71642  119.233
15884.00    0.70261   0.70960  121.224
15885.00    0.69604   0.70249  123.805
15886.00    0.68890   0.69540  126.215
15887.00    0.67810   0.68844  126.782
15888.00    0.66750   0.68194  127.349
15889.00    0.66345   0.67599  128.151
15890.00    0.65971   0.67085  128.976
15891.00    0.65944   0.66671  129.740
15892.00    0.65912   0.66355  130.535
15893.00    0.65730   0.66168  130.732
15894.00    0.65492   0.66091  130.688
15895.00    0.65363   0.66134  130.642
15896.00    0.65256   0.66296  130.593
15897.00    0.65324   0.66545  129.221
15898.00    0.65683   0.66893  126.588
15899.00    0.65966   0.67302  122.798
15900.00    0.66081   0.67759  117.207
15901.00    0.66331   0.68254  112.324
15902.00    0.66958   0.68747  108.659
15903.00    0.67572   0.69241  105.578
15904.00    0.68186   0.69710  105.662
15905.00    0.68804   0.70142  105.301
15906.00    0.68933   0.70538   90.748
15907.00    0.69015   0.70881   78.961
15908.00    0.68680   0.71185   50.944
15909.00    0.68302   0.71446   36.278
15910.00    0.67571   0.71672   27.343
15911.00    0.66517   0.71875   21.792
15912.00    0.65868   0.72058   20.227
15913.00    0.65757   0.72239   20.421
15914.00    0.65944   0.72416   22.472
15915.00    0.66251   0.72605   28.193
15916.00    0.67247   0.72803   37.932
15917.00    0.70331   0.73014   57.884
15918.00    0.72940   0.73242  100.169
15919.00    0.72945   0.73475  108.465
15920.00    0.72999   0.73723  117.401
15921.00    0.73464   0.73973  118.970
15922.00    0.73921   0.74220  120.545
15923.00    0.74393   0.74476  121.373
15924.00    0.74879   0.74719  122.164
15925.00    0.74921   0.74964  123.427
15926.00    0.74874   0.75205  124.707
15927.00    0.74936   0.75428  125.147
15928.00    0.75041   0.75659  125.288
15929.00    0.75372   0.75865  125.157
15930.00    0.75821   0.76068  124.906
15931.00    0.75991   0.76255  125.135
15932.00    0.75866   0.76412  125.726
15933.00    0.75914   0.76562  126.012
15934.00    0.76401   0.76668  125.742
15935.00    0.76843   0.76758  125.451
15936.00    0.76779   0.76811  125.323
15937.00    0.76644   0.76832  125.104
15938.00    0.76938   0.76836  122.399
15939.00    0.77265   0.76804  119.655
15940.00    0.77603   0.76769  111.590
15941.00    0.77864   0.76718  104.116
15942.00    0.77328   0.76667  100.528
15943.00    0.76705   0.76625   97.933
15944.00    0.76571   0.76586  100.093
15945.00    0.76602   0.76566  104.890
15946.00    0.76515   0.76550  111.799
15947.00    0.76379   0.76544  121.158
15948.00    0.76116   0.76533  127.498
15949.00    0.75736   0.76510  127.900
15950.00    0.75488   0.76465  128.068
15951.00    0.75378   0.76381  127.644
15952.00    0.75264   0.76261  127.014
15953.00    0.75046   0.76084  125.481
15954.00    0.74785   0.75859  124.097
15955.00    0.74588   0.75584  124.556
15956.00    0.74405   0.75261  125.070
15957.00    0.74107   0.74910  126.633
15958.00    0.73771   0.74539  128.371
15959.00    0.73274   0.74162  130.131
15960.00    0.72738   0.73804  131.875
15961.00    0.72658   0.73472  132.473
15962.00    0.72746   0.73180  132.519
15963.00    0.72389   0.72953  132.568
15964.00    0.71760   0.72771  132.571
15965.00    0.71385   0.72661  132.525
15966.00    0.71269   0.72604  132.362
15967.00    0.71194   0.72592  132.001
15968.00    0.71373   0.72630  131.109
15969.00    0.71567   0.72676  129.949
15970.00    0.71713   0.72743  127.184
15971.00    0.71841   0.72793  123.810
15972.00    0.71968   0.72820  101.680
15973.00    0.72104   0.72817   85.331
15974.00    0.72249   0.72756   62.447
15975.00    0.72361   0.72656   48.528
15976.00    0.72579   0.72496   41.321
15977.00    0.72738   0.72297   36.477
15978.00    0.72287   0.72064   36.421
15979.00    0.71823   0.71808   39.172
15980.00    0.71403   0.71558   46.675
15981.00    0.70562   0.71320   66.241
15982.00    0.70038   0.71126   95.048
15983.00    0.70327   0.70982  111.088
15984.00    0.70530   0.70904  127.713
15985.00    0.70568   0.70905  129.148
15986.00    0.70630   0.70975  130.305
15987.00    0.70531   0.71123  129.066
15988.00    0.70424   0.71330  127.734
15989.00    0.69995   0.71586  123.403
15990.00    0.69541   0.71879  119.171
15991.00    0.70081   0.72183  116.123
15992.00    0.70745   0.72489  113.420
15993.00    0.71614   0.72777  113.545
15994.00    0.72630   0.73033  114.803
15995.00    0.72905   0.73247  117.590
15996.00    0.72654   0.73415  121.543
15997.00    0.72556   0.73522  124.677
15998.00    0.72697   0.73579  126.675
15999.00    0.72754   0.73582  125.845
16000.00    0.72570   0.73526  120.170
16001.00    0.72257   0.73437  114.962
16002.00    0.71831   0.73296  108.649
16003.00    0.71601   0.73133  102.885
16004.00    0.72234   0.72953  100.116
16005.00    0.72825   0.72750   97.668
16006.00    0.72531   0.72565  100.778
16007.00    0.72193   0.72379  104.548
16008.00    0.72117   0.72221  105.328
16009.00    0.72124   0.72096  105.436
16010.00    0.72172   0.71999  100.816
16011.00    0.72234   0.71958   94.717
16012.00    0.71897   0.71950   80.004
16013.00    0.71201   0.71995   64.346
16014.00    0.71306   0.72078   48.151
16015.00    0.72378   0.72197   34.820
16016.00    0.72634   0.72354   28.217
16017.00    0.70935   0.72525   25.486
16018.00    0.70030   0.72724   23.997
16019.00    0.72482   0.72924   26.535
16020.00    0.74434   0.73131   30.002
16021.00    0.73414   0.73341   42.180
16022.00    0.72443   0.73538   70.687
16023.00    0.72220   0.73733   88.707
16024.00    0.71918   0.73912  110.078
16025.00    0.72607   0.74078  111.386
16026.00    0.73493   0.74229  106.528
16027.00    0.73603   0.74359  103.648
16028.00    0.73462   0.74466  101.810
16029.00    0.73316   0.74544  103.371
16030.00    0.73000   0.74592  108.121
16031.00    0.73042   0.74603  112.479
16032.00    0.73683   0.74575  115.752
16033.00    0.74060   0.74505  117.518
16034.00    0.73969   0.74393  115.277
16035.00    0.73939   0.74244  113.657
16036.00    0.73718   0.74062  115.078
16037.00    0.73510   0.73856  116.652
16038.00    0.73544   0.73641  120.208
16039.00    0.73575   0.73425  124.022
16040.00    0.72945   0.73228  125.045
16041.00    0.72333   0.73062  125.713
16042.00    0.72081   0.72935  127.072
16043.00    0.71851   0.72865  128.639
16044.00    0.71912   0.72847  129.595
16045.00    0.72115   0.72885  130.250
16046.00    0.72211   0.72979  130.065
16047.00    0.72209   0.73111  129.026
16048.00    0.72240   0.73276  125.655
16049.00    0.72481   0.73460  118.836
16050.00    0.72710   0.73642  112.316
16051.00    0.72619   0.73816  105.788
16052.00    0.72539   0.73964  100.901
16053.00    0.72708   0.74074  103.361
16054.00    0.72896   0.74147  106.208
16055.00    0.73330   0.74169  116.036
16056.00    0.73771   0.74147  128.239
16057.00    0.73473   0.74080  129.066
16058.00    0.73072   0.73970  127.898
16059.00    0.72966   0.73832  123.142
16060.00    0.72962   0.73662  117.611
16061.00    0.73035   0.73479  115.795
16062.00    0.73153   0.73285  116.206
16063.00    0.73106   0.73091  119.229
16064.00    0.72851   0.72905  125.502
16065.00    0.72473   0.72728  131.221
16066.00    0.72071   0.72570  134.928
16067.00    0.71770   0.72431  138.006
16068.00    0.71665   0.72315  138.370
16069.00    0.71624   0.72223  138.643
16070.00    0.71612   0.72156  138.443
16071.00    0.71585   0.72114  138.255
16072.00    0.71571   0.72106  138.112
16073.00    0.71573   0.72124  137.959
16074.00    0.71690   0.72184  137.940
16075.00    0.71855   0.72275  137.918
16076.00    0.71704   0.72410  138.147
16077.00    0.71392   0.72588  138.533
16078.00    0.71805   0.72800  136.525
16079.00    0.72703   0.73057  132.773
16080.00    0.73370   0.73334  122.593
16081.00    0.73899   0.73640  107.671
16082.00    0.74094   0.73953   96.822
16083.00    0.73480   0.74263   89.741
16084.00    0.73111   0.74563   85.165
16085.00    0.73834   0.74829   87.467
16086.00    0.74536   0.75066   89.977
16087.00    0.74277   0.75251   94.125
16088.00    0.73995   0.75388   98.591
16089.00    0.73573   0.75473  100.097
16090.00    0.73178   0.75499  101.331
16091.00    0.73581   0.75485  106.405
16092.00    0.74104   0.75420  112.942
16093.00    0.73918   0.75323  105.759
16094.00    0.73484   0.75204   93.966
16095.00    0.73491   0.75060   74.085
16096.00    0.73793   0.74918   56.731
16097.00    0.73978   0.74775   48.716
16098.00    0.74050   0.74641   46.068
16099.00    0.74452   0.74535   45.949
16100.00    0.75505   0.74442   52.149
16101.00    0.76222   0.74389   61.305
16102.00    0.75079   0.74363   82.186
16103.00    0.73971   0.74368  120.993
16104.00    0.74073   0.74412  126.662
16105.00    0.74202   0.74473  131.898
16106.00    0.74557   0.74566  132.521
16107.00    0.74930   0.74668  132.684
16108.00    0.75214   0.74779  132.743
16109.00    0.75533   0.74889  132.577
16110.00    0.75730   0.74983  132.606
16111.00    0.75858   0.75064  132.772
16112.00    0.75747   0.75111  132.879
16113.00    0.75365   0.75132  132.962
16114.00    0.75172   0.75109  132.877
16115.00    0.75266   0.75053  132.636
16116.00    0.75241   0.74962  130.959
16117.00    0.74856   0.74832  125.111
16118.00    0.74518   0.74685  116.621
16119.00    0.74826   0.74508   95.427
16120.00    0.75158   0.74325   80.551
16121.00    0.75397   0.74138   69.973
16122.00    0.75621   0.73954   61.908
16123.00    0.75549   0.73788   62.847
16124.00    0.75472   0.73636   64.992
16125.00    0.74352   0.73519   73.670
16126.00    0.72863   0.73429   87.970
16127.00    0.72468   0.73380   83.456
16128.00    0.72712   0.73368   69.845
16129.00    0.72969   0.73396   54.408
16130.00    0.73088   0.73467   41.560
16131.00    0.72708   0.73569   35.599
16132.00    0.72449   0.73712   34.133
16133.00    0.73054   0.73879   34.277
16134.00    0.73991   0.74071   40.147
16135.00    0.74499   0.74284   48.733
16136.00    0.75223   0.74504   64.972
16137.00    0.75994   0.74733   95.293
16138.00    0.75914   0.74960   89.672
16139.00    0.75733   0.75175   82.587
16140.00    0.75301   0.75382   78.709
16141.00    0.74871   0.75562   75.620
16142.00    0.74985   0.75716   76.810
16143.00    0.75256   0.75837   79.764
16144.00    0.75484   0.75910   85.581
16145.00    0.75593   0.75947   94.355
16146.00    0.75782   0.75928  101.784
16147.00    0.76160   0.75864  106.393
16148.00    0.76195   0.75753  111.219
16149.00    0.75898   0.75594  115.882
16150.00    0.75724   0.75406  119.659
16151.00    0.75411   0.75185  119.440
16152.00    0.75093   0.74949  119.449
16153.00    0.75034   0.74707  121.510
16154.00    0.74965   0.74468  123.642
16155.00    0.74656   0.74248  125.897
16156.00    0.74330   0.74055  128.237
16157.00    0.73877   0.73889  130.291
16158.00    0.73453   0.73768  132.282
16159.00    0.73681   0.73684  132.457
16160.00    0.74142   0.73640  132.044
16161.00    0.74277   0.73643  131.706
16162.00    0.74145   0.73673  131.038
16163.00    0.74163   0.73748  123.565
16164.00    0.74356   0.73844  109.627
16165.00    0.74713   0.73962   88.383
16166.00    0.75550   0.74102   62.898
16167.00    0.76547   0.74248   50.049
16168.00    0.77683   0.74399   46.048
16169.00    0.78577   0.74548   43.076
16170.00    0.77390   0.74678   47.628
16171.00    0.76247   0.74791   53.396
16172.00    0.76118   0.74876   69.966
16173.00    0.76026   0.74914  103.450
16174.00    0.75089   0.74916  117.493
16175.00    0.74106   0.74853  122.291
16176.00    0.73452   0.74736  123.388
16177.00    0.72885   0.74557  122.759
16178.00    0.73141   0.74308  123.125
16179.00    0.73991   0.74003  124.482
16180.00    0.74094   0.73628  126.490
16181.00    0.73333   0.73207  129.397
16182.00    0.72521   0.72735  131.838
16183.00    0.71510   0.72225  132.645
16184.00    0.70539   0.71695  133.339
16185.00    0.70026   0.71142  133.328
16186.00    0.69638   0.70598  133.087
16187.00    0.69754   0.70058  129.515
16188.00    0.69837   0.69544  126.069
16189.00    0.68611   0.69068  121.812
16190.00    0.67315   0.68629  117.577
16191.00    0.67733   0.68250   96.142
16192.00    0.68630   0.67916   78.326
16193.00    0.68508   0.67646   68.405
16194.00    0.67850   0.67426   61.933
16195.00    0.67823   0.67261   61.042
16196.00    0.68103   0.67143   64.891
16197.00    0.67619   0.67065   73.493
16198.00    0.66195   0.67025   94.929
16199.00    0.65246   0.67008  122.824
16200.00    0.65785   0.67023  131.932
16201.00    0.66350   0.67048  140.805
16202.00    0.66351   0.67099  139.412
16203.00    0.66262   0.67161  136.734
16204.00    0.65568   0.67238  118.985
16205.00    0.64877   0.67341  105.020
16206.00    0.65710   0.67452  115.583
16207.00    0.66683   0.67596  131.962
16208.00    0.66774   0.67753  135.465
16209.00    0.66602   0.67938  134.384
16210.00    0.66847   0.68147  134.052
16211.00    0.67366   0.68373  134.215
16212.00    0.68028   0.68626  133.986
16213.00    0.68669   0.68886  133.443
16214.00    0.69271   0.69162  131.265
16215.00    0.69953   0.69440  126.118
16216.00    0.70492   0.69722  115.125
16217.00    0.70780   0.69999   91.068
16218.00    0.71171   0.70268   72.311
16219.00    0.72086   0.70525   48.638
16220.00    0.73065   0.70767   36.875
16221.00    0.75480   0.70989   34.621
16222.00    0.77974   0.71194   32.946
16223.00    0.76517   0.71374   36.167
16224.00    0.74435   0.71535   41.282
16225.00    0.74267   0.71675   47.927
16226.00    0.74857   0.71789   56.898
16227.00    0.74694   0.71893   62.889
16228.00    0.73762   0.71971   65.390
16229.00    0.73341   0.72043   72.425
16230.00    0.73580   0.72102   88.466
16231.00    0.73334   0.72148  106.050
16232.00    0.72694   0.72195  113.740
16233.00    0.72320   0.72225  120.241
16234.00    0.72327   0.72254  118.896
16235.00    0.72232   0.72272  117.810
16236.00    0.71575   0.72276  119.524
16237.00    0.70994   0.72269  121.260
16238.00    0.71954   0.72241  122.836
16239.00    0.72990   0.72193  124.466
16240.00    0.72540   0.72126  127.532
16241.00    0.71835   0.72035  130.997
16242.00    0.71625   0.71926  133.512
16243.00    0.71646   0.71801  135.664
16244.00    0.71596   0.71662  136.943
16245.00    0.71439   0.71521  137.497
16246.00    0.71403   0.71377  137.670
16247.00    0.71464   0.71244  137.298
16248.00    0.71244   0.71126  136.240
16249.00    0.70714   0.71028  133.356
16250.00    0.70364   0.70959  125.769
16251.00    0.70773   0.70917  102.788
16252.00    0.71295   0.70917   85.896
16253.00    0.72229   0.70945   66.068
16254.00    0.73095   0.71015   53.639
16255.00    0.72613   0.71118   45.870
16256.00    0.72125   0.71254   40.152
16257.00    0.73440   0.71428   39.751
16258.00    0.74762   0.71621   40.532
16259.00    0.73907   0.71847   44.971
16260.00    0.72355   0.72089   53.100
16261.00    0.71843   0.72347   66.532
16262.00    0.72185   0.72621   91.617
16263.00    0.72830   0.72893  119.867
16264.00    0.73842   0.73179  126.567
16265.00    0.74442   0.73453  132.106
16266.00    0.74067   0.73728  133.420
16267.00    0.73826   0.73991  134.548
16268.00    0.74219   0.74239  134.739
16269.00    0.74578   0.74478  134.912
16270.00    0.74633   0.74691  134.991
16271.00    0.74686   0.74889  135.065
16272.00    0.74849   0.75062  134.312
16273.00    0.75011   0.75213  133.451
16274.00    0.75230   0.75341  129.914
16275.00    0.75476   0.75444  125.696
16276.00    0.76086   0.75525  102.332
16277.00    0.76919   0.75583   79.868
16278.00    0.76248   0.75622   56.569
16279.00    0.74225   0.75641   40.018
16280.00    0.73528   0.75645   33.438
16281.00    0.74593   0.75635   32.289
16282.00    0.75321   0.75614   32.798
16283.00    0.75513   0.75587   39.229
16284.00    0.75678   0.75553   49.127
16285.00    0.75493   0.75520   69.038
16286.00    0.75299   0.75485  112.672
16287.00    0.74981   0.75453  121.502
16288.00    0.74659   0.75427  128.357
16289.00    0.74885   0.75403  131.141
16290.00    0.75199   0.75387  133.497
16291.00    0.75157   0.75372  135.098
16292.00    0.74904   0.75363  136.569
16293.00    0.75115   0.75355  137.413
16294.00    0.75689   0.75348  137.814
16295.00    0.75853   0.75340  138.101
16296.00    0.75587   0.75332  138.244
16297.00    0.75389   0.75319  138.340
16298.00    0.75379   0.75305  138.441
16299.00    0.75413   0.75284  138.526
16300.00    0.75458   0.75257  138.643
16301.00    0.75474   0.75228  138.817
16302.00    0.75411   0.75187  138.561
16303.00    0.75326   0.75140  138.115
16304.00    0.74797   0.75080  133.068
16305.00    0.74245   0.75011  128.096
16306.00    0.74320   0.74926  123.034
16307.00    0.74493   0.74829  118.362
16308.00    0.74751   0.74715  118.055
16309.00    0.75064   0.74590  119.371
16310.00    0.75081   0.74451  122.256
16311.00    0.74771   0.74301  126.537
16312.00    0.74300   0.74147  130.632
16313.00    0.73787   0.73985  134.218
16314.00    0.73455   0.73835  134.880
16315.00    0.73387   0.73685  129.562
16316.00    0.73295   0.73554  125.334
16317.00    0.73243   0.73439  124.254
16318.00    0.73231   0.73345  123.339
16319.00    0.73282   0.73282  124.391
16320.00    0.73337   0.73241  125.486
16321.00    0.73603   0.73232  127.552
16322.00    0.73891   0.73249  129.766
16323.00    0.73797   0.73292  132.496
16324.00    0.73629   0.73361  135.536
16325.00    0.73488   0.73447  134.143
16326.00    0.73303   0.73549  130.058
16327.00    0.73382   0.73663  114.872
16328.00    0.73814   0.73780   97.007
16329.00    0.73674   0.73899   77.475
16330.00    0.72772   0.74016   59.684
16331.00    0.72883   0.74122   51.280
16332.00    0.75149   0.74223   50.817
16333.00    0.76852   0.74309   52.034
16334.00    0.75858   0.74382   63.537
16335.00    0.74868   0.74446   81.081
16336.00    0.74188   0.74495   98.048
16337.00    0.73538   0.74537  123.226
16338.00    0.73930   0.74568  128.973
16339.00    0.74399   0.74591  132.287
16340.00    0.74675   0.74606  136.311
16341.00    0.74989   0.74615  140.737
16342.00    0.74785   0.74612  142.762
16343.00    0.74242   0.74603  143.521
16344.00    0.74120   0.74580  144.102
16345.00    0.74497   0.74540  144.431
16346.00    0.74794   0.74492  144.671
16347.00    0.74755   0.74417  144.973
16348.00    0.74585   0.74337  145.403
16349.00    0.74311   0.74233  146.012
16350.00    0.74117   0.74116  146.497
16351.00    0.74119   0.73993  146.539
16352.00    0.74098   0.73854  146.605
16353.00    0.73931   0.73722  146.644
16354.00    0.73767   0.73580  146.673
16355.00    0.73633   0.73447  146.742
16356.00    0.73474   0.73318  146.841
16357.00    0.73268   0.73194  146.487
16358.00    0.73102   0.73083  145.963
16359.00    0.73292   0.72976  140.079
16360.00    0.73720   0.72879  131.711
16361.00    0.73691   0.72792  118.745
16362.00    0.73112   0.72710  104.168
16363.00    0.72600   0.72640   96.156
16364.00    0.72337   0.72581   94.793
16365.00    0.72330   0.72530   96.178
16366.00    0.72705   0.72500  107.289
16367.00    0.72997   0.72475  120.633
16368.00    0.73047   0.72474  132.231
16369.00    0.73042   0.72477  145.636
16370.00    0.72611   0.72490  147.045
16371.00    0.72178   0.72505  147.762
16372.00    0.72629   0.72507  146.959
16373.00    0.73138   0.72500  146.069
16374.00    0.73065   0.72461  146.427
16375.00    0.72856   0.72398  147.134
16376.00    0.72593   0.72299  147.765
16377.00    0.72223   0.72166  148.382
16378.00    0.72007   0.72006  148.503
16379.00    0.72004   0.71825  148.161
16380.00    0.71761   0.71633  147.750
16381.00    0.71188   0.71450  146.961
16382.00    0.70742   0.71279  144.557
16383.00    0.70517   0.71140  136.764
16384.00    0.70307   0.71038  128.021
16385.00    0.70405   0.70973  108.232
16386.00    0.70520   0.70955   93.742
16387.00    0.71036   0.70963   86.204
16388.00    0.71577   0.70997   80.061
16389.00    0.71583   0.71038   83.534
16390.00    0.71453   0.71065   89.508
16391.00    0.70988   0.71073  101.084
16392.00    0.70427   0.71031  118.689
16393.00    0.70106   0.70944  133.152
16394.00    0.69964   0.70795  143.102
16395.00    0.69749   0.70587  149.404
16396.00    0.69470   0.70329  149.990
16397.00    0.69202   0.70019  150.270
16398.00    0.68806   0.69685  150.212
16399.00    0.68416   0.69332  150.279
16400.00    0.68293   0.68978    0.000
16401.00    0.68195   0.68645    0.000
16402.00    0.68431   0.68335    0.000
16403.00    0.68678   0.68077    0.000
16404.00    0.68507   0.67858    0.000
16405.00    0.68256   0.67700    0.000
16406.00    0.68222   0.67603    0.000
16407.00    0.68242   0.67556    0.000
16408.00    0.68510   0.67580    0.000
16409.00    0.68958   0.67646    0.000
16410.00    0.69163   0.67778    0.000
16411.00    0.69201   0.67951    0.000
16412.00    0.69315   0.68172    0.000
16413.00    0.69520   0.68437    0.000
16414.00    0.69876   0.68726    0.000
16415.00    0.70429   0.69055    0.000
16416.00    0.71013   0.69390    0.000
16417.00    0.71664   0.69747    0.000
16418.00    0.72275   0.70100    0.000
16419.00    0.73086   0.70445    0.000
16420.00    0.73915   0.70779    0.000
16421.00    0.74430   0.71075    0.000
16422.00    0.74848   0.71352    0.000
16423.00    0.75022   0.71577    0.000
16424.00    0.75220   0.71764    0.000
16425.00    0.75633   0.71904    0.000
16426.00    0.76116   0.71989    0.000
16427.00    0.77029   0.72040    0.000
16428.00    0.78219   0.72034    0.000
16429.00    0.78643   0.72000    0.000
16430.00    0.78201   0.71924    0.000
16431.00    0.78002   0.71823    0.000
16432.00    0.78287   0.71698    0.000
16433.00    0.78509   0.71552    0.000
16434.00    0.78601   0.71395    0.000
16435.00    0.78724   0.71222    0.000
16436.00    0.78921   0.71049    0.000
16437.00    0.79108   0.70860    0.000
16438.00    0.78847   0.70678    0.000
16439.00    0.78550   0.70487    0.000
16440.00    0.78910   0.70302    0.000
16441.00    0.79523   0.70124    0.000
16442.00    0.79584   0.69950    0.000
16443.00    0.79181   0.69797    0.000
16444.00    0.78428   0.69656    0.000
16445.00    0.77513   0.69543    0.000
16446.00    0.76649   0.69459    0.000
16447.00    0.75752   0.69409    0.000
16448.00    0.74962   0.69395    0.000
16449.00    0.74793   0.69421    0.000
16450.00    0.74720   0.69484    0.000
16451.00    0.74589   0.69588    0.000
16452.00    0.74426   0.69729    0.000
16453.00    0.73690   0.69897    0.000
16454.00    0.72928   0.70103    0.000
16455.00    0.72873   0.70323    0.000
16456.00    0.72936   0.70567    0.000
16457.00    0.72932   0.70825    0.000
16458.00    0.72931   0.71084    0.000
16459.00    0.72916   0.71355    0.000
16460.00    0.72825   0.71607    0.000
16461.00    0.72806   0.71857    0.000
16462.00    0.72960   0.72083    0.000
16463.00    0.72750   0.72281    0.000
16464.00    0.71622   0.72452    0.000
16465.00    0.70845   0.72577    0.000
16466.00    0.71649   0.72670    0.000
16467.00    0.72546   0.72712    0.000
16468.00    0.73540   0.72717    0.000
16469.00    0.74402   0.72682    0.000
16470.00    0.72660   0.72607    0.000
16471.00    0.70784   0.72513   27.319
16472.00    0.71606   0.72390   38.875
16473.00    0.72973   0.72264   68.846
16474.00    0.72817   0.72133   93.577
16475.00    0.71962   0.72007  100.827
16476.00    0.71350   0.71903   98.280
16477.00    0.70955   0.71812   89.488
16478.00    0.70658   0.71749   83.822
16479.00    0.70499   0.71715   80.653
16480.00    0.70230   0.71699   73.161
16481.00    0.69702   0.71720   59.857
16482.00    0.69499   0.71751   49.541
16483.00    0.70125   0.71806   39.576
16484.00    0.70692   0.71880   33.326
16485.00    0.70464   0.71952   33.755
16486.00    0.70264   0.72049   34.335
16487.00    0.71277   0.72136   42.502
16488.00    0.72395   0.72237   57.302
16489.00    0.72084   0.72341   75.093
16490.00    0.71534   0.72444  103.358
16491.00    0.71506   0.72562  117.008
16492.00    0.71812   0.72676  116.630
16493.00    0.71966   0.72805  115.338
16494.00    0.71844   0.72943  113.461
16495.00    0.71762   0.73088  112.675
16496.00    0.71779   0.73251  113.285
16497.00    0.71983   0.73418  112.704
16498.00    0.72606   0.73600  109.404
16499.00    0.73236   0.73789  106.533
16500.00    0.73845   0.73982  105.135
16501.00    0.74373   0.74178  103.980
16502.00    0.74063   0.74371  105.515
16503.00    0.73748   0.74553  106.922
16504.00    0.73937   0.74723   90.590
16505.00    0.74174   0.74874   77.218
16506.00    0.74090   0.74993   65.358
16507.00    0.73880   0.75090   56.353
16508.00    0.74736   0.75141   54.116
16509.00    0.76106   0.75158   54.720
16510.00    0.76052   0.75129   59.667
16511.00    0.74876   0.75049   71.175
16512.00    0.73991   0.74927   86.863
16513.00    0.73506   0.74748  108.235
16514.00    0.73136   0.74526  132.820
16515.00    0.73185   0.74256  136.619
16516.00    0.73147   0.73940  140.017
16517.00    0.72386   0.73598  140.023
16518.00    0.71643   0.73217  140.042
16519.00    0.71566   0.72827  140.111
16520.00    0.71523   0.72425  140.177
16521.00    0.71111   0.72025  141.087
16522.00    0.70617   0.71648  142.124
16523.00    0.70208   0.71286  141.783
16524.00    0.69765   0.70969  141.005
16525.00    0.69491   0.70686  136.973
16526.00    0.69451   0.70453  131.224
16527.00    0.69407   0.70267  122.758
16528.00    0.69366   0.70122  112.652
16529.00    0.69209   0.70024  105.539
16530.00    0.68742   0.69952  101.847
16531.00    0.68454   0.69913  100.341
16532.00    0.68565   0.69887  105.456
16533.00    0.68645   0.69873  110.533
16534.00    0.68750   0.69863  110.903
16535.00    0.68859   0.69852  111.037
16536.00    0.69283   0.69843  105.365
16537.00    0.69732   0.69833   99.936
16538.00    0.70001   0.69825   96.404
16539.00    0.70199   0.69830   93.388
16540.00    0.70200   0.69844   96.540
16541.00    0.70186   0.69882  102.593
16542.00    0.69691   0.69944  111.162
16543.00    0.68885   0.70030  122.714
16544.00    0.68730   0.70153  133.392
16545.00    0.69116   0.70292  141.561
16546.00    0.69372   0.70471  147.342
16547.00    0.69705   0.70657  146.789
16548.00    0.70105   0.70866  146.136
16549.00    0.70355   0.71081  145.370
16550.00    0.70538   0.71289  144.737
16551.00    0.70717   0.71506  144.922
16552.00    0.70913   0.71692  145.068
16553.00    0.71276   0.71879  145.268
16554.00    0.71633   0.72034  145.531
16555.00    0.72074   0.72173  146.566
16556.00    0.72463   0.72297  147.643
16557.00    0.72617   0.72391  146.539
16558.00    0.72784   0.72481  144.413
16559.00    0.72833   0.72551  140.788
16560.00    0.72741   0.72618  136.473
16561.00    0.72683   0.72684  136.810
16562.00    0.72804   0.72750  143.141
16563.00    0.72979   0.72827  147.325
16564.00    0.73104   0.72912  146.090
16565.00    0.73084   0.73009  145.196
16566.00    0.72438   0.73117  144.639
16567.00    0.71889   0.73238  143.949
16568.00    0.72819   0.73362  142.430
16569.00    0.73745   0.73494  140.952
16570.00    0.73834   0.73616  140.185
16571.00    0.73828   0.73735  139.494
16572.00    0.74028   0.73837  135.999
16573.00    0.74278   0.73913  132.033
16574.00    0.74194   0.73972  130.118
16575.00    0.73945   0.73991  129.181
16576.00    0.73790   0.73986  128.578
16577.00    0.73796   0.73946  128.195
16578.00    0.73850   0.73871  127.698
16579.00    0.73948   0.73779  127.163
16580.00    0.73962   0.73655  127.565
16581.00    0.73644   0.73524  130.263
16582.00    0.73320   0.73382  133.446
16583.00    0.73237   0.73241  138.782
16584.00    0.73199   0.73114  144.240
16585.00    0.73110   0.72996  145.358
16586.00    0.73006   0.72905  146.377
16587.00    0.72823   0.72836  146.681
16588.00    0.72651   0.72793  146.864
16589.00    0.72700   0.72780  146.699
16590.00    0.72855   0.72785  146.414
16591.00    0.72955   0.72817  146.134
16592.00    0.73016   0.72859  145.909
16593.00    0.73168   0.72913  145.632
16594.00    0.73354   0.72971  145.329
16595.00    0.73502   0.73024  145.292
16596.00    0.73683   0.73076  145.527
16597.00    0.73831   0.73109  145.654
16598.00    0.73658   0.73131  145.658
16599.00    0.73444   0.73132  145.732
16600.00    0.73206   0.73104  146.055
16601.00    0.72982   0.73061  146.328
16602.00    0.73050   0.72976  145.902
16603.00    0.73129   0.72870  145.456
16604.00    0.72903   0.72728  145.314
16605.00    0.72658   0.72550  145.189
16606.00    0.72441   0.72351  144.797
16607.00    0.72193   0.72108  144.301
16608.00    0.71754   0.71848  137.893
16609.00    0.71282   0.71561  128.574
16610.00    0.70871   0.71252  106.035
16611.00    0.70448   0.70941   81.354
16612.00    0.69968   0.70615   63.802
16613.00    0.69298   0.70301   50.408
16614.00    0.68632   0.69996   43.550
16615.00    0.67944   0.69706   44.332
16616.00    0.67329   0.69449   45.981
16617.00    0.67910   0.69220   57.193
16618.00    0.68439   0.69032   75.352
16619.00    0.68068   0.68886   96.105
16620.00    0.67653   0.68780  130.956
16621.00    0.67949   0.68721  141.033
16622.00    0.68301   0.68700  144.576
16623.00    0.68179   0.68718  146.160
16624.00    0.67890   0.68770  146.837
16625.00    0.67651   0.68851  146.626
16626.00    0.67471   0.68952  145.859
16627.00    0.67407   0.69074  145.760
16628.00    0.67403   0.69202  146.481
16629.00    0.67645   0.69342  147.229
16630.00    0.68232   0.69485  148.162
16631.00    0.68671   0.69625  148.978
16632.00    0.68851   0.69769  149.144
16633.00    0.69008   0.69905  149.303
16634.00    0.68960   0.70040  149.129
16635.00    0.68918   0.70170  148.957
16636.00    0.69253   0.70288  148.499
16637.00    0.69629   0.70404  148.002
16638.00    0.69642   0.70503  148.042
16639.00    0.69548   0.70591  148.200
16640.00    0.69614   0.70661  147.512
16641.00    0.69724   0.70703  146.514
16642.00    0.69818   0.70726  144.260
16643.00    0.69918   0.70714  141.222
16644.00    0.70134   0.70672  138.879
16645.00    0.70556   0.70599  137.102
16646.00    0.70755   0.70485  135.771
16647.00    0.70500   0.70347  135.328
16648.00    0.70374   0.70175  134.594
16649.00    0.70406   0.69977  133.067
16650.00    0.70324   0.69768  131.516
16651.00    0.69896   0.69536  131.174
16652.00    0.69490   0.69311  130.976
16653.00    0.69209   0.69081  134.932
16654.00    0.68881   0.68864  139.273
16655.00    0.68983   0.68669  139.106
16656.00    0.69205   0.68489  137.979
16657.00    0.69280   0.68349  137.274
16658.00    0.69374   0.68232  136.740
16659.00    0.69383   0.68156  135.011
16660.00    0.69236   0.68118  132.331
16661.00    0.69142   0.68112  128.718
16662.00    0.69152   0.68150  123.987
16663.00    0.69218   0.68213  120.718
16664.00    0.69306   0.68314  120.546
16665.00    0.69372   0.68440  120.952
16666.00    0.69546   0.68586  124.594
16667.00    0.69723   0.68757  128.221
16668.00    0.69593   0.68932  127.178
16669.00    0.69447   0.69121  125.942
16670.00    0.69350   0.69306  113.180
16671.00    0.69277   0.69483  101.313
16672.00    0.69259   0.69657   71.346
16673.00    0.69312   0.69801   52.249
16674.00    0.68615   0.69936   37.818
16675.00    0.67663   0.70038   28.626
16676.00    0.66175   0.70117   24.875
16677.00    0.63854   0.70173   23.661
16678.00    0.63525   0.70197   24.137
16679.00    0.66031   0.70213   27.926
16680.00    0.67998   0.70204   34.185
16681.00    0.68835   0.70195   49.738
16682.00    0.69538   0.70179   83.652
16683.00    0.69726   0.70170   93.343
16684.00    0.69898   0.70173  105.157
16685.00    0.70053   0.70190  110.975
16686.00    0.70216   0.70231  117.018
16687.00    0.70047   0.70289  121.622
16688.00    0.69793   0.70376  126.279
16689.00    0.69857   0.70477  129.816
16690.00    0.70023   0.70606  133.006
16691.00    0.70220   0.70746  135.592
16692.00    0.70487   0.70901  137.718
16693.00    0.70725   0.71064  139.077
16694.00    0.70824   0.71225  139.666
16695.00    0.70962   0.71391  140.082
16696.00    0.71266   0.71536  140.085
16697.00    0.71578   0.71681  140.118
16698.00    0.71885   0.71792  140.279
16699.00    0.72173   0.71888  140.450
16700.00    0.72052   0.71952  140.842
16701.00    0.71927   0.71977  141.258
16702.00    0.71704   0.71979  142.031
16703.00    0.71473   0.71927  142.826
16704.00    0.71428   0.71858  143.141
16705.00    0.71459   0.71739  143.364
16706.00    0.71395   0.71598  143.499
16707.00    0.71296   0.71428  143.630
16708.00    0.71243   0.71233  143.564
16709.00    0.71200   0.71028  143.331
16710.00    0.70990   0.70804  143.055
16711.00    0.70648   0.70580  142.617
16712.00    0.70398   0.70348  142.217
16713.00    0.70196   0.70119  142.063
16714.00    0.69852   0.69890  141.886
16715.00    0.69277   0.69669  141.411
16716.00    0.68779   0.69447  140.796
16717.00    0.68504   0.69241  139.193
16718.00    0.68231   0.69038  137.699
16719.00    0.68115   0.68854  137.971
16720.00    0.68018   0.68685  138.335
16721.00    0.68041   0.68538  131.752
16722.00    0.68128   0.68423  124.262
16723.00    0.68119   0.68333   93.288
16724.00    0.68033   0.68292   69.160
16725.00    0.67973   0.68283   53.329
16726.00    0.67941   0.68327   42.746
16727.00    0.68457   0.68414   38.256
16728.00    0.69580   0.68545   38.050
16729.00    0.70246   0.68723   39.722
16730.00    0.69692   0.68932   47.345
16731.00    0.69101   0.69177   59.000
16732.00    0.69151   0.69439   81.360
16733.00    0.69258   0.69715  126.369
16734.00    0.69461   0.69988  133.461
16735.00    0.69664   0.70255  140.065
16736.00    0.70028   0.70494  141.434
16737.00    0.70397   0.70704  142.247
16738.00    0.70515   0.70867  142.372
16739.00    0.70540   0.70975  142.289
16740.00    0.70405   0.71029  142.265
16741.00    0.70298   0.71006  142.251
16742.00    0.70215   0.70928  142.048
16743.00    0.70105   0.70770  141.685
16744.00    0.70028   0.70553  141.534
16745.00    0.69986   0.70274  141.681
16746.00    0.69906   0.69943  142.005
16747.00    0.69668   0.69574  142.857
16748.00    0.69258   0.69180  143.863
16749.00    0.68219   0.68773  145.395
16750.00    0.67225   0.68379  146.899
16751.00    0.66806   0.68005  147.405
16752.00    0.66405   0.67672  147.876
16753.00    0.66421   0.67395  147.323
16754.00    0.66460   0.67177  146.661
16755.00    0.66659   0.67037  145.813
16756.00    0.66888   0.66961  144.953
16757.00    0.66952   0.66968  143.806
16758.00    0.66944   0.67036  142.503
16759.00    0.66888   0.67170  140.853
16760.00    0.66772   0.67355  138.860
16761.00    0.66777   0.67586  137.360
16762.00    0.66976   0.67849  136.638
16763.00    0.67259   0.68141  136.314
16764.00    0.67675   0.68449  137.302
16765.00    0.68121   0.68773  138.227
16766.00    0.68804   0.69104  138.576
16767.00    0.69462   0.69436  138.856
16768.00    0.70043   0.69773  137.431
16769.00    0.70635   0.70097  135.940
16770.00    0.70645   0.70423  135.207
16771.00    0.70611   0.70726  134.548
16772.00    0.70734   0.71018  131.099
16773.00    0.70904   0.71281  126.613
16774.00    0.71068   0.71521  110.962
16775.00    0.71131   0.71726   93.593
16776.00    0.71413   0.71898   65.828
16777.00    0.72063   0.72034   43.702
16778.00    0.72411   0.72131   32.787
16779.00    0.72149   0.72195   26.450
16780.00    0.71501   0.72220   23.035
16781.00    0.69558   0.72223   23.491
16782.00    0.67985   0.72190   24.300
16783.00    0.69553   0.72145   29.680
16784.00    0.71089   0.72074   38.144
16785.00    0.70988   0.71998   53.503
16786.00    0.70735   0.71910   89.375
16787.00    0.70359   0.71817  109.241
16788.00    0.70015   0.71722  122.235
16789.00    0.69959   0.71625  130.005
16790.00    0.70069   0.71528  135.189
16791.00    0.70127   0.71430  138.282
16792.00    0.70154   0.71333  139.669
16793.00    0.70211   0.71235  140.549
16794.00    0.70210   0.71136  140.871
16795.00    0.70087   0.71034  141.260
16796.00    0.69811   0.70935  141.691
16797.00    0.69565   0.70830  142.119
16798.00    0.69552   0.70729  142.275
16799.00    0.69599   0.70629  142.370
16800.00    0.69759   0.70529  142.573
16801.00    0.69922   0.70438  142.760
16802.00    0.69971   0.70343  142.751
16803.00    0.69997   0.70263  142.755
16804.00    0.69984   0.70181  143.169
16805.00    0.70024   0.70109  143.571
16806.00    0.69926   0.70046  144.065
16807.00    0.69773   0.69980  144.596
16808.00    0.69720   0.69932  144.996
16809.00    0.69674   0.69874  145.397
16810.00    0.69749   0.69831  145.614
16811.00    0.69999   0.69782  145.583
16812.00    0.70048   0.69740  145.670
16813.00    0.69706   0.69699  145.893
16814.00    0.69354   0.69655  146.163
16815.00    0.69118   0.69618  146.528
16816.00    0.68895   0.69577  146.843
16817.00    0.68834   0.69546  146.344
16818.00    0.68781   0.69513  145.809
16819.00    0.68618   0.69491  144.245
16820.00    0.68410   0.69473  142.643
16821.00    0.68426   0.69464  140.238
16822.00    0.68465   0.69463  137.686
16823.00    0.68392   0.69468  132.291
16824.00    0.68318   0.69481  125.762
16825.00    0.67984   0.69494  118.473
16826.00    0.67472   0.69506  110.916
16827.00    0.67268   0.69513  106.180
16828.00    0.67439   0.69508  104.940
16829.00    0.67604   0.69487  105.876
16830.00    0.67666   0.69445  113.461
16831.00    0.67677   0.69381  122.201
16832.00    0.67553   0.69288  131.993
16833.00    0.67420   0.69172  142.962
16834.00    0.67303   0.69030  145.402
16835.00    0.67191   0.68870  147.516
16836.00    0.66906   0.68696  146.855
16837.00    0.66575   0.68514  145.817
16838.00    0.65929   0.68342   -1.000
16839.00    0.65165   0.68169   -1.000
16840.00    0.64973   0.68034   -1.000
16841.00    0.65124   0.67910   -1.000
16842.00    0.65278   0.67835   -1.000
16843.00    0.65550   0.67790  119.597
16844.00    0.66063   0.67786  104.846
16845.00    0.66966   0.67829   80.296
16846.00    0.67725   0.67891   63.929
16847.00    0.68235   0.68004   51.206
16848.00    0.68722   0.68116   43.237
16849.00    0.67577   0.68264   41.597
16850.00    0.66478   0.68403   40.307
16851.00    0.66433   0.68544   46.195
16852.00    0.66448   0.68677   54.823
16853.00    0.66476   0.68782   71.125
16854.00    0.66620   0.68877  102.278
16855.00    0.66584   0.68928  123.151
16856.00    0.66472   0.68959   -1.000
16857.00    0.66285   0.68948   -1.000
16858.00    0.66115   0.68909   -1.000
16859.00    0.66073   0.68836   -1.000
16860.00    0.66006   0.68735   -1.000
16861.00    0.65950   0.68611   -1.000
16862.00    0.65914   0.68466   -1.000
16863.00    0.65807   0.68310   -1.000
16864.00    0.65700   0.68145   -1.000
16865.00    0.65605   0.67983   -1.000
16866.00    0.65468   0.67823   -1.000
16867.00    0.65339   0.67680   -1.000
16868.00    0.65407   0.67550  137.852
16869.00    0.65485   0.67445  134.274
16870.00    0.65542   0.67360  131.332
16871.00    0.65605   0.67304  128.610
16872.00    0.65704   0.67269  126.419
16873.00    0.65788   0.67259  124.532
16874.00    0.65780   0.67271  123.420
16875.00    0.65750   0.67296  122.864
16876.00    0.65765   0.67338  123.082
16877.00    0.65807   0.67383  124.320
16878.00    0.65931   0.67436  125.475
16879.00    0.66139   0.67485  126.443
16880.00    0.66308   0.67531  127.374
16881.00    0.66297   0.67571  128.111
16882.00    0.66255   0.67598  128.878
16883.00    0.66349   0.67617  129.433
16884.00    0.66461   0.67623  129.964
16885.00    0.66713   0.67621  129.359
16886.00    0.66941   0.67606  128.659
16887.00    0.66831   0.67589  123.128
16888.00    0.66679   0.67561  116.837
16889.00    0.66494   0.67537   80.081
16890.00    0.66322   0.67508   54.865
16891.00    0.66144   0.67484   40.920
16892.00    0.65698   0.67465   32.315
16893.00    0.65275   0.67447   28.279
16894.00    0.65251   0.67443   27.278
16895.00    0.65511   0.67434   27.744
16896.00    0.66558   0.67444   32.860
16897.00    0.67402   0.67448   40.601
16898.00    0.66751   0.67465   55.338
16899.00    0.66090   0.67484   85.069
16900.00    0.66047   0.67506  104.134
16901.00    0.66036   0.67538  131.960
16902.00    0.66197   0.67569  138.262
16903.00    0.66358   0.67616  141.399
16904.00    0.66900   0.67666  142.618
16905.00    0.67459   0.67732  143.364
16906.00    0.67627   0.67807  143.894
16907.00    0.67613   0.67901  144.255
16908.00    0.67481   0.68008  144.574
16909.00    0.67347   0.68135  144.781
16910.00    0.67383   0.68276  144.746
16911.00    0.67638   0.68435  144.369
16912.00    0.67839   0.68605  144.080
16913.00    0.67825   0.68785  144.029
16914.00    0.67855   0.68974  144.037
16915.00    0.68063   0.69159  144.502
16916.00    0.68247   0.69347  145.012
16917.00    0.68474   0.69520  145.947
16918.00    0.68715   0.69685  146.903
16919.00    0.68591   0.69827  141.351
16920.00    0.68373   0.69949  134.652
16921.00    0.68539   0.70043  137.321
16922.00    0.68870   0.70111  144.741
16923.00    0.68989   0.70149  147.579
16924.00    0.68938   0.70160  146.371
16925.00    0.68974   0.70148  146.248
16926.00    0.69213   0.70110  147.680
16927.00    0.69255   0.70063  148.685
16928.00    0.68848   0.69995  148.654
16929.00    0.68526   0.69934  148.474
16930.00    0.68403   0.69864  147.706
16931.00    0.68250   0.69809  146.963
16932.00    0.68090   0.69764  146.304
16933.00    0.67949   0.69728  145.647
16934.00    0.68007   0.69719  145.218
16935.00    0.68067   0.69711  144.816
16936.00    0.68198   0.69734  141.532
16937.00    0.68336   0.69754  137.973
16938.00    0.68302   0.69795  133.749
16939.00    0.68245   0.69831  129.369
16940.00    0.68379   0.69872  124.098
16941.00    0.68595   0.69910  118.306
16942.00    0.68866   0.69940  113.069
16943.00    0.69211   0.69966  108.530
16944.00    0.69363   0.69977  105.789
16945.00    0.69137   0.69983  106.265
16946.00    0.68882   0.69971  107.684
16947.00    0.68687   0.69953  113.082
16948.00    0.68521   0.69917  118.942
16949.00    0.68486   0.69875  123.884
16950.00    0.68471   0.69814  129.198
16951.00    0.68229   0.69747  133.954
16952.00    0.67917   0.69658  138.996
16953.00    0.68027   0.69567  140.583
16954.00    0.68324   0.69450  141.210
16955.00    0.68127   0.69334  133.270
16956.00    0.67760   0.69199  122.906
16957.00    0.67825   0.69059  115.960
16958.00    0.68177   0.68917  111.335
16959.00    0.68098   0.68763  111.133
16960.00    0.67341   0.68624  116.948
16961.00    0.66790   0.68479  123.169
16962.00    0.66853   0.68356  129.235
16963.00    0.66973   0.68241  134.467
16964.00    0.67067   0.68148  133.273
16965.00    0.67126   0.68078  132.173
16966.00    0.66937   0.68029  132.872
16967.00    0.66741   0.68007  133.665
16968.00    0.66604   0.68010  138.264
16969.00    0.66502   0.68037  143.619
16970.00    0.66534   0.68089  145.801
16971.00    0.66596   0.68161  147.027
16972.00    0.66765   0.68254  146.535
16973.00    0.66891   0.68362  145.243
16974.00    0.67321   0.68484  131.657
16975.00    0.68152   0.68615  112.239
16976.00    0.69028   0.68756   87.643
16977.00    0.70253   0.68895   63.990
16978.00    0.71274   0.69037   52.084
16979.00    0.71109   0.69169   47.866
16980.00    0.71041   0.69295   45.343
16981.00    0.71710   0.69406   49.850
16982.00    0.72277   0.69497   55.531
16983.00    0.70767   0.69573   66.862
16984.00    0.69196   0.69618   84.127
16985.00    0.68693   0.69648   96.571
16986.00    0.68273   0.69642  110.776
16987.00    0.68084   0.69619  118.740
16988.00    0.68085   0.69565  124.437
16989.00    0.68135   0.69488  125.102
16990.00    0.68219   0.69394  122.831
16991.00    0.68252   0.69272  122.740
16992.00    0.68224   0.69144  124.740
16993.00    0.68290   0.68991  128.211
16994.00    0.68506   0.68839  134.573
16995.00    0.68675   0.68671  139.285
16996.00    0.68549   0.68503  137.094
16997.00    0.68356   0.68333  134.604
16998.00    0.67845   0.68159  129.945
16999.00    0.67346   0.67996  125.697
17000.00    0.67379   0.67827  125.051
17001.00    0.67448   0.67676  124.611
17002.00    0.67067   0.67525  127.512
17003.00    0.66607   0.67392  131.103
17004.00    0.66698   0.67270  134.833
17005.00    0.66955   0.67163  138.675
17006.00    0.66676   0.67079  139.755
17007.00    0.66106   0.67012  138.882
17008.00    0.65913   0.66975  128.030
17009.00    0.66076   0.66958  110.460
17010.00    0.66342   0.66977   97.129
17011.00    0.66915   0.67019   87.024
17012.00    0.67520   0.67092   76.539
17013.00    0.68137   0.67193   62.498
17014.00    0.68761   0.67315   52.384
17015.00    0.69392   0.67463   42.554
17016.00    0.69962   0.67621   35.974
17017.00    0.69733   0.67797   35.243
17018.00    0.69485   0.67973   34.882
17019.00    0.70004   0.68154   40.545
17020.00    0.70380   0.68330   50.521
17021.00    0.69359   0.68496   65.218
17022.00    0.67988   0.68653   90.237
17023.00    0.67919   0.68795  106.815
17024.00    0.68806   0.68917  105.647
17025.00    0.69240   0.69026  103.664
17026.00    0.69144   0.69110  101.350
17027.00    0.69025   0.69180  102.168
17028.00    0.68872   0.69229  110.390
17029.00    0.68860   0.69259  119.790
17030.00    0.69073   0.69280  129.491
17031.00    0.69150   0.69276  140.199
17032.00    0.68873   0.69274  142.640
17033.00    0.68635   0.69253  145.092
17034.00    0.68859   0.69233  145.328
17035.00    0.69065   0.69211  145.403
17036.00    0.69147   0.69183  145.163
17037.00    0.69278   0.69168  144.810
17038.00    0.69452   0.69143  143.218
17039.00    0.69575   0.69135  141.073
17040.00    0.69585   0.69120  134.148
17041.00    0.69632   0.69112  124.524
17042.00    0.69703   0.69101  117.947
17043.00    0.69455   0.69086  114.398
17044.00    0.69115   0.69064  113.311
17045.00    0.69132   0.69030  117.891
17046.00    0.69254   0.68981  120.319
17047.00    0.69760   0.68915  110.144
17048.00    0.70225   0.68829  100.453
17049.00    0.70297   0.68722   81.774
17050.00    0.70384   0.68597   68.931
17051.00    0.69941   0.68444   67.353
17052.00    0.69298   0.68280   66.886
17053.00    0.68511   0.68087   75.780
17054.00    0.67766   0.67889   91.569
17055.00    0.67612   0.67660  106.132
17056.00    0.67970   0.67431  119.812
17057.00    0.68017   0.67176  128.875
17058.00    0.67560   0.66919  131.345
17059.00    0.67109   0.66644  135.088
17060.00    0.66714   0.66366  141.754
17061.00    0.66232   0.66080  147.609
17062.00    0.65624   0.65789  149.329
17063.00    0.65076   0.65511  150.820
17064.00    0.64717   0.65226  150.777
17065.00    0.64396   0.64975  150.589
17066.00    0.64485   0.64724  146.678
17067.00    0.64579   0.64519  142.719
17068.00    0.63976   0.64331  119.642
17069.00    0.63330   0.64186  101.205
17070.00    0.63717   0.64084   92.006
17071.00    0.64344   0.64009   85.771
17072.00    0.64476   0.63995   87.138
17073.00    0.64425   0.64000   93.388
17074.00    0.64320   0.64060  104.980
17075.00    0.64102   0.64142  125.966
17076.00    0.63964   0.64258  144.256
17077.00    0.63955   0.64403  145.344
17078.00    0.64045   0.64559  144.882
17079.00    0.64285   0.64741  139.974
17080.00    0.64510   0.64923  135.842
17081.00    0.64908   0.65116  135.247
17082.00    0.65278   0.65308  134.692
17083.00    0.65725   0.65492  134.697
17084.00    0.66199   0.65672  134.726
17085.00    0.65781   0.65830  131.575
17086.00    0.65128   0.65974  128.094
17087.00    0.65252   0.66090  125.252
17088.00    0.65749   0.66178  122.730
17089.00    0.65720   0.66236  122.707
17090.00    0.65331   0.66254  124.279
17091.00    0.65452   0.66241  125.318
17092.00    0.66050   0.66181  125.592
17093.00    0.66490   0.66086  118.635
17094.00    0.66652   0.65949  101.463
17095.00    0.66776   0.65769   84.357
17096.00    0.67042   0.65560   63.388
17097.00    0.67338   0.65305   51.435
17098.00    0.68041   0.65029   49.356
17099.00    0.68743   0.64716   47.647
17100.00    0.67530   0.64388   53.714
17101.00    0.66089   0.64042   62.496
17102.00    0.64937   0.63684   79.641
17103.00    0.63917   0.63330  111.590
17104.00    0.63538   0.62980  129.009
17105.00    0.63467   0.62648  132.892
17106.00    0.63365   0.62346  133.200
17107.00    0.63254   0.62078  130.787
17108.00    0.62960   0.61863  129.168
17109.00    0.62405   0.61703  128.648
17110.00    0.62007   0.61609  128.984
17111.00    0.61867   0.61592  131.219
17112.00    0.61686   0.61645  132.427
17113.00    0.61448   0.61783  128.218
17114.00    0.61276   0.61991  122.716
17115.00    0.61776   0.62272  100.676
17116.00    0.62293   0.62617   85.202
17117.00    0.63300   0.63003   74.681
17118.00    0.64347   0.63438   66.604
17119.00    0.65411   0.63884   67.097
17120.00    0.66505   0.64347   69.654
17121.00    0.66592   0.64801   76.884
17122.00    0.66214   0.65235   88.647
17123.00    0.66039   0.65651   89.667
17124.00    0.66115   0.66020   80.855
17125.00    0.66392   0.66362   73.167
17126.00    0.66685   0.66647   66.471
17127.00    0.66844   0.66896   63.387
17128.00    0.66529   0.67097   67.229
17129.00    0.66157   0.67255   73.074
17130.00    0.66530   0.67379   91.093
17131.00    0.66911   0.67464  119.047
17132.00    0.66758   0.67530  128.699
17133.00    0.66587   0.67564  139.040
17134.00    0.66365   0.67593  140.220
17135.00    0.66122   0.67606  140.296
17136.00    0.66493   0.67622  140.547
17137.00    0.66993   0.67638  140.868
17138.00    0.67206   0.67658  141.334
17139.00    0.67294   0.67696  141.941
17140.00    0.67320   0.67732  142.290
17141.00    0.67316   0.67794  142.365
17142.00    0.67374   0.67856  141.840
17143.00    0.67467   0.67933  140.426
17144.00    0.67595   0.68014  135.142
17145.00    0.67936   0.68095  120.423
17146.00    0.68313   0.68178  105.599
17147.00    0.68814   0.68247   81.923
17148.00    0.69320   0.68311   66.611
17149.00    0.69776   0.68352   53.107
17150.00    0.70225   0.68380   44.071
17151.00    0.70350   0.68377   38.509
17152.00    0.70662   0.68361   34.320
17153.00    0.71559   0.68310   34.242
17154.00    0.72182   0.68246   35.468
17155.00    0.72403   0.68154   39.908
17156.00    0.72564   0.68047   48.481
17157.00    0.71560   0.67930   62.487
17158.00    0.69465   0.67796   89.283
17159.00    0.68171   0.67669  124.337
17160.00    0.68283   0.67530  130.421
17161.00    0.68306   0.67404  135.608
17162.00    0.68002   0.67278  136.421
17163.00    0.67663   0.67164  137.345
17164.00    0.67113   0.67061  138.482
17165.00    0.66587   0.66968  139.603
17166.00    0.66519   0.66888  140.008
17167.00    0.66473   0.66818  140.375
17168.00    0.66729   0.66762  138.524
17169.00    0.67000   0.66713  136.358
17170.00    0.66728   0.66676  134.111
17171.00    0.66270   0.66644  131.916
17172.00    0.66070   0.66623  131.682
17173.00    0.66125   0.66606  132.795
17174.00    0.66185   0.66594  134.827
17175.00    0.66217   0.66588  138.037
17176.00    0.66274   0.66584  139.757
17177.00    0.66329   0.66584  138.289
17178.00    0.66395   0.66581  136.099
17179.00    0.66522   0.66582  131.100
17180.00    0.66592   0.66581  126.595
17181.00    0.66520   0.66578  123.914
17182.00    0.66460   0.66577  121.415
17183.00    0.66341   0.66570  122.127
17184.00    0.66198   0.66568  123.137
17185.00    0.66189   0.66560  126.390
17186.00    0.66115   0.66559  130.363
17187.00    0.66054   0.66554  128.819
17188.00    0.66105   0.66557  124.793
17189.00    0.66333   0.66558  105.336
17190.00    0.66819   0.66566   83.739
17191.00    0.67531   0.66573   69.030
17192.00    0.68466   0.66584   58.771
17193.00    0.68919   0.66594   54.085
17194.00    0.68169   0.66598   56.402
17195.00    0.67539   0.66604   60.018
17196.00    0.66885   0.66596   70.979
17197.00    0.66207   0.66586   86.460
17198.00    0.66467   0.66557  101.486
17199.00    0.66735   0.66527  122.278
17200.00    0.66610   0.66473  128.546
17201.00    0.66442   0.66418  133.263
17202.00    0.65907   0.66346  137.593
17203.00    0.65262   0.66271  142.015
17204.00    0.64884   0.66189  144.358
17205.00    0.64690   0.66112  145.546
17206.00    0.64616   0.66036  145.117
17207.00    0.64607   0.65969  143.418
17208.00    0.64817   0.65918  140.202
17209.00    0.65405   0.65877  134.967
17210.00    0.65780   0.65858  119.335
17211.00    0.65733   0.65849   89.437
17212.00    0.65753   0.65862   69.590
17213.00    0.66968   0.65877   51.765
17214.00    0.68295   0.65904   41.402
17215.00    0.68861   0.65929   37.838
17216.00    0.69378   0.65944   34.978
17217.00    0.68979   0.65951   38.364
17218.00    0.68315   0.65935   43.587
17219.00    0.67085   0.65897   54.788
17220.00    0.65857   0.65834   76.184
17221.00    0.65106   0.65744   99.180
17222.00    0.64677   0.65632  122.051
17223.00    0.64506   0.65495  139.080
17224.00    0.64544   0.65346  143.015
17225.00    0.64438   0.65186  145.904
17226.00    0.64068   0.65019  146.895
17227.00    0.63735   0.64866  147.563
17228.00    0.63691   0.64715  147.357
17229.00    0.63652   0.64591  146.751
17230.00    0.63597   0.64486  143.993
17231.00    0.63518   0.64408  141.369
17232.00    0.63342   0.64363  138.273
17233.00    0.63172   0.64341  135.249
17234.00    0.63169   0.64352  135.394
17235.00    0.63120   0.64380  135.989
17236.00    0.63308   0.64432  137.083
17237.00    0.63575   0.64497  138.365
17238.00    0.63606   0.64573  139.979
17239.00    0.63553   0.64658  141.821
17240.00    0.63586   0.64743  142.791
17241.00    0.63695   0.64837  142.701
17242.00    0.63932   0.64924  142.226
17243.00    0.64286   0.65022  141.218
17244.00    0.64528   0.65112  140.214
17245.00    0.64520   0.65212  139.301
17246.00    0.64508   0.65312  138.418
17247.00    0.64395   0.65414  137.929
17248.00    0.64318   0.65528  137.464
17249.00    0.64593   0.65630  138.205
17250.00    0.64869   0.65751  139.056
17251.00    0.64859   0.65851  141.744
17252.00    0.64848   0.65963  144.824
17253.00    0.65050   0.66056  146.373
17254.00    0.65388   0.66143  147.245
17255.00    0.65577   0.66223  147.651
17256.00    0.65635   0.66272  147.779
17257.00    0.65593   0.66330  148.261
17258.00    0.65403   0.66347  149.147
17259.00    0.65258   0.66376  149.614
17260.00    0.65119   0.66373  149.215
17261.00    0.65059   0.66375  146.266
17262.00    0.65644   0.66366  133.565
17263.00    0.66229   0.66347  122.137
17264.00    0.66604   0.66340  107.232
17265.00    0.66996   0.66313   95.523
17266.00    0.66813   0.66308   86.697
17267.00    0.66519   0.66284   79.418
17268.00    0.65680   0.66274   69.009
17269.00    0.64875   0.66256   60.304
17270.00    0.64976   0.66236   56.477
17271.00    0.65466   0.66216   54.469
17272.00    0.65881   0.66181   57.646
17273.00    0.66024   0.66149   66.696
17274.00    0.65937   0.66100   79.640
17275.00    0.65687   0.66053   99.548
17276.00    0.65380   0.65990  123.106
17277.00    0.65075   0.65931  133.162
17278.00    0.64770   0.65861  142.486
17279.00    0.64562   0.65793  141.186
17280.00    0.64386   0.65726  140.059
17281.00    0.64614   0.65655  141.655
17282.00    0.64851   0.65596  143.344
17283.00    0.64695   0.65527  146.119
17284.00    0.64450   0.65473  149.137
17285.00    0.64263   0.65406  150.637
17286.00    0.64149   0.65346  151.713
17287.00    0.64041   0.65276  151.009
17288.00    0.63861   0.65201  149.449
17289.00    0.63633   0.65119  137.323
17290.00    0.63443   0.65022  119.583
17291.00    0.63410   0.64922  104.319
17292.00    0.63780   0.64804   91.011
17293.00    0.64219   0.64685   82.652
17294.00    0.64391   0.64553   80.960
17295.00    0.64306   0.64424   80.616
17296.00    0.63230   0.64289   88.815
17297.00    0.62265   0.64161   98.875
17298.00    0.62191   0.64035  111.890
17299.00    0.62120   0.63918  128.691
17300.00    0.61611   0.63810  134.302
17301.00    0.61138   0.63709   -1.000
17302.00    0.61155   0.63621   -1.000
17303.00    0.61217   0.63534   -1.000
17304.00    0.60969   0.63460   -1.000
17305.00    0.60639   0.63384   -1.000
17306.00    0.60487   0.63314   -1.000
17307.00    0.60556   0.63237   -1.000
17308.00    0.60676   0.63165   -1.000
17309.00    0.60665   0.63081   -1.000
17310.00    0.60597   0.63000   -1.000
17311.00    0.60610   0.62909   -1.000
17312.00    0.60614   0.62817   -1.000
17313.00    0.60296   0.62721   -1.000
17314.00    0.59959   0.62621   -1.000
17315.00    0.59715   0.62525   -1.000
17316.00    0.59489   0.62420   -1.000
17317.00    0.59750   0.62331   -1.000
17318.00    0.60030   0.62225   -1.000
17319.00    0.59947   0.62141   -1.000
17320.00    0.59694   0.62044   -1.000
17321.00    0.59634   0.61964   -1.000
17322.00    0.59814   0.61882   -1.000
17323.00    0.59833   0.61807   -1.000
17324.00    0.59670   0.61743   -1.000
17325.00    0.59411   0.61682   -1.000
17326.00    0.58911   0.61638   -1.000
17327.00    0.58677   0.61594   -1.000
17328.00    0.59317   0.61573   -1.000
17329.00    0.59834   0.61554  150.466
17330.00    0.59379   0.61555   -1.000
17331.00    0.58944   0.61560   -1.000
17332.00    0.59161   0.61576   -1.000
17333.00    0.59428   0.61602   -1.000
17334.00    0.59837   0.61627  146.694
17335.00    0.60217   0.61661  148.293
17336.00    0.59817   0.61690  148.944
17337.00    0.59203   0.61727   -1.000
17338.00    0.58824   0.61755   -1.000
17339.00    0.58612   0.61791   -1.000
17340.00    0.58693   0.61825   -1.000
17341.00    0.58962   0.61862   -1.000
17342.00    0.59121   0.61908   -1.000
17343.00    0.59156   0.61956   -1.000
17344.00    0.59190   0.62019   -1.000
17345.00    0.59418   0.62087   -1.000
17346.00    0.59646   0.62168   -1.000
17347.00    0.59287   0.62252   -1.000
17348.00    0.58947   0.62348   -1.000
17349.00    0.59318   0.62440   -1.000
17350.00    0.59752   0.62541   -1.000
17351.00    0.60071   0.62627   -1.000
17352.00    0.60410   0.62718   -1.000
17353.00    0.60475   0.62787   -1.000
17354.00    0.60331   0.62854   -1.000
17355.00    0.60320   0.62901   -1.000
17356.00    0.60428   0.62934   -1.000
17357.00    0.60562   0.62961   -1.000
17358.00    0.60830   0.62961  144.119
17359.00    0.61120   0.62968  143.413
17360.00    0.61377   0.62949  143.348
17361.00    0.61530   0.62944  143.828
17362.00    0.61340   0.62921  146.942
17363.00    0.61155   0.62916  149.618
17364.00    0.60874   0.62908  147.526
17365.00    0.60606   0.62914  145.545
17366.00    0.61020   0.62929  146.594
17367.00    0.61481   0.62955  147.447
17368.00    0.61518   0.62996  147.230
17369.00    0.61479   0.63041  147.130
17370.00    0.61785   0.63101  146.067
17371.00    0.62213   0.63159  144.527
17372.00    0.62170   0.63228  140.524
17373.00    0.61938   0.63288  134.364
17374.00    0.61848   0.63353  129.388
17375.00    0.61673   0.63407  126.050
17376.00    0.61619   0.63457  123.625
17377.00    0.61933   0.63497  123.663
17378.00    0.62317   0.63531  124.388
17379.00    0.62701   0.63552  128.816
17380.00    0.62968   0.63571  133.530
17381.00    0.62828   0.63576  137.559
17382.00    0.62709   0.63582  141.771
17383.00    0.62740   0.63577  140.842
17384.00    0.62746   0.63571  139.210
17385.00    0.62921   0.63563  132.300
17386.00    0.63131   0.63548  124.640
17387.00    0.62764   0.63541  121.204
17388.00    0.62140   0.63518  119.852
17389.00    0.61809   0.63508  119.742
17390.00    0.61632   0.63481  121.050
17391.00    0.61541   0.63461  122.071
17392.00    0.61589   0.63426  122.578
17393.00    0.61462   0.63390  123.860
17394.00    0.61036   0.63340  127.514
17395.00    0.60738   0.63282   -1.000
17396.00    0.60827   0.63209   -1.000
17397.00    0.60895   0.63122   -1.000
17398.00    0.60763   0.63020   -1.000
17399.00    0.60629   0.62902   -1.000
17400.00    0.60363   0.62769   -1.000
17401.00    0.60101   0.62622   -1.000
17402.00    0.60308   0.62468   -1.000
17403.00    0.60628   0.62302  140.198
17404.00    0.60617   0.62141  138.841
17405.00    0.60468   0.61977  137.454
17406.00    0.60140   0.61830  134.598
17407.00    0.59582   0.61692  130.077
17408.00    0.58986   0.61582   -1.000
17409.00    0.58348   0.61491   -1.000
17410.00    0.57707   0.61433   78.491
17411.00    0.57519   0.61404   57.315
17412.00    0.57731   0.61405   44.642
17413.00    0.61377   0.61435   33.734
17414.00    0.64999   0.61492   27.127
17415.00    0.65486   0.61568   23.568
17416.00    0.65625   0.61664   20.904
17417.00    0.66777   0.61763   21.119
17418.00    0.67902   0.61874   21.947
17419.00    0.66848   0.61976   26.164
17420.00    0.65593   0.62077   34.696
17421.00    0.64089   0.62166   45.508
17422.00    0.62444   0.62242   58.661
17423.00    0.61883   0.62311   70.861
17424.00    0.62130   0.62365   74.083
17425.00    0.62371   0.62417   77.255
17426.00    0.62558   0.62459   79.903
17427.00    0.62674   0.62506   82.623
17428.00    0.62268   0.62550   84.949
17429.00    0.61833   0.62607   86.415
17430.00    0.61965   0.62667   72.384
17431.00    0.62125   0.62743   61.972
17432.00    0.63369   0.62825   49.570
17433.00    0.64724   0.62921   41.060
17434.00    0.66223   0.63023   38.389
17435.00    0.67707   0.63131   36.921
17436.00    0.66976   0.63241   40.066
17437.00    0.65374   0.63348   46.935
17438.00    0.63964   0.63450   58.970
17439.00    0.62569   0.63542   82.605
17440.00    0.61877   0.63618  111.753
17441.00    0.62191   0.63683  123.711
17442.00    0.62521   0.63722  132.212
17443.00    0.62745   0.63752  127.118
17444.00    0.62871   0.63752  121.576
17445.00    0.62861   0.63743  112.808
17446.00    0.62895   0.63712  105.302
17447.00    0.63075   0.63670  101.684
17448.00    0.63254   0.63620   98.416
17449.00    0.63394   0.63559   98.097
17450.00    0.63512   0.63503   98.128
17451.00    0.63210   0.63437  100.467
17452.00    0.62787   0.63384  103.671
17453.00    0.62383   0.63325  108.135
17454.00    0.62094   0.63278  113.590
17455.00    0.61933   0.63228  112.890
17456.00    0.61954   0.63186  106.332
17457.00    0.61742   0.63140   94.652
17458.00    0.61045   0.63095   78.839
17459.00    0.60714   0.63043   68.391
17460.00    0.61041   0.62988   62.798
17461.00    0.61353   0.62920   59.110
17462.00    0.61854   0.62847   63.412
17463.00    0.62266   0.62761   68.641
17464.00    0.61785   0.62671   81.129
17465.00    0.61285   0.62572   99.522
17466.00    0.61322   0.62473  113.791
17467.00    0.61370   0.62373  130.266
17468.00    0.61647   0.62278  134.957
17469.00    0.62035   0.62194  134.826
17470.00    0.61966   0.62118  135.767
17471.00    0.61613   0.62063  137.345
17472.00    0.61432   0.62016  139.109
17473.00    0.61412   0.62001  141.092
17474.00    0.61468   0.61988  142.941
17475.00    0.61726   0.62014  144.527
17476.00    0.61920   0.62035  145.955
17477.00    0.61770   0.62094  146.977
17478.00    0.61658   0.62144  147.889
17479.00    0.61705   0.62221  147.928
17480.00    0.61718   0.62294  147.949
17481.00    0.62018   0.62376  146.311
17482.00    0.62373   0.62461  144.558
17483.00    0.62329   0.62535  141.202
17484.00    0.62182   0.62619  137.756
17485.00    0.62273   0.62679  135.684
17486.00    0.62443   0.62746  134.192
17487.00    0.62388   0.62784  135.115
17488.00    0.62171   0.62820  137.782
17489.00    0.61922   0.62829  136.560
17490.00    0.61654   0.62823  130.800
17491.00    0.61468   0.62795  123.677
17492.00    0.61425   0.62744  114.339
17493.00    0.61363   0.62676  106.336
17494.00    0.61021   0.62585   99.892
17495.00    0.60645   0.62481   94.741
17496.00    0.60567   0.62362   96.797
17497.00    0.60495   0.62232   99.015
17498.00    0.60319   0.62104  104.571
17499.00    0.60120   0.61964  111.094
17500.00    0.60074   0.61842  118.514
17501.00    0.60158   0.61714  126.881
17502.00    0.60200   0.61610  132.342
17503.00    0.60133   0.61509  136.386
17504.00    0.60164   0.61433  139.133
17505.00    0.60198   0.61366  140.748
17506.00    0.60315   0.61320  142.314
17507.00    0.60570   0.61285  143.823
17508.00    0.60621   0.61264  145.412
17509.00    0.60217   0.61254  147.277
17510.00    0.59847   0.61249  148.968
17511.00    0.59763   0.61253  149.506
17512.00    0.59708   0.61254  149.865
17513.00    0.59740   0.61262  149.090
17514.00    0.59772   0.61259  148.379
17515.00    0.59957   0.61264  149.335
17516.00    0.60166   0.61252  150.378
17517.00    0.59988   0.61250  149.667
17518.00    0.59727   0.61230  148.547
17519.00    0.59559   0.61217  146.212
17520.00    0.59428   0.61191  143.542
17521.00    0.58963   0.61168   -1.000
17522.00    0.58320   0.61137   -1.000
17523.00    0.58293   0.61102   -1.000
17524.00    0.58947   0.61066  135.381
17525.00    0.59573   0.61017  135.333
17526.00    0.60102   0.60969  137.289
17527.00    0.60426   0.60905  139.025
17528.00    0.59991   0.60839  139.745
17529.00    0.59574   0.60755  140.448
17530.00    0.59352   0.60668  138.215
17531.00    0.59140   0.60565  135.878
17532.00    0.58878   0.60457  131.961
17533.00    0.58554   0.60338  128.144
17534.00    0.58335   0.60217  125.749
17535.00    0.58292   0.60093  123.849
17536.00    0.58574   0.59971  121.775
17537.00    0.58930   0.59856  119.602
17538.00    0.59036   0.59749  116.932
17539.00    0.58845   0.59657  113.949
17540.00    0.58721   0.59581  113.010
17541.00    0.58626   0.59522  115.392
17542.00    0.58483   0.59487  118.715
17543.00    0.58507   0.59463  125.015
17544.00    0.58652   0.59472  130.671
17545.00    0.59237   0.59483  127.464
17546.00    0.59726   0.59528  124.371
17547.00    0.59133   0.59568  120.563
17548.00    0.58512   0.59638  116.937
17549.00    0.57977   0.59704  119.253
17550.00    0.57555   0.59785  122.423
17551.00    0.58260   0.59873  127.040
17552.00    0.59098   0.59960  132.726
17553.00    0.59535   0.60064  137.845
17554.00    0.59700   0.60158  142.550
17555.00    0.59663   0.60271  146.142
17556.00    0.59514   0.60375  148.316
17557.00    0.59233   0.60493  149.627
17558.00    0.58873   0.60606  149.399
17559.00    0.58698   0.60723   -1.000
17560.00    0.58877   0.60842  149.238
17561.00    0.59057   0.60954  149.180
17562.00    0.59573   0.61069  148.532
17563.00    0.60085   0.61171  147.876
17564.00    0.60432   0.61271  146.710
17565.00    0.60764   0.61356  145.521
17566.00    0.60541   0.61430  139.192
17567.00    0.60188   0.61491  132.340
17568.00    0.60493   0.61533  103.751
17569.00    0.61025   0.61563   80.428
17570.00    0.60547   0.61569   60.145
17571.00    0.59637   0.61562   45.942
17572.00    0.59033   0.61535   40.306
17573.00    0.58551   0.61493   39.482
17574.00    0.58837   0.61437   41.981
17575.00    0.60490   0.61366   55.718
17576.00    0.61642   0.61289   78.391
17577.00    0.61182   0.61200   95.664
17578.00    0.60758   0.61113  120.066
17579.00    0.60560   0.61020  119.467
17580.00    0.60391   0.60933  118.870
17581.00    0.60723   0.60851  119.468
17582.00    0.61071   0.60774  120.241
17583.00    0.60469   0.60713  123.085
17584.00    0.59738   0.60655  126.484
17585.00    0.59810   0.60618  127.478
17586.00    0.60192   0.60582  127.336
17587.00    0.60289   0.60569  124.074
17588.00    0.60161   0.60553  118.569
17589.00    0.60430   0.60560  112.514
17590.00    0.61359   0.60559  105.906
17591.00    0.61985   0.60575  101.906
17592.00    0.61754   0.60583  102.799
17593.00    0.61514   0.60598  104.429
17594.00    0.61201   0.60606  109.925
17595.00    0.60873   0.60611  115.886
17596.00    0.60397   0.60607  120.216
17597.00    0.59923   0.60594  124.814
17598.00    0.59640   0.60572  128.765
17599.00    0.59380   0.60530  132.847
17600.00    0.58968   0.60482  134.329
17601.00    0.58541   0.60409  135.013
17602.00    0.58506   0.60330  132.289
17603.00    0.58634   0.60228  128.106
17604.00    0.58847   0.60118  122.698
17605.00    0.59045   0.59993  116.810
17606.00    0.59069   0.59861  109.136
17607.00    0.59292   0.59723   98.998
17608.00    0.59502   0.59583   92.085
17609.00    0.59369   0.59446   89.902
17610.00    0.59336   0.59315   88.700
17611.00    0.59041   0.59193   93.741
17612.00    0.58724   0.59085   99.233
17613.00    0.58331   0.58988  102.939
17614.00    0.57940   0.58912  106.838
17615.00    0.57728   0.58849  109.723
17616.00    0.57584   0.58808  112.586
17617.00    0.57451   0.58782  113.818
17618.00    0.57386   0.58775  114.423
17619.00    0.57290   0.58787  115.840
17620.00    0.57196   0.58814  117.721
17621.00    0.57297   0.58862  120.956
17622.00    0.57452   0.58926  125.896
17623.00    0.57776   0.59008  130.208
17624.00    0.58296   0.59109  133.031
17625.00    0.58672   0.59221  135.079
17626.00    0.58597   0.59352  134.560
17627.00    0.58549   0.59488  133.390
17628.00    0.58727   0.59636  128.097
17629.00    0.58822   0.59782  123.266
17630.00    0.59186   0.59931  115.943
17631.00    0.59624   0.60070  109.113
17632.00    0.59483   0.60199  110.355
17633.00    0.59098   0.60314  113.350
17634.00    0.58866   0.60410  100.018
17635.00    0.58717   0.60491   85.106
17636.00    0.59076   0.60545   58.033
17637.00    0.60007   0.60589   39.767
17638.00    0.60463   0.60607   31.319
17639.00    0.60155   0.60621   26.755
17640.00    0.60118   0.60618   24.864
17641.00    0.60206   0.60616   26.321
17642.00    0.60464   0.60609   28.826
17643.00    0.61017   0.60610   36.332
17644.00    0.61267   0.60614   48.873
17645.00    0.60602   0.60629   67.455
17646.00    0.59927   0.60656  106.829
17647.00    0.59676   0.60693  115.880
17648.00    0.59485   0.60742  121.468
17649.00    0.59479   0.60799  125.613
17650.00    0.59378   0.60864  129.795
17651.00    0.59558   0.60930  133.023
17652.00    0.59851   0.61001  135.887
17653.00    0.60158   0.61059  137.254
17654.00    0.60551   0.61126  137.428
17655.00    0.60679   0.61166  137.602
17656.00    0.60522   0.61213  137.793
17657.00    0.60360   0.61231  137.916
17658.00    0.60191   0.61247  137.929
17659.00    0.60055   0.61241  137.602
17660.00    0.59758   0.61225  136.044
17661.00    0.59469   0.61196  134.442
17662.00    0.59915   0.61146  131.068
17663.00    0.60347   0.61099  127.851
17664.00    0.60037   0.61021  126.126
17665.00    0.59651   0.60955  124.641
17666.00    0.59610   0.60858  123.841
17667.00    0.59684   0.60774  123.119
17668.00    0.60088   0.60665  123.605
17669.00    0.60576   0.60563  124.626
17670.00    0.60435   0.60448  126.331
17671.00    0.59899   0.60332  128.540
17672.00    0.59681   0.60213  130.020
17673.00    0.59878   0.60086  130.395
17674.00    0.60015   0.59963  130.964
17675.00    0.59824   0.59834  132.353
17676.00    0.59630   0.59712  133.230
17677.00    0.59394   0.59586  131.605
17678.00    0.59169   0.59473  129.979
17679.00    0.59198   0.59363  127.531
17680.00    0.59229   0.59269  125.195
17681.00    0.59455   0.59190  125.638
17682.00    0.59734   0.59127  126.384
17683.00    0.59167   0.59093  126.008
17684.00    0.58348   0.59071  125.542
17685.00    0.58395   0.59088  126.134
17686.00    0.58900   0.59114  126.585
17687.00    0.59256   0.59179  127.462
17688.00    0.59366   0.59246  129.287
17689.00    0.59228   0.59347  129.205
17690.00    0.58734   0.59446  126.068
17691.00    0.58169   0.59559  121.048
17692.00    0.57789   0.59673  110.425
17693.00    0.57506   0.59777  101.728
17694.00    0.57486   0.59883   98.226
17695.00    0.57487   0.59960   95.100
17696.00    0.58426   0.60036   99.541
17697.00    0.59413   0.60077  104.747
17698.00    0.59728   0.60107  109.643
17699.00    0.59943   0.60107  114.546
17700.00    0.59995   0.60087  120.416
17701.00    0.59910   0.60046  127.039
17702.00    0.59315   0.59981  132.337
17703.00    0.58401   0.59907  136.722
17704.00    0.58012   0.59809  138.981
17705.00    0.58237   0.59710  138.975
17706.00    0.58291   0.59596  137.704
17707.00    0.57940   0.59482  134.514
17708.00    0.57481   0.59366  123.319
17709.00    0.56628   0.59251   91.977
17710.00    0.55809   0.59142   74.077
17711.00    0.56792   0.59036   82.702
17712.00    0.57870   0.58936   93.375
17713.00    0.58314   0.58842    0.000
17714.00    0.58632   0.58753    0.000
17715.00    0.58642   0.58667    0.000
17716.00    0.58646   0.58587    0.000
17717.00    0.58146   0.58506    0.000
17718.00    0.57608   0.58433    0.000
17719.00    0.56943   0.58353    0.000
17720.00    0.56150   0.58290    0.000
17721.00    0.56410   0.58215    0.000
17722.00    0.57604   0.58165    0.000
17723.00    0.58222   0.58107    0.000
17724.00    0.57910   0.58080    0.000
17725.00    0.57458   0.58053    0.000
17726.00    0.56501   0.58055    0.000
17727.00    0.55472   0.58069    0.000
17728.00    0.55282   0.58105    0.000
17729.00    0.55206   0.58159    0.000
17730.00    0.56549   0.58222    0.000
17731.00    0.57912   0.58302    0.000
17732.00    0.57670   0.58375    0.000
17733.00    0.57040   0.58458    0.000
17734.00    0.57463   0.58519    0.000
17735.00    0.58363   0.58577    0.000
17736.00    0.58231   0.58607    0.000
17737.00    0.57450   0.58620    0.000
17738.00    0.56719   0.58607    0.000
17739.00    0.56394   0.58568    0.000
17740.00    0.56312   0.58510    0.000
17741.00    0.56209   0.58425    0.000
17742.00    0.56296   0.58332    0.000
17743.00    0.56624   0.58219    0.000
17744.00    0.56781   0.58108    0.000
17745.00    0.56282   0.57989    0.000
17746.00    0.55766   0.57880    0.000
17747.00    0.55471   0.57774    0.000
17748.00    0.55261   0.57682    0.000
17749.00    0.55624   0.57603    0.000
17750.00    0.56160   0.57532    0.000
17751.00    0.57164   0.57482    0.000
17752.00    0.58307   0.57433    0.000
17753.00    0.60190   0.57407    0.000
17754.00    0.61720   0.57374    0.000
17755.00    0.60998   0.57362    0.000
17756.00    0.59157   0.57337    0.000
17757.00    0.58175   0.57327    0.000
17758.00    0.57729   0.57304    0.000
17759.00    0.57237   0.57286    0.000
17760.00    0.57174   0.57261    0.000
17761.00    0.57044   0.57230    0.000
17762.00    0.56655   0.57198    0.000
17763.00    0.56294   0.57154    0.000
17764.00    0.56349   0.57116    0.000
17765.00    0.56309   0.57063    0.000
17766.00    0.57276   0.57021    0.000
17767.00    0.58501   0.56964    0.000
17768.00    0.57649   0.56925    0.000
17769.00    0.56245   0.56874    0.000
17770.00    0.56304   0.56847    0.000
17771.00    0.56889   0.56809    0.000
17772.00    0.56986   0.56802    0.000
17773.00    0.56679   0.56787    0.000
17774.00    0.56508   0.56803    0.000
17775.00    0.56591   0.56818    0.000
17776.00    0.56745   0.56857    0.000
17777.00    0.56920   0.56902    0.000
17778.00    0.56917   0.56959    0.000
17779.00    0.57076   0.57027    0.000
17780.00    0.57324   0.57096    0.000
17781.00    0.57425   0.57175    0.000
17782.00    0.57323   0.57246    0.000
17783.00    0.57667   0.57323    0.000
17784.00    0.58198   0.57390    0.000
17785.00    0.58384   0.57455    0.000
17786.00    0.58267   0.57516    0.000
17787.00    0.58291   0.57568    0.000
17788.00    0.58367   0.57623    0.000
17789.00    0.58262   0.57672    0.000
17790.00    0.57983   0.57725    0.000
17791.00    0.57701   0.57779    0.000
17792.00    0.57797   0.57837    0.000
17793.00    0.57968   0.57898    0.000
17794.00    0.57935   0.57966    0.000
17795.00    0.57886   0.58034    0.000
17796.00    0.57430   0.58103    0.000
17797.00    0.56945   0.58173    0.000
17798.00    0.56918   0.58233    0.000
17799.00    0.56983   0.58289    0.000
17800.00    0.56928   0.58328    0.000
17801.00    0.56805   0.58351    0.000
17802.00    0.56789   0.58355    0.000
17803.00    0.56945   0.58336    0.000
17804.00    0.56989   0.58298    0.000
17805.00    0.56773   0.58235    0.000
17806.00    0.56433   0.58155    0.000
17807.00    0.55865   0.58055    0.000
17808.00    0.55424   0.57948    0.000
17809.00    0.55422   0.57826    0.000
17810.00    0.55441   0.57707    0.000
17811.00    0.55868   0.57587    0.000
17812.00    0.56265   0.57473    0.000
17813.00    0.57385   0.57371    0.000
17814.00    0.58650   0.57277    0.000
17815.00    0.58267   0.57202    0.000
17816.00    0.58267   0.57135    0.000
17817.00    0.58267   0.57087    0.000
17818.00    0.58267   0.57043    0.000
17819.00    0.58267   0.57018    0.000
17820.00    0.58267   0.56989    0.000
17821.00    0.58267   0.56976    0.000
17822.00    0.58267   0.56956    0.000
17823.00    0.58267   0.56947    0.000
17824.00    0.58267   0.56933    0.000
17825.00    0.58267   0.56923    0.000
17826.00    0.58267   0.56915    0.000
17827.00    0.58267   0.56906    0.000
17828.00    0.58267   0.56910    0.000
17829.00    0.58267   0.56904    0.000
17830.00    0.58267   0.56920    0.000
17831.00    0.58267   0.56920    0.000
17832.00    0.58267   0.56943    0.000
17833.00    0.58267   0.56950    0.000
17834.00    0.58267   0.56966    0.000
17835.00    0.58267   0.56972    0.000
17836.00    0.58267   0.56966    0.000
17837.00    0.58267   0.56957    0.000
17838.00    0.58267   0.56916    0.000
17839.00    0.58267   0.56878    0.000
17840.00    0.58267   0.56798    0.000
17841.00    0.58267   0.56721    0.000
17842.00    0.58267   0.56607    0.000
17843.00    0.58267   0.56496    0.000
17844.00    0.58267   0.56362    0.000
17845.00    0.58267   0.56229    0.000
17846.00    0.58267   0.56094    0.000
17847.00    0.58267   0.55964    0.000
17848.00    0.58267   0.55848    0.000
17849.00    0.58267   0.55744    0.000
17850.00    0.58267   0.55666    0.000
17851.00    0.58267   0.55606    0.000
17852.00    0.58267   0.55579    0.000
17853.00    0.58267   0.55570    0.000
17854.00    0.58267   0.55596    0.000
17855.00    0.58267   0.55637    0.000
17856.00    0.58267   0.55707    0.000
17857.00    0.58267   0.55786    0.000
17858.00    0.58267   0.55884    0.000
17859.00    0.58267   0.55983    0.000
17860.00    0.58267   0.56090    0.000
17861.00    0.58267   0.56193    0.000
17862.00    0.58267   0.56291    0.000
17863.00    0.58267   0.56387    0.000
17864.00    0.58267   0.56467    0.000
17865.00    0.58267   0.56550    0.000
17866.00    0.58267   0.56611    0.000
17867.00    0.58267   0.56678    0.000
17868.00    0.58267   0.56729    0.000
17869.00    0.58267   0.56785    0.000
17870.00    0.58267   0.56834    0.000
17871.00    0.58267   0.56889    0.000
17872.00    0.58267   0.56945    0.000
17873.00    0.58267   0.57005    0.000
17874.00    0.58267   0.57073    0.000
17875.00    0.58267   0.57141    0.000
17876.00    0.58267   0.57221    0.000
17877.00    0.58267   0.57297    0.000
17878.00    0.58267   0.57383    0.000
17879.00    0.58267   0.57467    0.000
17880.00    0.58267   0.57553    0.000
17881.00    0.58267   0.57641    0.000
17882.00    0.58267   0.57724    0.000
17883.00    0.58267   0.57810    0.000
17884.00    0.58267   0.57891    0.000
17885.00    0.58267   0.57976    0.000
17886.00    0.58267   0.58052    0.000
17887.00    0.58267   0.58134    0.000
17888.00    0.58267   0.58203    0.000
17889.00    0.58267   0.58279    0.000
17890.00    0.58267   0.58337    0.000
17891.00    0.58267   0.58399    0.000
17892.00    0.58267   0.58441    0.000
17893.00    0.58267   0.58479    0.000
17894.00    0.58267   0.58498    0.000
17895.00    0.58267   0.58501    0.000
17896.00    0.58267   0.58489    0.000
17897.00    0.58267   0.58453    0.000
17898.00    0.58267   0.58408    0.000
17899.00    0.58267   0.58334    0.000
17900.00    0.58267   0.58258    0.000
17901.00    0.58267   0.58156    0.000
17902.00    0.58267   0.58059    0.000
17903.00    0.58267   0.57945    0.000
17904.00    0.58267   0.57840    0.000
17905.00    0.58267   0.57734    0.000
17906.00    0.58267   0.57638    0.000
17907.00    0.58267   0.57557    0.000
17908.00    0.58267   0.57484    0.000
17909.00    0.58267   0.57437    0.000
17910.00    0.58267   0.57395    0.000
17911.00    0.58267   0.57384    0.000
17912.00    0.58267   0.57373    0.000
17913.00    0.58267   0.57392    0.000
17914.00    0.58267   0.57406    0.000
17915.00    0.58267   0.57441    0.000
17916.00    0.58267   0.57469    0.000
17917.00    0.58267   0.57504    0.000
17918.00    0.58267   0.57532    0.000
17919.00    0.58267   0.57557    0.000
17920.00    0.58267   0.57571    0.000
17921.00    0.58267   0.57575    0.000
17922.00    0.58267   0.57565    0.000
17923.00    0.58267   0.57543    0.000
17924.00    0.58267   0.57502    0.000
17925.00    0.58267   0.57451    0.000
17926.00    0.58267   0.57378    0.000
17927.00    0.58267   0.57298    0.000
17928.00    0.58267   0.57195    0.000
17929.00    0.58267   0.57090    0.000
17930.00    0.58267   0.56965    0.000
17931.00    0.58267   0.56839    0.000
17932.00    0.58267   0.56704    0.000
17933.00    0.58267   0.56569    0.000
17934.00    0.58267   0.56435    0.000
17935.00    0.58267   0.56306    0.000
17936.00    0.58267   0.56187    0.000
17937.00    0.58267   0.56079    0.000
17938.00    0.58267   0.55989    0.000
17939.00    0.58267   0.55910    0.000
17940.00    0.58267   0.55860    0.000
17941.00    0.58267   0.55818    0.000
17942.00    0.58267   0.55807    0.000
17943.00    0.58267   0.55803    0.000
17944.00    0.58267   0.55826    0.000
17945.00    0.58267   0.55853    0.000
17946.00    0.58267   0.55896    0.000
17947.00    0.58267   0.55940    0.000
17948.00    0.58267   0.55987    0.000
17949.00    0.58267   0.56031    0.000
17950.00    0.58267   0.56069    0.000
17951.00    0.58267   0.56096    0.000
17952.00    0.58267   0.56110    0.000
17953.00    0.58267   0.56113    0.000
17954.00    0.58267   0.56100    0.000
17955.00    0.58267   0.56075    0.000
17956.00    0.58267   0.56040    0.000
17957.00    0.58267   0.55995    0.000
17958.00    0.58267   0.55946    0.000
17959.00    0.58267   0.55894    0.000
17960.00    0.58267   0.55845    0.000
17961.00    0.58267   0.55801    0.000
17962.00    0.58267   0.55765    0.000
17963.00    0.58267   0.55743    0.000
17964.00    0.58267   0.55732    0.000
17965.00    0.58267   0.55738    0.000
17966.00    0.58267   0.55758    0.000
17967.00    0.58267   0.55793    0.000
17968.00    0.58267   0.55841    0.000
17969.00    0.58267   0.55902    0.000
17970.00    0.58267   0.55970    0.000
17971.00    0.58267   0.56047    0.000
17972.00    0.58267   0.56127    0.000
17973.00    0.58267   0.56208    0.000
17974.00    0.58267   0.56288    0.000
17975.00    0.58267   0.56363    0.000
17976.00    0.58267   0.56431    0.000
17977.00    0.58267   0.56490    0.000
17978.00    0.58267   0.56538    0.000
17979.00    0.58267   0.56572    0.000
17980.00    0.58267   0.56593    0.000
17981.00    0.58267   0.56596    0.000
17982.00    0.58267   0.56589    0.000
17983.00    0.58267   0.56559    0.000
17984.00    0.58267   0.56523    0.000
17985.00    0.58267   0.56465    0.000
17986.00    0.58267   0.56404    0.000
17987.00    0.58267   0.56324    0.000
17988.00    0.58267   0.56243    0.000
17989.00    0.58267   0.56150    0.000
17990.00    0.58267   0.56056    0.000
17991.00    0.58267   0.55957    0.000
17992.00    0.58267   0.55857    0.000
17993.00    0.58267   0.55755    0.000
17994.00    0.58267   0.55653    0.000
17995.00    0.58267   0.55549    0.000
17996.00    0.58267   0.55450    0.000
17997.00    0.58267   0.55341    0.000
17998.00    0.58267   0.55245    0.000
17999.00    0.58267   0.55136    0.000
18000.00    0.58267   0.55040    0.000
18001.00    0.58267   0.54934    0.000
18002.00    0.58267   0.54838    0.000
18003.00    0.58267   0.54740    0.000
18004.00    0.58267   0.54647    0.000
18005.00    0.58267   0.54562    0.000
18006.00    0.58267   0.54475    0.000
18007.00    0.58267   0.54408    0.000
18008.00    0.58267   0.54332    0.000
18009.00    0.58267   0.54283    0.000
18010.00    0.58267   0.54222    0.000
18011.00    0.58267   0.54188    0.000
18012.00    0.58267   0.54147    0.000
18013.00    0.58267   0.54121    0.000
18014.00    0.58267   0.54094    0.000
18015.00    0.58267   0.54075    0.000
18016.00    0.58267   0.54057    0.000
18017.00    0.58267   0.54043    0.000
18018.00    0.58267   0.54030    0.000
18019.00    0.58267   0.54020    0.000
18020.00    0.58267   0.54007    0.000
18021.00    0.58267   0.54000    0.000
18022.00    0.58267   0.53987    0.000
18023.00    0.58267   0.53982    0.000
18024.00    0.58267   0.53969    0.000
18025.00    0.58267   0.53964    0.000
18026.00    0.58267   0.53952    0.000
18027.00    0.58267   0.53947    0.000
18028.00    0.58267   0.53937    0.000
18029.00    0.58267   0.53931    0.000
18030.00    0.58267   0.53923    0.000
18031.00    0.58267   0.53916    0.000
18032.00    0.58267   0.53910    0.000
18033.00    0.58267   0.53903    0.000
18034.00    0.58267   0.53897    0.000
18035.00    0.58267   0.53890    0.000
18036.00    0.58267   0.53884    0.000
18037.00    0.58267   0.53878    0.000
18038.00    0.58267   0.53872    0.000
18039.00    0.58267   0.53866    0.000
18040.00    0.58267   0.53860    0.000
18041.00    0.58267   0.53853    0.000
18042.00    0.58267   0.53847    0.000
18043.00    0.58267   0.53840    0.000
18044.00    0.58267   0.53834    0.000
18045.00    0.58267   0.53827    0.000
18046.00    0.58267   0.53820    0.000
18047.00    0.58267   0.53813    0.000
18048.00    0.58267   0.53805    0.000
18049.00    0.58267   0.53798    0.000
18050.00    0.58267   0.53789    0.000
18051.00    0.58267   0.53781    0.000
18052.00    0.58267   0.53774    0.000
18053.00    0.58267   0.53764    0.000
18054.00    0.58267   0.53758    0.000
18055.00    0.58267   0.53746    0.000
18056.00    0.58267   0.53742    0.000
18057.00    0.58267   0.53729    0.000
18058.00    0.58267   0.53726    0.000
18059.00    0.58267   0.53713    0.000
18060.00    0.58267   0.53709    0.000
18061.00    0.58267   0.53699    0.000
18062.00    0.58267   0.53694    0.000
18063.00    0.58267   0.53686    0.000
18064.00    0.58267   0.53680    0.000
18065.00    0.58267   0.53673    0.000
18066.00    0.58267   0.53666    0.000
18067.00    0.58267   0.53661    0.000
18068.00    0.58267   0.53654    0.000
18069.00    0.58267   0.53648    0.000
18070.00    0.58267   0.53641    0.000
18071.00    0.58267   0.53635    0.000
18072.00    0.58267   0.53629    0.000
18073.00    0.58267   0.53623    0.000
18074.00    0.58267   0.53616    0.000
18075.00    0.58267   0.53610    0.000
18076.00    0.58267   0.53603    0.000
18077.00    0.58267   0.53596    0.000
18078.00    0.58267   0.53589    0.000
18079.00    0.58267   0.53581    0.000
18080.00    0.58267   0.53573    0.000
18081.00    0.58267   0.53566    0.000
18082.00    0.58267   0.53557    0.000
18083.00    0.58267   0.53550    0.000
18084.00    0.58267   0.53541    0.000
18085.00    0.58267   0.53533    0.000
18086.00    0.58267   0.53524    0.000
18087.00    0.58267   0.53518    0.000
18088.00    0.58267   0.53508    0.000
18089.00    0.58267   0.53502    0.000
18090.00    0.58267   0.53491    0.000
18091.00    0.58267   0.53488    0.000
18092.00    0.58267   0.53476    0.000
18093.00    0.58267   0.53473    0.000
18094.00    0.58267   0.53462    0.000
18095.00    0.58267   0.53458    0.000
18096.00    0.58267   0.53449    0.000
18097.00    0.58267   0.53444    0.000
18098.00    0.58267   0.53436    0.000
18099.00    0.58267   0.53430    0.000
18100.00    0.58267   0.53424    0.000
18101.00    0.58267   0.53417    0.000
18102.00    0.58267   0.53412    0.000
18103.00    0.58267   0.53405    0.000
18104.00    0.58267   0.53399    0.000
18105.00    0.58267   0.53392    0.000
18106.00    0.58267   0.53385    0.000
18107.00    0.58267   0.53379    0.000
18108.00    0.58267   0.53371    0.000
18109.00    0.58267   0.53365    0.000
18110.00    0.58267   0.53356    0.000
18111.00    0.58267   0.53349    0.000
18112.00    0.58267   0.53341    0.000
18113.00    0.58267   0.53333    0.000
18114.00    0.58267   0.53325    0.000
18115.00    0.58267   0.53317    0.000
18116.00    0.58267   0.53309    0.000
18117.00    0.58267   0.53300    0.000
18118.00    0.58267   0.53293    0.000
18119.00    0.58267   0.53284    0.000
18120.00    0.58267   0.53278    0.000
18121.00    0.58267   0.53269    0.000
18122.00    0.58267   0.53263    0.000
18123.00    0.58267   0.53254    0.000
18124.00    0.58267   0.53249    0.000
18125.00    0.58267   0.53239    0.000
18126.00    0.58267   0.53236    0.000
18127.00    0.58267   0.53225    0.000
18128.00    0.58267   0.53222    0.000
18129.00    0.58267   0.53212    0.000
18130.00    0.58267   0.53209    0.000
18131.00    0.58267   0.53200    0.000
18132.00    0.58267   0.53195    0.000
18133.00    0.58267   0.53187    0.000
18134.00    0.58267   0.53181    0.000
18135.00    0.58267   0.53174    0.000
18136.00    0.58267   0.53168    0.000
18137.00    0.58267   0.53161    0.000
18138.00    0.58267   0.53154    0.000
18139.00    0.58267   0.53147    0.000
18140.00    0.58267   0.53140    0.000
18141.00    0.58267   0.53132    0.000
18142.00    0.58267   0.53125    0.000
18143.00    0.58267   0.53117    0.000
18144.00    0.58267   0.53109    0.000
18145.00    0.58267   0.53101    0.000
18146.00    0.58267   0.53092    0.000
18147.00    0.58267   0.53085    0.000
18148.00    0.58267   0.53076    0.000
18149.00    0.58267   0.53069    0.000
18150.00    0.58267   0.53060    0.000
18151.00    0.58267   0.53054    0.000
18152.00    0.58267   0.53045    0.000
18153.00    0.58267   0.53039    0.000
18154.00    0.58267   0.53030    0.000
18155.00    0.58267   0.53025    0.000
18156.00    0.58267   0.53017    0.000
18157.00    0.58267   0.53011    0.000
18158.00    0.58267   0.53003    0.000
18159.00    0.58267   0.52999    0.000
18160.00    0.58267   0.52990    0.000
18161.00    0.58267   0.52986    0.000
18162.00    0.58267   0.52976    0.000
18163.00    0.58267   0.52973    0.000
18164.00    0.58267   0.52963    0.000
18165.00    0.58267   0.52959    0.000
18166.00    0.58267   0.52950    0.000
18167.00    0.58267   0.52944    0.000
18168.00    0.58267   0.52936    0.000
18169.00    0.58267   0.52929    0.000
18170.00    0.58267   0.52922    0.000
18171.00    0.58267   0.52914    0.000
18172.00    0.58267   0.52907    0.000
18173.00    0.58267   0.52898    0.000
18174.00    0.58267   0.52891    0.000
18175.00    0.58267   0.52882    0.000
18176.00    0.58267   0.52874    0.000
18177.00    0.58267   0.52866    0.000
18178.00    0.58267   0.52858    0.000
18179.00    0.58267   0.52850    0.000
18180.00    0.58267   0.52842    0.000
18181.00    0.58267   0.52834    0.000
18182.00    0.58267   0.52827    0.000
18183.00    0.58267   0.52818    0.000
18184.00    0.58267   0.52812    0.000
18185.00    0.58267   0.52802    0.000
18186.00    0.58267   0.52798    0.000
18187.00    0.58267   0.52788    0.000
18188.00    0.58267   0.52784    0.000
18189.00    0.58267   0.52775    0.000
18190.00    0.58267   0.52771    0.000
18191.00    0.58267   0.52763    0.000
18192.00    0.58267   0.52757    0.000
18193.00    0.58267   0.52750    0.000
18194.00    0.58267   0.52744    0.000
18195.00    0.58267   0.52738    0.000
18196.00    0.58267   0.52731    0.000
18197.00    0.58267   0.52725    0.000
18198.00    0.58267   0.52717    0.000
18199.00    0.58267   0.52712    0.000
18200.00    0.58267   0.52703    0.000
18201.00    0.58267   0.52697    0.000
18202.00    0.58267   0.52689    0.000
18203.00    0.58267   0.52682    0.000
18204.00    0.58267   0.52673    0.000
18205.00    0.58267   0.52666    0.000
18206.00    0.58267   0.52658    0.000
18207.00    0.58267   0.52650    0.000
18208.00    0.58267   0.52641    0.000
18209.00    0.58267   0.52633    0.000
18210.00    0.58267   0.52625    0.000
18211.00    0.58267   0.52617    0.000
18212.00    0.58267   0.52610    0.000
18213.00    0.58267   0.52602    0.000
18214.00    0.58267   0.52595    0.000
18215.00    0.58267   0.52588    0.000
18216.00    0.58267   0.52580    0.000
18217.00    0.58267   0.52574    0.000
18218.00    0.58267   0.52566    0.000
18219.00    0.58267   0.52561    0.000
18220.00    0.58267   0.52552    0.000
18221.00    0.58267   0.52548    0.000
18222.00    0.58267   0.52538    0.000
18223.00    0.58267   0.52535    0.000
18224.00    0.58267   0.52526    0.000
18225.00    0.58267   0.52521    0.000
18226.00    0.58267   0.52513    0.000
18227.00    0.58267   0.52507    0.000
18228.00    0.58267   0.52500    0.000
18229.00    0.58267   0.52493    0.000
18230.00    0.58267   0.52487    0.000
18231.00    0.58267   0.52479    0.000
18232.00    0.58267   0.52473    0.000
18233.00    0.58267   0.52464    0.000
18234.00    0.58267   0.52457    0.000
18235.00    0.58267   0.52449    0.000
18236.00    0.58267   0.52441    0.000
18237.00    0.58267   0.52433    0.000
18238.00    0.58267   0.52425    0.000
18239.00    0.58267   0.52417    0.000
18240.00    0.58267   0.52408    0.000
18241.00    0.58267   0.52401    0.000
18242.00    0.58267   0.52392    0.000
18243.00    0.58267   0.52385    0.000
18244.00    0.58267   0.52377    0.000
18245.00    0.58267   0.52371    0.000
18246.00    0.58267   0.52363    0.000
18247.00    0.58267   0.52356    0.000
18248.00    0.58267   0.52350    0.000
18249.00    0.58267   0.52343    0.000
18250.00    0.58267   0.52337    0.000
18251.00    0.58267   0.52329    0.000
18252.00    0.58267   0.52324    0.000
18253.00    0.58267   0.52316    0.000
18254.00    0.58267   0.52312    0.000
18255.00    0.58267   0.52302    0.000
18256.00    0.58267   0.52299    0.000
18257.00    0.58267   0.52289    0.000
18258.00    0.58267   0.52285    0.000
18259.00    0.58267   0.52276    0.000
18260.00    0.58267   0.52270    0.000
18261.00    0.58267   0.52262    0.000
18262.00    0.58267   0.52255    0.000
18263.00    0.58267   0.52248    0.000
18264.00    0.58267   0.52240    0.000
18265.00    0.58267   0.52233    0.000
18266.00    0.58267   0.52224    0.000
18267.00    0.58267   0.52217    0.000
18268.00    0.58267   0.52208    0.000
18269.00    0.58267   0.52200    0.000
18270.00    0.58267   0.52192    0.000
18271.00    0.58267   0.52184    0.000
18272.00    0.58267   0.52176    0.000
18273.00    0.58267   0.52168    0.000
18274.00    0.58267   0.52161    0.000
18275.00    0.58267   0.52153    0.000
18276.00    0.58267   0.52146    0.000
18277.00    0.58267   0.52138    0.000
18278.00    0.58267   0.52132    0.000
18279.00    0.58267   0.52125    0.000
18280.00    0.58267   0.52119    0.000
18281.00    0.58267   0.52112    0.000
18282.00    0.58267   0.52106    0.000
18283.00    0.58267   0.52100    0.000
18284.00    0.58267   0.52093    0.000
18285.00    0.58267   0.52087    0.000
18286.00    0.58267   0.52080    0.000
18287.00    0.58267   0.52075    0.000
18288.00    0.58267   0.52066    0.000
18289.00    0.58267   0.52062    0.000
18290.00    0.58267   0.52052    0.000
18291.00    0.58267   0.52048    0.000
18292.00    0.58267   0.52038    0.000
18293.00    0.58267   0.52033    0.000
18294.00    0.58267   0.52023    0.000
18295.00    0.58267   0.52017    0.000
18296.00    0.58267   0.52008    0.000
18297.00    0.58267   0.52001    0.000
18298.00    0.58267   0.51992    0.000
18299.00    0.58267   0.51984    0.000
18300.00    0.58267   0.51976    0.000
18301.00    0.58267   0.51968    0.000
18302.00    0.58267   0.51959    0.000
18303.00    0.58267   0.51952    0.000
18304.00    0.58267   0.51943    0.000
18305.00    0.58267   0.51936    0.000
18306.00    0.58267   0.51928    0.000
18307.00    0.58267   0.51922    0.000
18308.00    0.58267   0.51914    0.000
18309.00    0.58267   0.51908    0.000
18310.00    0.58267   0.51900    0.000
18311.00    0.58267   0.51894    0.000
18312.00    0.58267   0.51887    0.000
18313.00    0.58267   0.51881    0.000
18314.00    0.58267   0.51875    0.000
18315.00    0.58267   0.51869    0.000
18316.00    0.58267   0.51863    0.000
18317.00    0.58267   0.51856    0.000
18318.00    0.58267   0.51850    0.000
18319.00    0.58267   0.51843    0.000
18320.00    0.58267   0.51837    0.000
18321.00    0.58267   0.51830    0.000
18322.00    0.58267   0.51824    0.000
18323.00    0.58267   0.51815    0.000
18324.00    0.58267   0.51810    0.000
18325.00    0.58267   0.51800    0.000
18326.00    0.58267   0.51794    0.000
18327.00    0.58267   0.51784    0.000
18328.00    0.58267   0.51778    0.000
18329.00    0.58267   0.51767    0.000
18330.00    0.58267   0.51761    0.000
18331.00    0.58267   0.51751    0.000
18332.00    0.58267   0.51744    0.000
18333.00    0.58267   0.51734    0.000
18334.00    0.58267   0.51727    0.000
18335.00    0.58267   0.51718    0.000
18336.00    0.58267   0.51711    0.000
18337.00    0.58267   0.51703    0.000
18338.00    0.58267   0.51696    0.000
18339.00    0.58267   0.51689    0.000
18340.00    0.58267   0.51682    0.000
18341.00    0.58267   0.51675    0.000
18342.00    0.58267   0.51668    0.000
18343.00    0.58267   0.51662    0.000
18344.00    0.58267   0.51655    0.000
18345.00    0.58267   0.51650    0.000
18346.00    0.58267   0.51641    0.000
18347.00    0.58267   0.51637    0.000
18348.00    0.58267   0.51628    0.000
18349.00    0.58267   0.51624    0.000
18350.00    0.58267   0.51614    0.000
18351.00    0.58267   0.51610    0.000
18352.00    0.58267   0.51600    0.000
18353.00    0.58267   0.51596    0.000
18354.00    0.58267   0.51586    0.000
18355.00    0.58267   0.51580    0.000
18356.00    0.58267   0.51571    0.000
18357.00    0.58267   0.51564    0.000
18358.00    0.58267   0.51555    0.000
18359.00    0.58267   0.51548    0.000
18360.00    0.58267   0.51539    0.000
18361.00    0.58267   0.51532    0.000
18362.00    0.58267   0.51524    0.000
18363.00    0.58267   0.51515    0.000
18364.00    0.58267   0.51508    0.000
18365.00    0.58267   0.51499    0.000
18366.00    0.58267   0.51492    0.000
18367.00    0.58267   0.51484    0.000
18368.00    0.58267   0.51477    0.000
18369.00    0.58267   0.51470    0.000
18370.00    0.58267   0.51463    0.000
18371.00    0.58267   0.51456    0.000
18372.00    0.58267   0.51450    0.000
18373.00    0.58267   0.51443    0.000
18374.00    0.58267   0.51437    0.000
18375.00    0.58267   0.51431    0.000
18376.00    0.58267   0.51425    0.000
18377.00    0.58267   0.51418    0.000
18378.00    0.58267   0.51412    0.000
18379.00    0.58267   0.51405    0.000
18380.00    0.58267   0.51400    0.000
18381.00    0.58267   0.51391    0.000
18382.00    0.58267   0.51387    0.000
18383.00    0.58267   0.51376    0.000
18384.00    0.58267   0.51373    0.000
18385.00    0.58267   0.51362    0.000
18386.00    0.58267   0.51358    0.000
18387.00    0.58267   0.51346    0.000
18388.00    0.58267   0.51341    0.000
18389.00    0.58267   0.51331    0.000
18390.00    0.58267   0.51324    0.000
18391.00    0.58267   0.51315    0.000
18392.00    0.58267   0.51307    0.000
18393.00    0.58267   0.51298    0.000
18394.00    0.58267   0.51291    0.000
18395.00    0.58267   0.51283    0.000
18396.00    0.58267   0.51274    0.000
18397.00    0.58267   0.51267    0.000
18398.00    0.58267   0.51259    0.000
18399.00    0.58267   0.51253    0.000
18400.00    0.58267   0.51245    0.000
18401.00    0.58267   0.51239    0.000
18402.00    0.58267   0.51231    0.000
18403.00    0.58267   0.51225    0.000
18404.00    0.58267   0.51219    0.000
18405.00    0.58267   0.51212    0.000
18406.00    0.58267   0.51206    0.000
18407.00    0.58267   0.51200    0.000
18408.00    0.58267   0.51194    0.000
18409.00    0.58267   0.51188    0.000
18410.00    0.58267   0.51181    0.000
18411.00    0.58267   0.51175    0.000
18412.00    0.58267   0.51168    0.000
18413.00    0.58267   0.51162    0.000
18414.00    0.58267   0.51154    0.000
18415.00    0.58267   0.51149    0.000
18416.00    0.58267   0.51139    0.000
18417.00    0.58267   0.51134    0.000
18418.00    0.58267   0.51123    0.000
18419.00    0.58267   0.51118    0.000
18420.00    0.58267   0.51107    0.000
18421.00    0.58267   0.51101    0.000
18422.00    0.58267   0.51090    0.000
18423.00    0.58267   0.51084    0.000
18424.00    0.58267   0.51074    0.000
18425.00    0.58267   0.51067    0.000
18426.00    0.58267   0.51058    0.000
18427.00    0.58267   0.51050    0.000
18428.00    0.58267   0.51042    0.000
18429.00    0.58267   0.51034    0.000
18430.00    0.58267   0.51027    0.000
18431.00    0.58267   0.51020    0.000
18432.00    0.58267   0.51014    0.000
18433.00    0.58267   0.51006    0.000
18434.00    0.58267   0.51000    0.000
18435.00    0.58267   0.50993    0.000
18436.00    0.58267   0.50987    0.000
18437.00    0.58267   0.50981    0.000
18438.00    0.58267   0.50975    0.000
18439.00    0.58267   0.50969    0.000
18440.00    0.58267   0.50962    0.000
18441.00    0.58267   0.50956    0.000
18442.00    0.58267   0.50950    0.000
18443.00    0.58267   0.50943    0.000
18444.00    0.58267   0.50937    0.000
18445.00    0.58267   0.50930    0.000
18446.00    0.58267   0.50924    0.000
18447.00    0.58267   0.50915    0.000
18448.00    0.58267   0.50909    0.000
18449.00    0.58267   0.50900    0.000
18450.00    0.58267   0.50894    0.000
18451.00    0.58267   0.50883    0.000
18452.00    0.58267   0.50878    0.000
18453.00    0.58267   0.50866    0.000
18454.00    0.58267   0.50861    0.000
18455.00    0.58267   0.50849    0.000
18456.00    0.58267   0.50843    0.000
18457.00    0.58267   0.50833    0.000
18458.00    0.58267   0.50827    0.000
18459.00    0.58267   0.50817    0.000
18460.00    0.58267   0.50810    0.000
18461.00    0.58267   0.50802    0.000
18462.00    0.58267   0.50795    0.000
18463.00    0.58267   0.50788    0.000
18464.00    0.58267   0.50781    0.000
18465.00    0.58267   0.50775    0.000
18466.00    0.58267   0.50768    0.000
18467.00    0.58267   0.50762    0.000
18468.00    0.58267   0.50755    0.000
18469.00    0.58267   0.50749    0.000
18470.00    0.58267   0.50743    0.000
18471.00    0.58267   0.50737    0.000
18472.00    0.58267   0.50729    0.000
18473.00    0.58267   0.50724    0.000
18474.00    0.58267   0.50715    0.000
18475.00    0.58267   0.50711    0.000
18476.00    0.58267   0.50701    0.000
18477.00    0.58267   0.50697    0.000
18478.00    0.58267   0.50686    0.000
18479.00    0.58267   0.50682    0.000
18480.00    0.58267   0.50671    0.000
18481.00    0.58267   0.50666    0.000
18482.00    0.58267   0.50655    0.000
18483.00    0.58267   0.50649    0.000
18484.00    0.58267   0.50639    0.000
18485.00    0.58267   0.50632    0.000
18486.00    0.58267   0.50623    0.000
18487.00    0.58267   0.50615    0.000
18488.00    0.58267   0.50607    0.000
18489.00    0.58267   0.50599    0.000
18490.00    0.58267   0.50592    0.000
18491.00    0.58267   0.50584    0.000
18492.00    0.58267   0.50577    0.000
18493.00    0.58267   0.50570    0.000
18494.00    0.58267   0.50563    0.000
18495.00    0.58267   0.50556    0.000
18496.00    0.58267   0.50550    0.000
18497.00    0.58267   0.50543    0.000
18498.00    0.58267   0.50537    0.000
18499.00    0.58267   0.50531    0.000
18500.00    0.58267   0.50524    0.000
18501.00    0.58267   0.50518    0.000
18502.00    0.58267   0.50512    0.000
18503.00    0.58267   0.50505    0.000
18504.00    0.58267   0.50499    0.000
18505.00    0.58267   0.50492    0.000
18506.00    0.58267   0.50487    0.000
18507.00    0.58267   0.50478    0.000
18508.00    0.58267   0.50473    0.000
18509.00    0.58267   0.50463    0.000
18510.00    0.58267   0.50458    0.000
18511.00    0.58267   0.50447    0.000
18512.00    0.58267   0.50442    0.000
18513.00    0.58267   0.50431    0.000
18514.00    0.58267   0.50426    0.000
18515.00    0.58267   0.50414    0.000
18516.00    0.58267   0.50408    0.000
18517.00    0.58267   0.50398    0.000
18518.00    0.58267   0.50391    0.000
18519.00    0.58267   0.50382    0.000
18520.00    0.58267   0.50375    0.000
18521.00    0.58267   0.50366    0.000
18522.00    0.58267   0.50359    0.000
18523.00    0.58267   0.50351    0.000
18524.00    0.58267   0.50344    0.000
18525.00    0.58267   0.50338    0.000
18526.00    0.58267   0.50331    0.000
18527.00    0.58267   0.50324    0.000
18528.00    0.58267   0.50318    0.000
18529.00    0.58267   0.50311    0.000
18530.00    0.58267   0.50305    0.000
18531.00    0.58267   0.50299    0.000
18532.00    0.58267   0.50293    0.000
18533.00    0.58267   0.50286    0.000
18534.00    0.58267   0.50280    0.000
18535.00    0.58267   0.50273    0.000
18536.00    0.58267   0.50267    0.000
18537.00    0.58267   0.50260    0.000
18538.00    0.58267   0.50254    0.000
18539.00    0.58267   0.50246    0.000
18540.00    0.58267   0.50239    0.000
18541.00    0.58267   0.50231    0.000
18542.00    0.58267   0.50223    0.000
18543.00    0.58267   0.50215    0.000
18544.00    0.58267   0.50206    0.000
18545.00    0.58267   0.50199    0.000
18546.00    0.58267   0.50189    0.000
18547.00    0.58267   0.50182    0.000
18548.00    0.58267   0.50172    0.000
18549.00    0.58267   0.50166    0.000
18550.00    0.46730   0.50155    0.000
18551.00    0.46730   0.50149    0.000
18552.00    0.46730   0.50139    0.000
18553.00    0.46730   0.50134    0.000
18554.00    0.46730   0.50124    0.000
18555.00    0.46730   0.50119    0.000
18556.00    0.46730   0.50111    0.000
18557.00    0.46730   0.50105    0.000
18558.00    0.46730   0.50098    0.000
18559.00    0.46730   0.50092    0.000
18560.00    0.46730   0.50085    0.000
18561.00    0.46730   0.50080    0.000
18562.00    0.46730   0.50073    0.000
18563.00    0.46730   0.50067    0.000
18564.00    0.46730   0.50060    0.000
18565.00    0.46730   0.50055    0.000
18566.00    0.46730   0.50047    0.000
18567.00    0.46730   0.50042    0.000
18568.00    0.46730   0.50034    0.000
18569.00    0.46730   0.50028    0.000
18570.00    0.46730   0.50020    0.000
18571.00    0.46730   0.50014    0.000
18572.00    0.46730   0.50005    0.000
18573.00    0.46730   0.49999    0.000
18574.00    0.46730   0.49990    0.000
18575.00    0.46730   0.49982    0.000
18576.00    0.46730   0.49974    0.000
18577.00    0.46730   0.49965    0.000
18578.00    0.46730   0.49958    0.000
18579.00    0.46730   0.49948    0.000
18580.00    0.46730   0.49942    0.000
18581.00    0.46730   0.49931    0.000
18582.00    0.46730   0.49926    0.000
18583.00    0.46730   0.49915    0.000
18584.00    0.46730   0.49910    0.000
18585.00    0.46730   0.49900    0.000
18586.00    0.46730   0.49895    0.000
18587.00    0.46730   0.49886    0.000
18588.00    0.46730   0.49881    0.000
18589.00    0.46730   0.49872    0.000
18590.00    0.46730   0.49868    0.000
18591.00    0.46730   0.49860    0.000
18592.00    0.46730   0.49855    0.000
18593.00    0.46730   0.49847    0.000
18594.00    0.46730   0.49842    0.000
18595.00    0.46730   0.49835    0.000
18596.00    0.46730   0.49830    0.000
18597.00    0.46730   0.49822    0.000
18598.00    0.46730   0.49817    0.000
18599.00    0.46730   0.49809    0.000
18600.00    0.46730   0.49803    0.000
18601.00    0.46730   0.49795    0.000
18602.00    0.46730   0.49789    0.000
18603.00    0.46730   0.49780    0.000
18604.00    0.46730   0.49774    0.000
18605.00    0.46730   0.49765    0.000
18606.00    0.46730   0.49758    0.000
18607.00    0.46730   0.49749    0.000
18608.00    0.46730   0.49741    0.000
18609.00    0.46730   0.49733    0.000
18610.00    0.46730   0.49725    0.000
18611.00    0.46730   0.49717    0.000
18612.00    0.46730   0.49708    0.000
18613.00    0.46730   0.49701    0.000
18614.00    0.46730   0.49692    0.000
18615.00    0.46730   0.49686    0.000
18616.00    0.46730   0.49676    0.000
18617.00    0.46730   0.49671    0.000
18618.00    0.46730   0.49662    0.000
18619.00    0.46730   0.49657    0.000
18620.00    0.46730   0.49648    0.000
18621.00    0.46730   0.49644    0.000
18622.00    0.46730   0.49635    0.000
18623.00    0.46730   0.49630    0.000
18624.00    0.46730   0.49622    0.000
18625.00    0.46730   0.49617    0.000
18626.00    0.46730   0.49609    0.000
18627.00    0.46730   0.49604    0.000
18628.00    0.46730   0.49596    0.000
18629.00    0.46730   0.49591    0.000
18630.00    0.46730   0.49583    0.000
18631.00    0.46730   0.49577    0.000
18632.00    0.46730   0.49569    0.000
18633.00    0.46730   0.49562    0.000
18634.00    0.46730   0.49554    0.000
18635.00    0.46730   0.49547    0.000
18636.00    0.46730   0.49539    0.000
18637.00    0.46730   0.49530    0.000
18638.00    0.46730   0.49522    0.000
18639.00    0.46730   0.49512    0.000
18640.00    0.46730   0.49506    0.000
18641.00    0.46730   0.49495    0.000
18642.00    0.46730   0.49489    0.000
18643.00    0.46730   0.49479    0.000
18644.00    0.46730   0.49473    0.000
18645.00    0.46730   0.49463    0.000
18646.00    0.46730   0.49457    0.000
18647.00    0.46730   0.49448    0.000
18648.00    0.46730   0.49443    0.000
18649.00    0.46730   0.49434    0.000
18650.00    0.46730   0.49429    0.000
18651.00    0.46730   0.49421    0.000
18652.00    0.46730   0.49416    0.000
18653.00    0.46730   0.49409    0.000
18654.00    0.46730   0.49403    0.000
18655.00    0.46730   0.49396    0.000
18656.00    0.46730   0.49391    0.000
18657.00    0.46730   0.49384    0.000
18658.00    0.46730   0.49378    0.000
18659.00    0.46730   0.49371    0.000
18660.00    0.46730   0.49365    0.000
18661.00    0.46730   0.49357    0.000
18662.00    0.46730   0.49352    0.000
18663.00    0.46730   0.49343    0.000
18664.00    0.46730   0.49337    0.000
18665.00    0.46730   0.49329    0.000
18666.00    0.46730   0.49322    0.000
18667.00    0.46730   0.49313    0.000
18668.00    0.46730   0.49306    0.000
18669.00    0.46730   0.49297    0.000
18670.00    0.46730   0.49289    0.000
18671.00    0.46730   0.49281    0.000
18672.00    0.46730   0.49272    0.000
18673.00    0.46730   0.49265    0.000
18674.00    0.46730   0.49255    0.000
18675.00    0.46730   0.49249    0.000
18676.00    0.46730   0.49239    0.000
18677.00    0.46730   0.49233    0.000
18678.00    0.46730   0.49223    0.000
18679.00    0.46730   0.49218    0.000
18680.00    0.46730   0.49209    0.000
18681.00    0.46730   0.49204    0.000
18682.00    0.46730   0.49196    0.000
18683.00    0.46730   0.49191    0.000
18684.00    0.46730   0.49183    0.000
18685.00    0.46730   0.49178    0.000
18686.00    0.46730   0.49170    0.000
18687.00    0.46730   0.49165    0.000
18688.00    0.46730   0.49158    0.000
18689.00    0.46730   0.49153    0.000
18690.00    0.46730   0.49145    0.000
18691.00    0.46730   0.49140    0.000
18692.00    0.46730   0.49132    0.000
18693.00    0.46730   0.49126    0.000
18694.00    0.46730   0.49118    0.000
18695.00    0.46730   0.49112    0.000
18696.00    0.46730   0.49103    0.000
18697.00    0.46730   0.49097    0.000
18698.00    0.46730   0.49087    0.000
18699.00    0.46730   0.49081    0.000
18700.00    0.46730   0.49072    0.000
18701.00    0.46730   0.49065    0.000
18702.00    0.46730   0.49056    0.000
18703.00    0.46730   0.49048    0.000
18704.00    0.46730   0.49040    0.000
18705.00    0.46730   0.49031    0.000
18706.00    0.46730   0.49024    0.000
18707.00    0.46730   0.49015    0.000
18708.00    0.46730   0.49009    0.000
18709.00    0.46730   0.49000    0.000
18710.00    0.46730   0.48994    0.000
18711.00    0.46730   0.48985    0.000
18712.00    0.46730   0.48980    0.000
18713.00    0.46730   0.48971    0.000
18714.00    0.46730   0.48967    0.000
18715.00    0.46730   0.48958    0.000
18716.00    0.46730   0.48953    0.000
18717.00    0.46730   0.48945    0.000
18718.00    0.46730   0.48940    0.000
18719.00    0.46730   0.48932    0.000
18720.00    0.46730   0.48927    0.000
18721.00    0.46730   0.48919    0.000
18722.00    0.46730   0.48913    0.000
18723.00    0.46730   0.48906    0.000
18724.00    0.46730   0.48899    0.000
18725.00    0.46730   0.48891    0.000
18726.00    0.46730   0.48884    0.000
18727.00    0.46730   0.48876    0.000
18728.00    0.46730   0.48869    0.000
18729.00    0.46730   0.48860    0.000
18730.00    0.46730   0.48853    0.000
18731.00    0.46730   0.48844    0.000
18732.00    0.46730   0.48837    0.000
18733.00    0.46730   0.48828    0.000
18734.00    0.46730   0.48821    0.000
18735.00    0.46730   0.48812    0.000
18736.00    0.46730   0.48805    0.000
18737.00    0.46730   0.48797    0.000
18738.00    0.46730   0.48790    0.000
18739.00    0.46730   0.48782    0.000
18740.00    0.46730   0.48775    0.000
18741.00    0.46730   0.48768    0.000
18742.00    0.46730   0.48761    0.000
18743.00    0.46730   0.48755    0.000
18744.00    0.46730   0.48747    0.000
18745.00    0.46730   0.48742    0.000
18746.00    0.46730   0.48733    0.000
18747.00    0.46730   0.48729    0.000
18748.00    0.46730   0.48720    0.000
18749.00    0.46730   0.48715    0.000
18750.00    0.46730   0.48707    0.000
18751.00    0.46730   0.48702    0.000
18752.00    0.46730   0.48693    0.000
18753.00    0.46730   0.48688    0.000
18754.00    0.46730   0.48680    0.000
18755.00    0.46730   0.48673    0.000
18756.00    0.46730   0.48665    0.000
18757.00    0.46730   0.48658    0.000
18758.00    0.46730   0.48650    0.000
18759.00    0.46730   0.48643    0.000
18760.00    0.46730   0.48634    0.000
18761.00    0.46730   0.48626    0.000
18762.00    0.46730   0.48618    0.000
18763.00    0.46730   0.48609    0.000
18764.00    0.46730   0.48602    0.000
18765.00    0.46730   0.48592    0.000
18766.00    0.46730   0.48585    0.000
18767.00    0.46730   0.48576    0.000
18768.00    0.46730   0.48569    0.000
18769.00    0.46730   0.48560    0.000
18770.00    0.46730   0.48554    0.000
18771.00    0.46730   0.48545    0.000
18772.00    0.46730   0.48540    0.000
18773.00    0.46730   0.48531    0.000
18774.00    0.46730   0.48526    0.000
18775.00    0.46730   0.48518    0.000
18776.00    0.46730   0.48513    0.000
18777.00    0.46730   0.48505    0.000
18778.00    0.46730   0.48500    0.000
18779.00    0.46730   0.48493    0.000
18780.00    0.46730   0.48487    0.000
18781.00    0.46730   0.48480    0.000
18782.00    0.46730   0.48475    0.000
18783.00    0.46730   0.48467    0.000
18784.00    0.46730   0.48461    0.000
18785.00    0.46730   0.48454    0.000
18786.00    0.46730   0.48447    0.000
18787.00    0.46730   0.48439    0.000
18788.00    0.46730   0.48432    0.000
18789.00    0.46730   0.48424    0.000
18790.00    0.46730   0.48417    0.000
18791.00    0.46730   0.48408    0.000
18792.00    0.46730   0.48401    0.000
18793.00    0.46730   0.48392    0.000
18794.00    0.46730   0.48384    0.000
18795.00    0.46730   0.48376    0.000
18796.00    0.46730   0.48368    0.000
18797.00    0.46730   0.48360    0.000
18798.00    0.46730   0.48352    0.000
18799.00    0.46730   0.48344    0.000
18800.00    0.46730   0.48336    0.000
18801.00    0.46730   0.48330    0.000
18802.00    0.46730   0.48321    0.000
18803.00    0.46730   0.48315    0.000
18804.00    0.46730   0.48307    0.000
18805.00    0.46730   0.48302    0.000
18806.00    0.46730   0.48293    0.000
18807.00    0.46730   0.48288    0.000
18808.00    0.46730   0.48280    0.000
18809.00    0.46730   0.48275    0.000
18810.00    0.46730   0.48267    0.000
18811.00    0.46730   0.48262    0.000
18812.00    0.46730   0.48254    0.000
18813.00    0.46730   0.48249    0.000
18814.00    0.46730   0.48241    0.000
18815.00    0.46730   0.48235    0.000
18816.00    0.46730   0.48228    0.000
18817.00    0.46730   0.48221    0.000
18818.00    0.46730   0.48214    0.000
18819.00    0.46730   0.48207    0.000
18820.00    0.46730   0.48198    0.000
18821.00    0.46730   0.48191    0.000
18822.00    0.46730   0.48183    0.000
18823.00    0.46730   0.48175    0.000
18824.00    0.46730   0.48166    0.000
18825.00    0.46730   0.48159    0.000
18826.00    0.46730   0.48150    0.000
18827.00    0.46730   0.48143    0.000
18828.00    0.46730   0.48134    0.000
18829.00    0.46730   0.48127    0.000
18830.00    0.46730   0.48119    0.000
18831.00    0.46730   0.48112    0.000
18832.00    0.46730   0.48104    0.000
18833.00    0.46730   0.48097    0.000
18834.00    0.46730   0.48090    0.000
18835.00    0.46730   0.48083    0.000
18836.00    0.46730   0.48077    0.000
18837.00    0.46730   0.48069    0.000
18838.00    0.46730   0.48064    0.000
18839.00    0.46730   0.48056    0.000
18840.00    0.46730   0.48051    0.000
18841.00    0.46730   0.48042    0.000
18842.00    0.46730   0.48037    0.000
18843.00    0.46730   0.48029    0.000
18844.00    0.46730   0.48024    0.000
18845.00    0.46730   0.48016    0.000
18846.00    0.46730   0.48010    0.000
18847.00    0.46730   0.48002    0.000
18848.00    0.46730   0.47996    0.000
18849.00    0.46730   0.47987    0.000
18850.00    0.46730   0.47981    0.000
18851.00    0.46730   0.47972    0.000
18852.00    0.46730   0.47965    0.000
18853.00    0.46730   0.47956    0.000
18854.00    0.46730   0.47949    0.000
18855.00    0.46730   0.47940    0.000
18856.00    0.46730   0.47933    0.000
18857.00    0.46730   0.47924    0.000
18858.00    0.46730   0.47917    0.000
18859.00    0.46730   0.47908    0.000
18860.00    0.46730   0.47901    0.000
18861.00    0.46730   0.47893    0.000
18862.00    0.46730   0.47887    0.000
18863.00    0.46730   0.47878    0.000
18864.00    0.46730   0.47872    0.000
18865.00    0.46730   0.47865    0.000
18866.00    0.46730   0.47859    0.000
18867.00    0.46730   0.47851    0.000
18868.00    0.46730   0.47845    0.000
18869.00    0.46730   0.47838    0.000
18870.00    0.46730   0.47832    0.000
18871.00    0.46730   0.47826    0.000
18872.00    0.46730   0.47818    0.000
18873.00    0.46730   0.47812    0.000
18874.00    0.46730   0.47805    0.000
18875.00    0.46730   0.47799    0.000
18876.00    0.46730   0.47791    0.000
18877.00    0.46730   0.47785    0.000
18878.00    0.46730   0.47776    0.000
18879.00    0.46730   0.47770    0.000
18880.00    0.46730   0.47762    0.000
18881.00    0.46730   0.47755    0.000
18882.00    0.46730   0.47746    0.000
18883.00    0.46730   0.47739    0.000
18884.00    0.46730   0.47730    0.000
18885.00    0.46730   0.47723    0.000
18886.00    0.46730   0.47714    0.000
18887.00    0.46730   0.47707    0.000
18888.00    0.46730   0.47698    0.000
18889.00    0.46730   0.47691    0.000
18890.00    0.46730   0.47682    0.000
18891.00    0.46730   0.47675    0.000
18892.00    0.46730   0.47667    0.000
18893.00    0.46730   0.47661    0.000
18894.00    0.46730   0.47652    0.000
18895.00    0.46730   0.47646    0.000
18896.00    0.46730   0.47638    0.000
18897.00    0.46730   0.47633    0.000
18898.00    0.46730   0.47625    0.000
18899.00    0.46730   0.47620    0.000
18900.00    0.46730   0.47613    0.000
18901.00    0.46730   0.47607    0.000
18902.00    0.46730   0.47600    0.000
18903.00    0.46730   0.47594    0.000
18904.00    0.46730   0.47587    0.000
18905.00    0.46730   0.47580    0.000
18906.00    0.46730   0.47574    0.000
18907.00    0.46730   0.47565    0.000
18908.00    0.46730   0.47560    0.000
18909.00    0.46730   0.47550    0.000
18910.00    0.46730   0.47545    0.000
18911.00    0.46730   0.47535    0.000
18912.00    0.46730   0.47529    0.000
18913.00    0.46730   0.47519    0.000
18914.00    0.46730   0.47513    0.000
18915.00    0.46730   0.47502    0.000
18916.00    0.46730   0.47496    0.000
18917.00    0.46730   0.47486    0.000
18918.00    0.46730   0.47479    0.000
18919.00    0.46730   0.47470    0.000
18920.00    0.46730   0.47463    0.000
18921.00    0.46730   0.47454    0.000
18922.00    0.46730   0.47448    0.000
18923.00    0.46730   0.47439    0.000
18924.00    0.46730   0.47433    0.000
18925.00    0.46730   0.47425    0.000
18926.00    0.46730   0.47418    0.000
18927.00    0.46730   0.47411    0.000
18928.00    0.46730   0.47404    0.000
18929.00    0.46730   0.47398    0.000
18930.00    0.46730   0.47391    0.000
18931.00    0.46730   0.47385    0.000
18932.00    0.46730   0.47377    0.000
18933.00    0.46730   0.47372    0.000
18934.00    0.46730   0.47364    0.000
18935.00    0.46730   0.47359    0.000
18936.00    0.46730   0.47350    0.000
18937.00    0.46730   0.47345    0.000
18938.00    0.46730   0.47336    0.000
18939.00    0.46730   0.47331    0.000
18940.00    0.46730   0.47322    0.000
18941.00    0.46730   0.47317    0.000
18942.00    0.46730   0.47307    0.000
18943.00    0.46730   0.47301    0.000
18944.00    0.46730   0.47291    0.000
18945.00    0.46730   0.47286    0.000
18946.00    0.46730   0.47275    0.000
18947.00    0.46730   0.47269    0.000
18948.00    0.46730   0.47259    0.000
18949.00    0.46730   0.47253    0.000
18950.00    0.46730   0.47243    0.000
18951.00    0.46730   0.47237    0.000
18952.00    0.46730   0.47228    0.000
18953.00    0.46730   0.47222    0.000
18954.00    0.46730   0.47213    0.000
18955.00    0.46730   0.47207    0.000
18956.00    0.46730   0.47199    0.000
18957.00    0.46730   0.47193    0.000
18958.00    0.46730   0.47185    0.000
18959.00    0.46730   0.47180    0.000
18960.00    0.46730   0.47172    0.000
18961.00    0.46730   0.47166    0.000
18962.00    0.46730   0.47159    0.000
18963.00    0.46730   0.47153    0.000
18964.00    0.46730   0.47147    0.000
18965.00    0.46730   0.47139    0.000
18966.00    0.46730   0.47133    0.000
18967.00    0.46730   0.47125    0.000
18968.00    0.46730   0.47120    0.000
18969.00    0.46730   0.47111    0.000
18970.00    0.46730   0.47106    0.000
18971.00    0.46730   0.47096    0.000
18972.00    0.46730   0.47091    0.000
18973.00    0.46730   0.47081    0.000
18974.00    0.46730   0.47075    0.000
18975.00    0.46730   0.47065    0.000
18976.00    0.46730   0.47059    0.000
18977.00    0.46730   0.47049    0.000
18978.00    0.46730   0.47043    0.000
18979.00    0.46730   0.47033    0.000
18980.00    0.46730   0.47027    0.000
18981.00    0.46730   0.47017    0.000
18982.00    0.46730   0.47011    0.000
18983.00    0.46730   0.47001    0.000
18984.00    0.46730   0.46996    0.000
18985.00    0.46730   0.46986    0.000
18986.00    0.46730   0.46981    0.000
18987.00    0.46730   0.46972    0.000
18988.00    0.46730   0.46967    0.000
18989.00    0.46730   0.46959    0.000
18990.00    0.46730   0.46954    0.000
18991.00    0.46730   0.46946    0.000
18992.00    0.46730   0.46941    0.000
18993.00    0.46730   0.46933    0.000
18994.00    0.46730   0.46928    0.000
18995.00    0.46730   0.46921    0.000
18996.00    0.46730   0.46915    0.000
18997.00    0.46730   0.46908    0.000
18998.00    0.46730   0.46901    0.000
18999.00    0.46730   0.46895    0.000
19000.00    0.46730   0.46887    0.000
19001.00    0.46730   0.46880    0.000
19002.00    0.46730   0.46872    0.000
19003.00    0.46730   0.46866    0.000
19004.00    0.46730   0.46856    0.000
19005.00    0.46730   0.46850    0.000
19006.00    0.46730   0.46840    0.000
19007.00    0.46730   0.46834    0.000
19008.00    0.46730   0.46823    0.000
19009.00    0.46730   0.46817    0.000
19010.00    0.46730   0.46807    0.000
19011.00    0.46730   0.46801    0.000
19012.00    0.46730   0.46791    0.000
19013.00    0.46730   0.46785    0.000
19014.00    0.46730   0.46775    0.000
19015.00    0.46730   0.46770    0.000
19016.00    0.46730   0.46760    0.000
19017.00    0.46730   0.46755    0.000
19018.00    0.46730   0.46746    0.000
19019.00    0.46730   0.46741    0.000
19020.00    0.46730   0.46733    0.000
19021.00    0.46730   0.46728    0.000
19022.00    0.46730   0.46720    0.000
19023.00    0.46730   0.46715    0.000
19024.00    0.46730   0.46707    0.000
19025.00    0.46730   0.46702    0.000
19026.00    0.46730   0.46695    0.000
19027.00    0.46730   0.46690    0.000
19028.00    0.46730   0.46682    0.000
19029.00    0.46730   0.46676    0.000
19030.00    0.46730   0.46669    0.000
19031.00    0.46730   0.46662    0.000
19032.00    0.46730   0.46655    0.000
19033.00    0.46730   0.46647    0.000
19034.00    0.46730   0.46640    0.000
19035.00    0.46730   0.46632    0.000
19036.00    0.46730   0.46625    0.000
19037.00    0.46730   0.46615    0.000
19038.00    0.46730   0.46609    0.000
19039.00    0.46730   0.46598    0.000
19040.00    0.46730   0.46592    0.000
19041.00    0.46730   0.46581    0.000
19042.00    0.46730   0.46575    0.000
19043.00    0.46730   0.46565    0.000
19044.00    0.46730   0.46559    0.000
19045.00    0.46730   0.46549    0.000
19046.00    0.46730   0.46543    0.000
19047.00    0.46730   0.46534    0.000
19048.00    0.46730   0.46529    0.000
19049.00    0.46730   0.46520    0.000
19050.00    0.46730   0.46515    0.000
19051.00    0.46730   0.46506    0.000
19052.00    0.46730   0.46502    0.000
19053.00    0.46730   0.46493    0.000
19054.00    0.46730   0.46489    0.000
19055.00    0.46730   0.46481    0.000
19056.00    0.46730   0.46476    0.000
19057.00    0.46730   0.46468    0.000
19058.00    0.46730   0.46463    0.000
19059.00    0.46730   0.46455    0.000
19060.00    0.46730   0.46450    0.000
19061.00    0.46730   0.46442    0.000
19062.00    0.46730   0.46437    0.000
19063.00    0.46730   0.46429    0.000
19064.00    0.46730   0.46423    0.000
19065.00    0.46730   0.46414    0.000
19066.00    0.46730   0.46407    0.000
19067.00    0.46730   0.46399    0.000
19068.00    0.46730   0.46391    0.000
19069.00    0.46730   0.46383    0.000
19070.00    0.46730   0.46374    0.000
19071.00    0.46730   0.46366    0.000
19072.00    0.46730   0.46357    0.000
19073.00    0.46730   0.46350    0.000
19074.00    0.46730   0.46340    0.000
19075.00    0.46730   0.46333    0.000
19076.00    0.46730   0.46323    0.000
19077.00    0.46730   0.46317    0.000
19078.00    0.46730   0.46308    0.000
19079.00    0.46730   0.46302    0.000
19080.00    0.46730   0.46293    0.000
19081.00    0.46730   0.46288    0.000
19082.00    0.46730   0.46280    0.000
19083.00    0.46730   0.46275    0.000
19084.00    0.46730   0.46267    0.000
19085.00    0.46730   0.46262    0.000
19086.00    0.46730   0.46254    0.000
19087.00    0.46730   0.46249    0.000
19088.00    0.46730   0.46241    0.000
19089.00    0.46730   0.46236    0.000
19090.00    0.46730   0.46228    0.000
19091.00    0.46730   0.46222    0.000
19092.00    0.46730   0.46215    0.000
19093.00    0.46730   0.46207    0.000
19094.00    0.46730   0.46201    0.000
19095.00    0.46730   0.46192    0.000
19096.00    0.46730   0.46186    0.000
19097.00    0.46730   0.46176    0.000
19098.00    0.46730   0.46171    0.000
19099.00    0.46730   0.46160    0.000
19100.00    0.46730   0.46154    0.000
19101.00    0.46730   0.46143    0.000
19102.00    0.46730   0.46138    0.000
19103.00    0.46730   0.46127    0.000
19104.00    0.46730   0.46121    0.000
19105.00    0.46730   0.46111    0.000
19106.00    0.46730   0.46105    0.000
19107.00    0.46730   0.46095    0.000
19108.00    0.46730   0.46090    0.000
19109.00    0.46730   0.46080    0.000
19110.00    0.46730   0.46076    0.000
19111.00    0.46730   0.46066    0.000
19112.00    0.46730   0.46062    0.000
19113.00    0.46730   0.46053    0.000
19114.00    0.46730   0.46048    0.000
19115.00    0.46730   0.46040    0.000
19116.00    0.46730   0.46035    0.000
19117.00    0.46730   0.46027    0.000
19118.00    0.46730   0.46023    0.000
19119.00    0.46730   0.46014    0.000
19120.00    0.46730   0.46010    0.000
19121.00    0.46730   0.46001    0.000
19122.00    0.46730   0.45997    0.000
19123.00    0.46730   0.45988    0.000
19124.00    0.46730   0.45982    0.000
19125.00    0.46730   0.45974    0.000
19126.00    0.46730   0.45967    0.000
19127.00    0.46730   0.45958    0.000
19128.00    0.46730   0.45951    0.000
19129.00    0.46730   0.45943    0.000
19130.00    0.46730   0.45934    0.000
19131.00    0.46730   0.45926    0.000
19132.00    0.46730   0.45917    0.000
19133.00    0.46730   0.45909    0.000
19134.00    0.46730   0.45900    0.000
19135.00    0.46730   0.45893    0.000
19136.00    0.46730   0.45884    0.000
19137.00    0.46730   0.45877    0.000
19138.00    0.46730   0.45868    0.000
19139.00    0.46730   0.45862    0.000
19140.00    0.46730   0.45853    0.000
19141.00    0.46730   0.45848    0.000
19142.00    0.46730   0.45839    0.000
19143.00    0.46730   0.45835    0.000
19144.00    0.46730   0.45826    0.000
19145.00    0.46730   0.45822    0.000
19146.00    0.46730   0.45813    0.000
19147.00    0.46730   0.45809    0.000
19148.00    0.46730   0.45800    0.000
19149.00    0.46730   0.45796    0.000
19150.00    0.46730   0.45788    0.000
19151.00    0.46730   0.45784    0.000
19152.00    0.46730   0.45775    0.000
19153.00    0.46730   0.45771    0.000
19154.00    0.46730   0.45761    0.000
19155.00    0.46730   0.45757    0.000
19156.00    0.46730   0.45747    0.000
19157.00    0.46730   0.45742    0.000
19158.00    0.46730   0.45732    0.000
19159.00    0.46730   0.45727    0.000
19160.00    0.46730   0.45716    0.000
19161.00    0.46730   0.45710    0.000
19162.00    0.46730   0.45700    0.000
19163.00    0.46730   0.45693    0.000
19164.00    0.46730   0.45683    0.000
19165.00    0.46730   0.45676    0.000
19166.00    0.46730   0.45667    0.000
19167.00    0.46730   0.45659    0.000
19168.00    0.46730   0.45651    0.000
19169.00    0.46730   0.45642    0.000
19170.00    0.46730   0.45636    0.000
19171.00    0.46730   0.45627    0.000
19172.00    0.46730   0.45621    0.000
19173.00    0.46730   0.45613    0.000
19174.00    0.46730   0.45608    0.000
19175.00    0.46730   0.45599    0.000
19176.00    0.46730   0.45595    0.000
19177.00    0.46730   0.45586    0.000
19178.00    0.46730   0.45582    0.000
19179.00    0.46730   0.45574    0.000
19180.00    0.46730   0.45570    0.000
19181.00    0.46730   0.45561    0.000
19182.00    0.46730   0.45557    0.000
19183.00    0.46730   0.45548    0.000
19184.00    0.46730   0.45544    0.000
19185.00    0.46730   0.45535    0.000
19186.00    0.46730   0.45530    0.000
19187.00    0.46730   0.45520    0.000
19188.00    0.46730   0.45516    0.000
19189.00    0.46730   0.45506    0.000
19190.00    0.46730   0.45501    0.000
19191.00    0.46730   0.45490    0.000
19192.00    0.46730   0.45485    0.000
19193.00    0.46730   0.45474    0.000
19194.00    0.46730   0.45468    0.000
19195.00    0.46730   0.45457    0.000
19196.00    0.46730   0.45451    0.000
19197.00    0.46730   0.45441    0.000
19198.00    0.46730   0.45434    0.000
19199.00    0.46730   0.45425    0.000
19200.00    0.46730   0.45418    0.000
19201.00    0.46730   0.45410    0.000
19202.00    0.46730   0.45402    0.000
19203.00    0.46730   0.45395    0.000
19204.00    0.46730   0.45387    0.000
19205.00    0.46730   0.45382    0.000
19206.00    0.46730   0.45373    0.000
19207.00    0.46730   0.45368    0.000
19208.00    0.46730   0.45360    0.000
19209.00    0.46730   0.45355    0.000
19210.00    0.46730   0.45347    0.000
19211.00    0.46730   0.45343    0.000
19212.00    0.46730   0.45334    0.000
19213.00    0.46730   0.45330    0.000
19214.00    0.46730   0.45321    0.000
19215.00    0.46730   0.45316    0.000
19216.00    0.46730   0.45307    0.000
19217.00    0.46730   0.45302    0.000
19218.00    0.46730   0.45293    0.000
19219.00    0.46730   0.45287    0.000
19220.00    0.46730   0.45278    0.000
19221.00    0.46730   0.45271    0.000
19222.00    0.46730   0.45262    0.000
19223.00    0.46730   0.45254    0.000
19224.00    0.46730   0.45246    0.000
19225.00    0.46730   0.45237    0.000
19226.00    0.46730   0.45229    0.000
19227.00    0.46730   0.45220    0.000
19228.00    0.46730   0.45213    0.000
19229.00    0.46730   0.45203    0.000
19230.00    0.46730   0.45197    0.000
19231.00    0.46730   0.45188    0.000
19232.00    0.46730   0.45182    0.000
19233.00    0.46730   0.45173    0.000
19234.00    0.46730   0.45168    0.000
19235.00    0.46730   0.45159    0.000
19236.00    0.46730   0.45154    0.000
19237.00    0.46730   0.45146    0.000
19238.00    0.46730   0.45142    0.000
19239.00    0.46730   0.45133    0.000
19240.00    0.46730   0.45129    0.000
19241.00    0.46730   0.45120    0.000
19242.00    0.46730   0.45116    0.000
19243.00    0.46730   0.45107    0.000
19244.00    0.46730   0.45103    0.000
19245.00    0.46730   0.45094    0.000
19246.00    0.46730   0.45090    0.000
19247.00    0.46730   0.45081    0.000
19248.00    0.46730   0.45077    0.000
19249.00    0.46730   0.45067    0.000
19250.00    0.46730   0.45062    0.000
19251.00    0.46730   0.45052    0.000
19252.00    0.46730   0.45046    0.000
19253.00    0.46730   0.45036    0.000
19254.00    0.46730   0.45030    0.000
19255.00    0.46730   0.45019    0.000
19256.00    0.46730   0.45013    0.000
19257.00    0.46730   0.45003    0.000
19258.00    0.46730   0.44995    0.000
19259.00    0.46730   0.44986    0.000
19260.00    0.46730   0.44978    0.000
19261.00    0.46730   0.44971    0.000
19262.00    0.46730   0.44962    0.000
19263.00    0.46730   0.44955    0.000
19264.00    0.46730   0.44947    0.000
19265.00    0.46730   0.44941    0.000
19266.00    0.46730   0.44932    0.000
19267.00    0.46730   0.44927    0.000
19268.00    0.46730   0.44919    0.000
19269.00    0.46730   0.44914    0.000
19270.00    0.46730   0.44906    0.000
19271.00    0.46730   0.44902    0.000
19272.00    0.46730   0.44893    0.000
19273.00    0.46730   0.44889    0.000
19274.00    0.46730   0.44880    0.000
19275.00    0.46730   0.44876    0.000
19276.00    0.46730   0.44867    0.000
19277.00    0.46730   0.44863    0.000
19278.00    0.46730   0.44854    0.000
19279.00    0.46730   0.44850    0.000
19280.00    0.46730   0.44840    0.000
19281.00    0.46730   0.44835    0.000
19282.00    0.46730   0.44825    0.000
19283.00    0.46730   0.44820    0.000
19284.00    0.46730   0.44809    0.000
19285.00    0.47156   0.44804    0.000
19286.00    0.47215   0.44793    0.000
19287.00    0.47128   0.44788    0.000
19288.00    0.47042   0.44777    0.000
19289.00    0.46797   0.44771    0.000
19290.00    0.46597   0.44760    0.000
19291.00    0.46411   0.44754    0.000
19292.00    0.47432   0.44744    0.000
19293.00    0.48546   0.44737    0.000
19294.00    0.49703   0.44729    0.000
19295.00    0.49221   0.44722    0.000
19296.00    0.48738   0.44715    0.000
19297.00    0.48479   0.44707    0.000
19298.00    0.49739   0.44701    0.000
19299.00    0.50999   0.44692    0.000
19300.00    0.51238   0.44688    0.000
19301.00    0.49832   0.44679    0.000
19302.00    0.48425   0.44675    0.000
19303.00    0.47687   0.44666    0.000
19304.00    0.47324   0.44662    0.000
19305.00    0.46961   0.44653    0.000
19306.00    0.46062   0.44649    0.000
19307.00    0.44998   0.44640    0.000
19308.00    0.43935   0.44636    0.000
19309.00    0.44398   0.44626    0.000
19310.00    0.45061   0.44621    0.000
19311.00    0.45583   0.44612    0.000
19312.00    0.44614   0.44607    0.000
19313.00    0.43614   0.44597    0.000
19314.00    0.42754   0.44591    0.000
19315.00    0.42671   0.44581    0.000
19316.00    0.42589   0.44575    0.000
19317.00    0.42947   0.44565    0.000
19318.00    0.43841   0.44559    0.000
19319.00    0.44734   0.44549    0.000
19320.00    0.45294   0.44542    0.000
19321.00    0.45515   0.44533    0.000
19322.00    0.45736   0.44526    0.000
19323.00    0.45853   0.44517    0.000
19324.00    0.46045   0.44511    0.000
19325.00    0.46237   0.44502    0.000
19326.00    0.46651   0.44495    0.000
19327.00    0.47198   0.44488    0.000
19328.00    0.47815   0.44481    0.000
19329.00    0.48446   0.44474    0.000
19330.00    0.49019   0.44467    0.000
19331.00    0.49601   0.44461    0.000
19332.00    0.49743   0.44453    0.000
19333.00    0.49885   0.44448    0.000
19334.00    0.49557   0.44440    0.000
19335.00    0.48405   0.44435    0.000
19336.00    0.47253   0.44427    0.000
19337.00    0.46543   0.44422    0.000
19338.00    0.46358   0.44413    0.000
19339.00    0.46173   0.44409    0.000
19340.00    0.46377   0.44400    0.000
19341.00    0.46841   0.44395    0.000
19342.00    0.47305   0.44385    0.000
19343.00    0.47154   0.44380    0.000
19344.00    0.46912   0.44370    0.000
19345.00    0.46726   0.44364    0.000
19346.00    0.47043   0.44354    0.000
19347.00    0.47312   0.44348    0.000
19348.00    0.47466   0.44338    0.000
19349.00    0.47338   0.44332    0.000
19350.00    0.47209   0.44322    0.000
19351.00    0.47063   0.44316    0.000
19352.00    0.46831   0.44306    0.000
19353.00    0.46600   0.44300    0.000
19354.00    0.46409   0.44291    0.000
19355.00    0.46417   0.44285    0.000
19356.00    0.46424   0.44276    0.000
19357.00    0.46804   0.44271    0.000
19358.00    0.47267   0.44262    0.000
19359.00    0.47730   0.44256    0.000
19360.00    0.47654   0.44248    0.000
19361.00    0.47473   0.44242    0.000
19362.00    0.47293   0.44235    0.000
19363.00    0.47630   0.44229    0.000
19364.00    0.48070   0.44222    0.000
19365.00    0.48498   0.44215    0.000
19366.00    0.47762   0.44209    0.000
19367.00    0.47007   0.44201    0.000
19368.00    0.46445   0.44195   95.569
19369.00    0.46708   0.44187   95.126
19370.00    0.46972   0.44182   94.685
19371.00    0.47182   0.44173   92.651
19372.00    0.47289   0.44167   88.181
19373.00    0.47397   0.44158   84.112
19374.00    0.47658   0.44152   71.883
19375.00    0.48308   0.44143   57.862
19376.00    0.48958   0.44137   48.386
19377.00    0.49567   0.44127   44.257
19378.00    0.49858   0.44120   42.047
19379.00    0.50149   0.44111   40.046
19380.00    0.50005   0.44104   41.805
19381.00    0.49863   0.44094   44.490
19382.00    0.49675   0.44087   47.724
19383.00    0.48489   0.44078   56.475
19384.00    0.47254   0.44070   69.519
19385.00    0.46008   0.44062   87.652
19386.00    0.45068   0.44054   97.756
19387.00    0.44129   0.44048  110.492
19388.00    0.43745   0.44039  121.236
19389.00    0.44349   0.44034  122.739
19390.00    0.44953   0.44025  124.275
19391.00    0.45050   0.44021  125.819
19392.00    0.44586   0.44012  127.415
19393.00    0.44122   0.44009  129.045
19394.00    0.43861   0.44001  129.110
19395.00    0.43834   0.43998  128.199
19396.00    0.43807   0.43992  127.300
19397.00    0.44059   0.43990  129.427
19398.00    0.44272   0.43985  132.419
19399.00    0.44429   0.43985  135.527
19400.00    0.44404   0.43984  135.785
19401.00    0.44411   0.43987  135.692
19402.00    0.44548   0.43991  135.180
19403.00    0.44626   0.44000  134.318
19404.00    0.44705   0.44013  133.464
19405.00    0.44675   0.44030  132.707
19406.00    0.44686   0.44055  131.460
19407.00    0.44697   0.44085  130.225
19408.00    0.44944   0.44125  121.409
19409.00    0.45364   0.44172  106.339
19410.00    0.45785   0.44228   94.529
19411.00    0.45482   0.44294   85.208
19412.00    0.44762   0.44366   77.757
19413.00    0.44041   0.44446   71.501
19414.00    0.44665   0.44528   69.599
19415.00    0.45728   0.44616   68.894
19416.00    0.46787   0.44699   68.372
19417.00    0.46452   0.44782   76.248
19418.00    0.45876   0.44852   87.679
19419.00    0.45111   0.44915  102.589
19420.00    0.44186   0.44959  112.802
19421.00    0.43261   0.44988  125.268
19422.00    0.42787   0.44996   -1.000
19423.00    0.43223   0.44981  140.120
19424.00    0.43659   0.44947  143.295
19425.00    0.43675   0.44887  146.090
19426.00    0.43225   0.44812  147.670
19427.00    0.42775   0.44712   -1.000
19428.00    0.42868   0.44604  142.866
19429.00    0.43447   0.44475  131.651
19430.00    0.44026   0.44346  121.989
19431.00    0.44061   0.44201  106.475
19432.00    0.43803   0.44062   92.623
19433.00    0.43543   0.43912   81.897
19434.00    0.44058   0.43773   70.463
19435.00    0.44763   0.43626   61.481
19436.00    0.45476   0.43489   54.814
19437.00    0.45184   0.43347   54.545
19438.00    0.44854   0.43211   54.430
19439.00    0.44647   0.43070   55.586
19440.00    0.44751   0.42932   62.260
19441.00    0.44856   0.42787   70.751
19442.00    0.44766   0.42642   81.249
19443.00    0.44484   0.42491   93.661
19444.00    0.44203   0.42338  110.539
19445.00    0.43949   0.42182  124.888
19446.00    0.43662   0.42027  133.740
19447.00    0.43375   0.41873  143.898
19448.00    0.43099   0.41727  146.981
19449.00    0.42941   0.41590  146.190
19450.00    0.42783   0.41472  145.402
19451.00    0.42917   0.41370  144.899
19452.00    0.42992   0.41299  144.709
19453.00    0.43002   0.41251  144.841
19454.00    0.42690   0.41244  147.730
19455.00    0.42381   0.41264  150.824
19456.00    0.42144   0.41331  153.678
19457.00    0.42202   0.41423  155.032
19458.00    0.42260   0.41563  156.410
19459.00    0.42341   0.41722  158.491
19460.00    0.42339   0.41921  162.419
19461.00    0.42337   0.42127  166.530
19462.00    0.42145   0.42362  169.099
19463.00    0.41898   0.42588  169.123
19464.00    0.41650   0.42830  169.111
19465.00    0.42017   0.43048  157.072
19466.00    0.42625   0.43267  141.436
19467.00    0.43234   0.43452  128.542
19468.00    0.43461   0.43629  116.877
19469.00    0.43645   0.43764  107.065
19470.00    0.43819   0.43887   98.934
19471.00    0.44145   0.43969   95.681
19472.00    0.44501   0.44038   92.990
19473.00    0.44830   0.44071   91.132
19474.00    0.44504   0.44098   95.749
19475.00    0.44178   0.44094  100.837
19476.00    0.43921   0.44093  107.420
19477.00    0.43814   0.44069  117.616
19478.00    0.43706   0.44054  129.888
19479.00    0.43826   0.44025  137.045
19480.00    0.44233   0.44009  134.544
19481.00    0.44641   0.43986  132.107
19482.00    0.44558   0.43978  118.599
19483.00    0.44252   0.43968  102.270
19484.00    0.43947   0.43970   89.848
19485.00    0.44160   0.43973   83.658
19486.00    0.44446   0.43984   79.446
19487.00    0.44716   0.43998   75.830
19488.00    0.44630   0.44012   79.324
19489.00    0.44511   0.44031   84.282
19490.00    0.44336   0.44041   90.200
19491.00    0.43997   0.44057   99.954
19492.00    0.43658   0.44055  112.074
19493.00    0.43407   0.44058  124.901
19494.00    0.43370   0.44037  131.089
19495.00    0.43333   0.44018  137.921
19496.00    0.43329   0.43971  143.848
19497.00    0.43280   0.43924  148.015
19498.00    0.43231   0.43846  152.423
19499.00    0.43024   0.43767  147.900
19500.00    0.42821   0.43659  136.939
19501.00    0.42618   0.43552  127.409
19502.00    0.42675   0.43422  101.321
19503.00    0.42899   0.43296   80.235
19504.00    0.43150   0.43158   66.457
19505.00    0.43528   0.43032   60.620
19506.00    0.43787   0.42907   56.410
19507.00    0.44033   0.42803   53.217
19508.00    0.43990   0.42713   56.444
19509.00    0.43934   0.42654   60.381
19510.00    0.43777   0.42617   65.781
19511.00    0.43586   0.42618   76.715
19512.00    0.43396   0.42644   91.997
19513.00    0.43189   0.42708  110.182
19514.00    0.42896   0.42793  125.654
19515.00    0.42603   0.42911  146.157
19516.00    0.42579   0.43041  161.143
19517.00    0.42834   0.43192  166.739
19518.00    0.43088   0.43343  172.728
19519.00    0.43424   0.43503  177.203
19520.00    0.43761   0.43650  181.098
19521.00    0.44096   0.43794    0.000
19522.00    0.44147   0.43916    0.000
19523.00    0.44173   0.44028    0.000
19524.00    0.44202   0.44114    0.000
19525.00    0.44268   0.44187    0.000
19526.00    0.44335   0.44235    0.000
19527.00    0.44391   0.44272    0.000
19528.00    0.44543   0.44288    0.000
19529.00    0.44694   0.44297    0.000
19530.00    0.44871   0.44293    0.000
19531.00    0.45114   0.44285    0.000
19532.00    0.45357   0.44273    0.000
19533.00    0.45565   0.44258    0.000
19534.00    0.45577   0.44244    0.000
19535.00    0.45589   0.44231    0.000
19536.00    0.45491   0.44220    0.000
19537.00    0.45402   0.44209    0.000
19538.00    0.45313   0.44201    0.000
19539.00    0.45204   0.44194    0.000
19540.00    0.45061   0.44186    0.000
19541.00    0.44914   0.44180    0.000
19542.00    0.44813   0.44170    0.000
19543.00    0.44725   0.44162    0.000
19544.00    0.44643   0.44147    0.000
19545.00    0.44847   0.44136    0.000
19546.00    0.45051   0.44115    0.000
19547.00    0.45216   0.44100    0.000
19548.00    0.45184   0.44075    0.000
19549.00    0.45153   0.44057    0.000
19550.00    0.45079   0.44030    0.000
19551.00    0.45000   0.44013    0.000
19552.00    0.44920   0.43988    0.000
19553.00    0.44983   0.43976    0.000
19554.00    0.45103   0.43960    0.000
19555.00    0.45224   0.43958    0.000
19556.00    0.45413   0.43956    0.000
19557.00    0.45598   0.43969    0.000
19558.00    0.45781   0.43986    0.000
19559.00    0.46036   0.44016    0.000
19560.00    0.46312   0.44054    0.000
19561.00    0.46655   0.44103    0.000
19562.00    0.47275   0.44161    0.000
19563.00    0.47897   0.44226    0.000
19564.00    0.48505   0.44299    0.000
19565.00    0.49108   0.44375    0.000
19566.00    0.49711   0.44457    0.000
19567.00    0.50132   0.44536    0.000
19568.00    0.50457   0.44618    0.000
19569.00    0.50783   0.44692    0.000
19570.00    0.51127   0.44765    0.000
19571.00    0.51420   0.44827    0.000
19572.00    0.51712   0.44885    0.000
19573.00    0.51724   0.44930    0.000
19574.00    0.51550   0.44971    0.000
19575.00    0.51359   0.44999    0.000
19576.00    0.50903   0.45022    0.000
19577.00    0.50459   0.45035    0.000
19578.00    0.50001   0.45041    0.000
19579.00    0.49623   0.45042    0.000
19580.00    0.49255   0.45035    0.000
19581.00    0.48815   0.45027    0.000
19582.00    0.48269   0.45007    0.000
19583.00    0.47723   0.44992    0.000
19584.00    0.47189   0.44959    0.000
19585.00    0.46570   0.44938    0.000
19586.00    0.45951   0.44892    0.000
19587.00    0.45461   0.44862    0.000
19588.00    0.45041   0.44803    0.000
19589.00    0.44622   0.44765    0.000
19590.00    0.44406   0.44694    0.000
19591.00    0.44296   0.44646    0.000
19592.00    0.44188   0.44566    0.000
19593.00    0.44170   0.44510    0.000
19594.00    0.44136   0.44425    0.000
19595.00    0.44078   0.44363    0.000
19596.00    0.43919   0.44278    0.000
19597.00    0.43761   0.44213    0.000
19598.00    0.43613   0.44133    0.000
19599.00    0.43713   0.44068    0.000
19600.00    0.43812   0.43995    0.000
19601.00    0.43939   0.43933    0.000
19602.00    0.44121   0.43869    0.000
19603.00    0.44303   0.43813    0.000
19604.00    0.44493   0.43757    0.000
19605.00    0.44530   0.43708    0.000
19606.00    0.44566   0.43660    0.000
19607.00    0.44482   0.43619    0.000
19608.00    0.44348   0.43578    0.000
19609.00    0.44215   0.43546    0.000
19610.00    0.44236   0.43511    0.000
19611.00    0.44329   0.43488    0.000
19612.00    0.44396   0.43458    0.000
19613.00    0.44370   0.43442    0.000
19614.00    0.44356   0.43417    0.000
19615.00    0.44361   0.43404    0.000
19616.00    0.44331   0.43381    0.000
19617.00    0.44302   0.43369    0.000
19618.00    0.44361   0.43346    0.000
19619.00    0.44502   0.43328    0.000
19620.00    0.44643   0.43302    0.000
19621.00    0.44685   0.43274    0.000
19622.00    0.44617   0.43240    0.000
19623.00    0.44549   0.43200    0.000
19624.00    0.44552   0.43156    0.000
19625.00    0.44572   0.43103    0.000
19626.00    0.44591   0.43046    0.000
19627.00    0.44589   0.42983    0.000
19628.00    0.44622   0.42917    0.000
19629.00    0.44650   0.42850    0.000
19630.00    0.44765   0.42782    0.000
19631.00    0.44912   0.42718    0.000
19632.00    0.44983   0.42657    0.000
19633.00    0.44740   0.42608    0.000
19634.00    0.44494   0.42562    0.000
19635.00    0.44327   0.42536    0.000
19636.00    0.44089   0.42514    0.000
19637.00    0.43851   0.42518    0.000
19638.00    0.43700   0.42525    0.000
19639.00    0.43667   0.42561    0.000
19640.00    0.43633   0.42599    0.000
19641.00    0.43587   0.42664    0.000
19642.00    0.43539   0.42730    0.000
19643.00    0.43492   0.42820    0.000
19644.00    0.43525   0.42909    0.000
19645.00    0.43567   0.43017    0.000
19646.00    0.43609   0.43120    0.000
19647.00    0.43707   0.43239    0.000
19648.00    0.43825   0.43349    0.000
19649.00    0.43939   0.43470    0.000
19650.00    0.44082   0.43580    0.000
19651.00    0.44230   0.43697    0.000
19652.00    0.44350   0.43799    0.000
19653.00    0.44466   0.43907    0.000
19654.00    0.44581   0.43998    0.000
19655.00    0.44635   0.44093    0.000
19656.00    0.44600   0.44167    0.000
19657.00    0.44565   0.44245    0.000
19658.00    0.44580   0.44300    0.000
19659.00    0.44558   0.44357    0.000
19660.00    0.44537   0.44392    0.000
19661.00    0.44631   0.44424    0.000
19662.00    0.44747   0.44437    0.000
19663.00    0.44856   0.44443    0.000
19664.00    0.44691   0.44434    0.000
19665.00    0.44532   0.44413    0.000
19666.00    0.44376   0.44383    0.000
19667.00    0.44211   0.44340    0.000
19668.00    0.44042   0.44293    0.000
19669.00    0.43922   0.44232    0.000
19670.00    0.44056   0.44174    0.000
19671.00    0.44189   0.44106    0.000
19672.00    0.44228   0.44044    0.000
19673.00    0.44114   0.43978    0.000
19674.00    0.44000   0.43922    0.000
19675.00    0.43848   0.43869    0.000
19676.00    0.43659   0.43825    0.000
19677.00    0.43470   0.43793    0.000
19678.00    0.43657   0.43768    0.000
19679.00    0.43968   0.43762    0.000
19680.00    0.44280   0.43757    0.000
19681.00    0.44360   0.43777    0.000
19682.00    0.44396   0.43792    0.000
19683.00    0.44394   0.43835    0.000
19684.00    0.44222   0.43867    0.000
19685.00    0.44063   0.43929    0.000
19686.00    0.43970   0.43972    0.000
19687.00    0.43999   0.44046    0.000
19688.00    0.44028   0.44097    0.000
19689.00    0.44085   0.44176    0.000
19690.00    0.44183   0.44228    0.000
19691.00    0.44281   0.44306    0.000
19692.00    0.44359   0.44354    0.000
19693.00    0.44438   0.44424    0.000
19694.00    0.44517   0.44463    0.000
19695.00    0.44580   0.44519    0.000
19696.00    0.44624   0.44543    0.000
19697.00    0.44669   0.44580    0.000
19698.00    0.44597   0.44585    0.000
19699.00    0.44518   0.44600    0.000
19700.00    0.44433   0.44585    0.000
19701.00    0.44108   0.44575    0.000
19702.00    0.43731   0.44539    0.000
19703.00    0.43372   0.44507    0.000
19704.00    0.43292   0.44453    0.000
19705.00    0.43226   0.44401    0.000
19706.00    0.43228   0.44334    0.000
19707.00    0.43315   0.44268    0.000
19708.00    0.43402   0.44190    0.000
19709.00    0.43368   0.44114    0.000
19710.00    0.43307   0.44030    0.000
19711.00    0.43246   0.43948    0.000
19712.00    0.43175   0.43858    0.000
19713.00    0.43098   0.43770    0.000
19714.00    0.43021   0.43674    0.000
19715.00    0.43080   0.43580    0.000
19716.00    0.43029   0.43476    0.000
19717.00    0.42973   0.43375    0.000
19718.00    0.43015   0.43262    0.000
19719.00    0.43120   0.43153    0.000
19720.00    0.43129   0.43032    0.000
19721.00    0.42513   0.42918    0.000
19722.00    0.41862   0.42794    0.000
19723.00    0.41196   0.42680    0.000
19724.00    0.40896   0.42560    0.000
19725.00    0.40597   0.42455    0.000
19726.00    0.40657   0.42346    0.000
19727.00    0.41079   0.42258    0.000
19728.00    0.41500   0.42169    0.000
19729.00    0.41955   0.42105    0.000
19730.00    0.42405   0.42041    0.000
19731.00    0.42856   0.42004    0.000
19732.00    0.42774   0.41966    0.000
19733.00    0.42737   0.41957    0.000
19734.00    0.42705   0.41943    0.000
19735.00    0.44004   0.41957    0.000
19736.00    0.45814   0.41963    0.000
19737.00    0.47815   0.41993    0.000
19738.00    0.49992   0.42013    0.000
19739.00    0.52059   0.42052    0.000
19740.00    0.53757   0.42080    0.000
19741.00    0.51794   0.42119    0.000
19742.00    0.49830   0.42149    0.000
19743.00    0.48130   0.42183    0.000
19744.00    0.45924   0.42209    0.000
19745.00    0.43718   0.42232    0.000
19746.00    0.42139   0.42249    0.000
19747.00    0.42605   0.42260    0.000
19748.00    0.43070   0.42267    0.000
19749.00    0.42958   0.42265    0.000
19750.00    0.42371   0.42263    0.000
19751.00    0.41783   0.42251    0.000
19752.00    0.42256   0.42243    0.000
19753.00    0.42869   0.42227    0.000
19754.00    0.43400   0.42216    0.000
19755.00    0.43314   0.42203    0.000
19756.00    0.43191   0.42194    0.000
19757.00    0.42931   0.42187    0.000
19758.00    0.42749   0.42183    0.000
19759.00    0.42581   0.42182    0.000
19760.00    0.42801   0.42181    0.000
19761.00    0.42929   0.42181    0.000
19762.00    0.43057   0.42175    0.000
19763.00    0.43447   0.42167    0.000
19764.00    0.44365   0.42143    0.000
19765.00    0.45283   0.42114    0.000
19766.00    0.45910   0.42062    0.000
19767.00    0.47070   0.41999    0.000
19768.00    0.48231   0.41907    0.000
19769.00    0.47302   0.41805    0.000
19770.00    0.44933   0.41672    0.000
19771.00    0.42597   0.41531    0.000
19772.00    0.41937   0.41365    0.000
19773.00    0.41718   0.41200    0.000
19774.00    0.41421   0.41019    0.000
19775.00    0.41283   0.40851    0.000
19776.00    0.41177   0.40683    0.000
19777.00    0.41075   0.40539    0.000
19778.00    0.40552   0.40411    0.000
19779.00    0.40029   0.40317    0.000
19780.00    0.39794   0.40253    0.000
19781.00    0.39918   0.40226    0.000
19782.00    0.40041   0.40236    0.000
19783.00    0.40644   0.40280    0.000
19784.00    0.41516   0.40362    0.000
19785.00    0.42388   0.40468    0.000
19786.00    0.42104   0.40604    0.000
19787.00    0.41565   0.40752    0.000
19788.00    0.41086   0.40917    0.000
19789.00    0.41508   0.41082    0.000
19790.00    0.41986   0.41251    0.000
19791.00    0.42412   0.41408    0.000
19792.00    0.42768   0.41561    0.000
19793.00    0.43139   0.41694    0.000
19794.00    0.43547   0.41816    0.000
19795.00    0.43001   0.41918    0.000
19796.00    0.42454   0.42006    0.000
19797.00    0.41995   0.42078    0.000
19798.00    0.42419   0.42134    0.000
19799.00    0.42843   0.42182    0.000
19800.00    0.42645   0.42213   47.194
19801.00    0.42152   0.42243   48.181
19802.00    0.41658   0.42257   49.207
19803.00    0.41632   0.42274   52.167
19804.00    0.41547   0.42278   56.797
19805.00    0.41465   0.42283   62.307
19806.00    0.41395   0.42280   68.051
19807.00    0.41287   0.42275   74.581
19808.00    0.41211   0.42267   82.026
19809.00    0.41323   0.42251   84.131
19810.00    0.41446   0.42240   85.426
19811.00    0.41501   0.42214   86.851
19812.00    0.41211   0.42200   90.001
19813.00    0.40921   0.42168   93.389
19814.00    0.40572   0.42154   97.171
19815.00    0.40518   0.42120  100.827
19816.00    0.40465   0.42109  104.768
19817.00    0.40776   0.42080  108.782
19818.00    0.41307   0.42076  113.175
19819.00    0.41837   0.42059  117.931
19820.00    0.41887   0.42067  121.415
19821.00    0.41680   0.42066  123.626
19822.00    0.41474   0.42090  125.912
19823.00    0.41442   0.42105  119.179
19824.00    0.41508   0.42146  110.804
19825.00    0.41544   0.42177  103.233
19826.00    0.41308   0.42232   94.486
19827.00    0.41045   0.42274   86.890
19828.00    0.40928   0.42338   80.645
19829.00    0.41521   0.42385   76.458
19830.00    0.42134   0.42452   72.720
19831.00    0.42789   0.42496   70.017
19832.00    0.42978   0.42557   70.437
19833.00    0.43166   0.42592   70.850
19834.00    0.43098   0.42640   71.999
19835.00    0.42994   0.42661   73.999
19836.00    0.42891   0.42689   76.112
19837.00    0.42376   0.42692   76.323
19838.00    0.41735   0.42694   74.902
19839.00    0.41094   0.42676   73.532
19840.00    0.41639   0.42648   72.775
19841.00    0.42228   0.42606   72.367
19842.00    0.42652   0.42547   71.908
19843.00    0.42081   0.42481   69.371
19844.00    0.41577   0.42390   66.472
19845.00    0.41355   0.42299   63.801
19846.00    0.41576   0.42178   63.039
19847.00    0.41768   0.42066   62.467
19848.00    0.41720   0.41920   62.322
19849.00    0.41548   0.41791   62.900
19850.00    0.41375   0.41628   63.486
19851.00    0.41286   0.41490   63.645
19852.00    0.41081   0.41321   63.300
19853.00    0.40877   0.41182   62.958
19854.00    0.41090   0.41020   62.420
19855.00    0.41811   0.40889   61.592
19856.00    0.42532   0.40747   60.785
19857.00    0.42046   0.40635   60.419
19858.00    0.41168   0.40525   60.351
19859.00    0.40377   0.40442   60.369
19860.00    0.40116   0.40374   63.428
19861.00    0.39675   0.40328   67.823
19862.00    0.39148   0.40309   72.570
19863.00    0.39196   0.40306   73.114
19864.00    0.39380   0.40338   73.059
19865.00    0.39594   0.40380   72.778
19866.00    0.39464   0.40461   73.215
19867.00    0.39334   0.40545   73.645
19868.00    0.39329   0.40665   74.494
19869.00    0.39615   0.40783   75.441
19870.00    0.39901   0.40930   76.410
19871.00    0.40016   0.41068   76.556
19872.00    0.39914   0.41226   75.964
19873.00    0.39812   0.41367   75.381
19874.00    0.40330   0.41520   76.756
19875.00    0.41021   0.41648   79.571
19876.00    0.41671   0.41781   82.550
19877.00    0.41770   0.41882   82.526
19878.00    0.42041   0.41986   81.322
19879.00    0.42369   0.42051   80.038
19880.00    0.42208   0.42122   79.617
19881.00    0.41887   0.42149   79.462
19882.00    0.41600   0.42186   79.853
19883.00    0.42073   0.42177   81.732
19884.00    0.42562   0.42184   83.712
19885.00    0.42631   0.42146   84.535
19886.00    0.42009   0.42129   82.375
19887.00    0.41387   0.42071   80.317
19888.00    0.41115   0.42035   79.494
19889.00    0.40731   0.41965   80.667
19890.00    0.40346   0.41918   81.866
19891.00    0.40204   0.41843   82.359
19892.00    0.40359   0.41792   81.781
19893.00    0.40511   0.41717   81.189
19894.00    0.40573   0.41668   79.446
19895.00    0.40737   0.41597   77.755
19896.00    0.41031   0.41554   76.316
19897.00    0.41668   0.41491   77.324
19898.00    0.42216   0.41454   78.819
19899.00    0.42368   0.41401   80.203
19900.00    0.41809   0.41371   79.033
19901.00    0.41257   0.41326   77.734
19902.00    0.40924   0.41301   76.713
19903.00    0.40899   0.41264   77.699
19904.00    0.40875   0.41238   78.702
19905.00    0.41288   0.41205   80.265
19906.00    0.41968   0.41173   82.117
19907.00    0.42648   0.41139   84.055
19908.00    0.41941   0.41095   84.226
19909.00    0.40467   0.41054   83.105
19910.00    0.38993   0.40996   82.013
19911.00    0.39246   0.40945   84.189
19912.00    0.40017   0.40872   88.258
19913.00    0.40750   0.40807   92.695
19914.00    0.41118   0.40723   94.178
19915.00    0.41447   0.40646   94.469
19916.00    0.41466   0.40557   93.279
19917.00    0.40714   0.40474   82.203
19918.00    0.39962   0.40387   72.819
19919.00    0.39928   0.40305   65.143
19920.00    0.40863   0.40227   60.008
19921.00    0.41798   0.40154   55.617
19922.00    0.42278   0.40090   53.661
19923.00    0.41577   0.40034   54.886
19924.00    0.40877   0.39988   56.167
19925.00    0.39787   0.39952   60.354
19926.00    0.39115   0.39923   69.346
19927.00    0.38444   0.39909   81.445
19928.00    0.38904   0.39898   92.599
19929.00    0.39495   0.39902  103.179
19930.00    0.40025   0.39909  115.934
19931.00    0.39712   0.39927  117.154
19932.00    0.39292   0.39951  114.767
19933.00    0.38881   0.39981  112.283
19934.00    0.38920   0.40018  110.969
19935.00    0.39036   0.40057  109.965
19936.00    0.39380   0.40104  109.804
19937.00    0.39774   0.40150  113.270
19938.00    0.40167   0.40201  116.958
19939.00    0.40027   0.40251  119.551
19940.00    0.39489   0.40300  118.570
19941.00    0.38951   0.40351  117.592
19942.00    0.39101   0.40392  116.299
19943.00    0.39526   0.40440  115.604
19944.00    0.39951   0.40471  114.909
19945.00    0.40650   0.40513  117.628
19946.00    0.41551   0.40533  122.040
19947.00    0.42388   0.40567  126.710
19948.00    0.41751   0.40578  128.284
19949.00    0.40932   0.40605  128.862
19950.00    0.40284   0.40611  129.361
19951.00    0.40315   0.40633  131.363
19952.00    0.40359   0.40638  133.876
19953.00    0.40487   0.40654  137.156
19954.00    0.41099   0.40661  140.976
19955.00    0.41726   0.40672  144.973
19956.00    0.41830   0.40679  147.182
19957.00    0.40908   0.40685  145.034
19958.00    0.39986   0.40688  142.942
19959.00    0.39806   0.40686  141.602
19960.00    0.40330   0.40679  141.964
19961.00    0.40854   0.40665  142.317
19962.00    0.41158   0.40647  143.766
19963.00    0.41361   0.40619  144.882
19964.00    0.41557   0.40587  145.968
19965.00    0.41025   0.40545  145.365
19966.00    0.40377   0.40504  144.881
19967.00    0.39885   0.40451  144.447
19968.00    0.40371   0.40408  144.971
19969.00    0.40932   0.40350  145.728
19970.00    0.41262   0.40313  147.060
19971.00    0.40894   0.40263  150.059
19972.00    0.40504   0.40238  153.228
19973.00    0.40044   0.40205  155.231
19974.00    0.39656   0.40198  153.260
19975.00    0.39268   0.40190  151.332
19976.00    0.39474   0.40204  150.027
19977.00    0.40193   0.40223  150.581
19978.00    0.40912   0.40257  151.127
19979.00    0.41288   0.40301  153.360
19980.00    0.41376   0.40349  156.464
19981.00    0.41465   0.40410  159.694
19982.00    0.40769   0.40461  161.237
19983.00    0.39942   0.40528  161.868
19984.00    0.39224   0.40572  162.297
19985.00    0.39545   0.40632  161.561
19986.00    0.40009   0.40655  160.869
19987.00    0.40486   0.40697  160.615
19988.00    0.41039   0.40694  162.696
19989.00    0.41600   0.40709  165.028
19990.00    0.41845   0.40677  167.145
19991.00    0.41400   0.40663  166.819
19992.00    0.40955   0.40605  166.487
19993.00    0.40815   0.40564  165.173
19994.00    0.40880   0.40490  162.696
19995.00    0.40945   0.40427  160.290
19996.00    0.40849   0.40346  153.269
19997.00    0.40764   0.40272  141.113
19998.00    0.40679   0.40193  130.560
19999.00    0.40630   0.40117   97.591
20000.00    0.40779   0.40046   72.228
20001.00    0.40957   0.39978   57.382
20002.00    0.41359   0.39916   49.762
20003.00    0.41741   0.39862   44.592
20004.00    0.42068   0.39809   40.922
20005.00    0.42406   0.39769   42.699
20006.00    0.42779   0.39725   45.534
20007.00    0.43463   0.39697   49.746
20008.00    0.42965   0.39660   62.295
20009.00    0.42447   0.39641   83.436
20010.00    0.41749   0.39608  112.964
20011.00    0.41564   0.39594  124.961
20012.00    0.41378   0.39563  139.800
20013.00    0.41091   0.39550  149.309
20014.00    0.40828   0.39520  151.165
20015.00    0.40565   0.39504  153.067
20016.00    0.40789   0.39473  153.023
20017.00    0.41263   0.39453  151.860
20018.00    0.41723   0.39420   -1.000
20019.00    0.41709   0.39395   -1.000
20020.00    0.41535   0.39358   -1.000
20021.00    0.41335   0.39331  152.301
20022.00    0.41265   0.39291  153.511
20023.00    0.41258   0.39264  154.883
20024.00    0.41439   0.39224   -1.000
20025.00    0.41700   0.39198   -1.000
20026.00    0.41948   0.39164   -1.000
20027.00    0.41824   0.39141   -1.000
20028.00    0.41268   0.39117   -1.000
20029.00    0.40712   0.39099  164.864
20030.00    0.40621   0.39086  166.866
20031.00    0.40806   0.39075  168.925
20032.00    0.40991   0.39073   -1.000
20033.00    0.41139   0.39067   -1.000
20034.00    0.41391   0.39076   -1.000
20035.00    0.41637   0.39073   -1.000
20036.00    0.41582   0.39089   -1.000
20037.00    0.41494   0.39087   -1.000
20038.00    0.41423   0.39106   -1.000
20039.00    0.41369   0.39103   -1.000
20040.00    0.41295   0.39119   -1.000
20041.00    0.41231   0.39115   -1.000
20042.00    0.41323   0.39122   -1.000
20043.00    0.41430   0.39117   -1.000
20044.00    0.41580   0.39114   -1.000
20045.00    0.41738   0.39106   -1.000
20046.00    0.41896   0.39091   -1.000
20047.00    0.41907   0.39081   -1.000
20048.00    0.41709   0.39056   -1.000
20049.00    0.41511   0.39042   -1.000
20050.00    0.41433   0.39013   -1.000
20051.00    0.41442   0.38996   -1.000
20052.00    0.41450   0.38966   -1.000
20053.00    0.41545   0.38948   -1.000
20054.00    0.41709   0.38924   -1.000
20055.00    0.41846   0.38909   -1.000
20056.00    0.41633   0.38896   -1.000
20057.00    0.41333   0.38886   -1.000
20058.00    0.41122   0.38889   -1.000
20059.00    0.41219   0.38889   -1.000
20060.00    0.41333   0.38909   -1.000
20061.00    0.41062   0.38921  151.923
20062.00    0.41341   0.38957  115.120
20063.00    0.41620   0.38984   92.469
20064.00    0.42544   0.39031   77.556
20065.00    0.43098   0.39071   68.754
20066.00    0.43651   0.39126   61.740
20067.00    0.43552   0.39174   60.004
20068.00    0.43144   0.39230   62.460
20069.00    0.42735   0.39281   65.125
20070.00    0.42427   0.39333   73.250
20071.00    0.41868   0.39380   88.489
20072.00    0.41285   0.39421  111.046
20073.00    0.40982   0.39459  126.395
20074.00    0.40947   0.39485  138.333
20075.00    0.40897   0.39508  151.385
20076.00    0.41017   0.39517  157.891
20077.00    0.41187   0.39522  163.801
20078.00    0.41295   0.39513  169.941
20079.00    0.41038   0.39501  176.310
20080.00    0.40772   0.39474  181.376
20081.00    0.40594   0.39448  181.376
20082.00    0.40514   0.39408  181.376
20083.00    0.40434   0.39372  181.376
20084.00    0.40444   0.39325  181.376
20085.00    0.40530   0.39285  181.376
20086.00    0.40615   0.39237  181.376
20087.00    0.40619   0.39197  181.376
20088.00    0.40598   0.39155  181.376
20089.00    0.40592   0.39119  181.376
20090.00    0.40806   0.39086  181.376
20091.00    0.41028   0.39054   -1.000
20092.00    0.41193   0.39032   -1.000
20093.00    0.41149   0.39003   -1.000
20094.00    0.41100   0.38990   -1.000
20095.00    0.41054   0.38964   -1.000
20096.00    0.40923   0.38958   -1.000
20097.00    0.40786   0.38930   -1.000
20098.00    0.40658   0.38928  181.376
20099.00    0.40639   0.38899  181.376
20100.00    0.40620   0.38897  181.376
20101.00    0.40639   0.38868  181.376
20102.00    0.40716   0.38865   -1.000
20103.00    0.40793   0.38835   -1.000
20104.00    0.40906   0.38831   -1.000
20105.00    0.40970   0.38806   -1.000
20106.00    0.41031   0.38800   -1.000
20107.00    0.41024   0.38782   -1.000
20108.00    0.41023   0.38776   -1.000
20109.00    0.41035   0.38765   -1.000
20110.00    0.41101   0.38763   -1.000
20111.00    0.41166   0.38758   -1.000
20112.00    0.41197   0.38759   -1.000
20113.00    0.41047   0.38758   -1.000
20114.00    0.40882   0.38763   -1.000
20115.00    0.40793   0.38763   -1.000
20116.00    0.40823   0.38768   -1.000
20117.00    0.40853   0.38767   -1.000
20118.00    0.40870   0.38770   -1.000
20119.00    0.41168   0.38766   -1.000
20120.00    0.41467   0.38766   -1.000
20121.00    0.41676   0.38755   -1.000
20122.00    0.41621   0.38753   -1.000
20123.00    0.41567   0.38736   -1.000
20124.00    0.41485   0.38732   -1.000
20125.00    0.41466   0.38712   -1.000
20126.00    0.41470   0.38706   -1.000
20127.00    0.41401   0.38687   -1.000
20128.00    0.41234   0.38681   -1.000
20129.00    0.41005   0.38665   -1.000
20130.00    0.40852   0.38663   -1.000
20131.00    0.40741   0.38653   -1.000
20132.00    0.40567   0.38658  153.041
20133.00    0.40512   0.38654  111.853
20134.00    0.40457   0.38668   87.757
20135.00    0.40312   0.38673   69.268
20136.00    0.40469   0.38696   54.001
20137.00    0.40626   0.38710   44.242
20138.00    0.41519   0.38741   40.001
20139.00    0.42163   0.38760   39.497
20140.00    0.42807   0.38796   39.001
20141.00    0.42417   0.38819   42.476
20142.00    0.41704   0.38854   50.084
20143.00    0.41008   0.38876   60.976
20144.00    0.40867   0.38906   75.577
20145.00    0.40970   0.38925   97.116
20146.00    0.41056   0.38945  131.798
20147.00    0.40969   0.38956  150.278
20148.00    0.40847   0.38963  166.168
20149.00    0.40766   0.38968   -1.000
20150.00    0.40921   0.38960   -1.000
20151.00    0.41085   0.38959   -1.000
20152.00    0.41160   0.38937   -1.000
20153.00    0.41020   0.38931   -1.000
20154.00    0.40881   0.38899   -1.000
20155.00    0.40737   0.38891   -1.000
20156.00    0.40757   0.38855   -1.000
20157.00    0.40777   0.38845   -1.000
20158.00    0.40857   0.38811   -1.000
20159.00    0.40769   0.38803   -1.000
20160.00    0.40671   0.38774   -1.000
20161.00    0.40622   0.38771   -1.000
20162.00    0.40695   0.38749   -1.000
20163.00    0.40751   0.38753   -1.000
20164.00    0.40619   0.38741   -1.000
20165.00    0.40442   0.38753  181.376
20166.00    0.40244   0.38751  181.376
20167.00    0.40022   0.38771  181.376
20168.00    0.39800   0.38777  181.376
20169.00    0.39723   0.38804  181.376
20170.00    0.39885   0.38816  181.376
20171.00    0.40046   0.38847  181.376
20172.00    0.40036   0.38865  181.376
20173.00    0.39843   0.38896  181.376
20174.00    0.39650   0.38918  181.376
20175.00    0.39651   0.38946  181.376
20176.00    0.39784   0.38967  181.376
20177.00    0.39915   0.38990  181.376
20178.00    0.39870   0.39010  181.376
20179.00    0.39741   0.39025  181.376
20180.00    0.39637   0.39041  181.376
20181.00    0.39785   0.39046  181.376
20182.00    0.39999   0.39056  181.376
20183.00    0.40148   0.39052  181.376
20184.00    0.39970   0.39056  181.376
20185.00    0.39760   0.39043  181.376
20186.00    0.39635   0.39041  181.376
20187.00    0.39532   0.39021  181.376
20188.00    0.39430   0.39013  181.376
20189.00    0.39306   0.38992  181.376
20190.00    0.39347   0.38979  181.376
20191.00    0.39387   0.38960  181.376
20192.00    0.39576   0.38945  181.376
20193.00    0.39869   0.38934  181.376
20194.00    0.40162   0.38920  181.376
20195.00    0.40168   0.38921  181.376
20196.00    0.40050   0.38915  181.376
20197.00    0.39961   0.38929  180.182
20198.00    0.40036   0.38935  180.134
20199.00    0.40116   0.38963  181.376
20200.00    0.40130   0.38984  181.376
20201.00    0.40008   0.39026  179.726
20202.00    0.39887   0.39061  177.246
20203.00    0.39810   0.39116  176.598
20204.00    0.39855   0.39163  177.453
20205.00    0.39903   0.39229  178.276
20206.00    0.40029   0.39282  176.970
20207.00    0.40048   0.39354  173.328
20208.00    0.40067   0.39408  169.830
20209.00    0.39751   0.39482  166.939
20210.00    0.39469   0.39534  164.331
20211.00    0.39187   0.39605  161.795
20212.00    0.39457   0.39654  160.602
20213.00    0.39865   0.39717  160.679
20214.00    0.40262   0.39763  160.823
20215.00    0.40304   0.39818  161.698
20216.00    0.40174   0.39862  162.715
20217.00    0.40021   0.39909  162.236
20218.00    0.40207   0.39953  148.769
20219.00    0.40507   0.39995  135.112
20220.00    0.40813   0.40040  120.774
20221.00    0.40826   0.40079   99.422
20222.00    0.40818   0.40126   84.110
20223.00    0.40999   0.40164   74.594
20224.00    0.41854   0.40211   72.308
20225.00    0.42709   0.40249   70.153
20226.00    0.43099   0.40294   71.708
20227.00    0.42586   0.40330   79.305
20228.00    0.42072   0.40371   88.660
20229.00    0.41530   0.40401  100.479
20230.00    0.40997   0.40435  114.834
20231.00    0.40477   0.40456  133.402
20232.00    0.40397   0.40479  142.907
20233.00    0.40531   0.40491  147.602
20234.00    0.40636   0.40500  151.795
20235.00    0.40619   0.40500  151.173
20236.00    0.40589   0.40495  149.696
20237.00    0.40481   0.40483  148.349
20238.00    0.40339   0.40468  145.495
20239.00    0.40208   0.40443  142.529
20240.00    0.40116   0.40421  139.671
20241.00    0.39807   0.40387  138.790
20242.00    0.39499   0.40361  137.917
20243.00    0.39585   0.40324  137.170
20244.00    0.40259   0.40295  136.222
20245.00    0.40933   0.40260  135.287
20246.00    0.40999   0.40230  133.286
20247.00    0.40430   0.40200  130.379
20248.00    0.39862   0.40172  127.611
20249.00    0.39739   0.40146  126.145
20250.00    0.39995   0.40121  125.410
20251.00    0.40228   0.40100  124.921
20252.00    0.39917   0.40080  127.227
20253.00    0.39401   0.40060  130.514
20254.00    0.38973   0.40049  133.658
20255.00    0.39413   0.40030  133.609
20256.00    0.39983   0.40028  133.061
20257.00    0.40445   0.40012  132.146
20258.00    0.40224   0.40017  130.726
20259.00    0.40002   0.40008  129.336
20260.00    0.39981   0.40020  127.325
20261.00    0.40371   0.40019  123.584
20262.00    0.40762   0.40038  120.043
20263.00    0.40851   0.40045  117.242
20264.00    0.40567   0.40069  115.616
20265.00    0.40282   0.40083  114.040
20266.00    0.40226   0.40109  114.013
20267.00    0.40296   0.40128  114.678
20268.00    0.40384   0.40153  115.426
20269.00    0.40220   0.40174  117.695
20270.00    0.39869   0.40194  120.708
20271.00    0.39428   0.40212  123.533
20272.00    0.39517   0.40224  122.299
20273.00    0.39780   0.40235  120.274
20274.00    0.40149   0.40233  118.046
20275.00    0.40166   0.40236  116.049
20276.00    0.40164   0.40218  114.134
20277.00    0.40013   0.40206  112.763
20278.00    0.39885   0.40174  111.803
20279.00    0.39756   0.40146  110.853
20280.00    0.39615   0.40102  105.295
20281.00    0.39075   0.40058   95.495
20282.00    0.38535   0.40007   87.325
20283.00    0.38423   0.39949   68.065
20284.00    0.39446   0.39895   51.350
20285.00    0.40584   0.39832   41.286
20286.00    0.42005   0.39779   36.866
20287.00    0.43097   0.39718   34.412
20288.00    0.44159   0.39673   32.650
20289.00    0.43923   0.39621   34.288
20290.00    0.43299   0.39587   36.996
20291.00    0.42508   0.39549   40.678
20292.00    0.41555   0.39529   48.651
20293.00    0.40606   0.39507   60.888
20294.00    0.39658   0.39505   77.966
20295.00    0.39662   0.39499   88.988
20296.00    0.39665   0.39513  103.616
20297.00    0.39765   0.39524  112.996
20298.00    0.39790   0.39552  111.895
20299.00    0.39816   0.39578  110.813
20300.00    0.39686   0.39620  110.877
20301.00    0.39525   0.39662  111.960
20302.00    0.39378   0.39714  113.078
20303.00    0.39419   0.39770  114.615
20304.00    0.39499   0.39834  116.404
20305.00    0.39588   0.39901  118.314
20306.00    0.39526   0.39976  121.284
20307.00    0.39389   0.40051  124.735
20308.00    0.39325   0.40134  128.580
20309.00    0.39605   0.40213  132.858
20310.00    0.39918   0.40299  137.409
20311.00    0.40091   0.40377  141.786
20312.00    0.40094   0.40460  145.697
20313.00    0.40097   0.40532  149.814
20314.00    0.40087   0.40605  153.650
20315.00    0.40181   0.40668  155.676
20316.00    0.40275   0.40727  157.754
20317.00    0.40568   0.40775  159.424
20318.00    0.40806   0.40818  161.523
20319.00    0.41033   0.40852  163.732
20320.00    0.41086   0.40877  167.161
20321.00    0.41182   0.40897  170.773
20322.00    0.41319   0.40909  174.345
20323.00    0.41452   0.40913  176.714
20324.00    0.41510   0.40915  178.854
20325.00    0.41575   0.40906  180.887
20326.00    0.41733   0.40901  181.376
20327.00    0.41909   0.40882  181.376
20328.00    0.41962   0.40872  181.376
20329.00    0.41840   0.40844  181.376
20330.00    0.41718   0.40831  181.376
20331.00    0.41766   0.40795  178.704
20332.00    0.42051   0.40781  174.651
20333.00    0.42336   0.40737  170.776
20334.00    0.42469   0.40722  168.191
20335.00    0.42489   0.40673  167.056
20336.00    0.42505   0.40654  165.938
20337.00    0.42396   0.40604  164.500
20338.00    0.42409   0.40578  162.162
20339.00    0.42503   0.40528  159.828
20340.00    0.42723   0.40495   -1.000
20341.00    0.42791   0.40446   -1.000
20342.00    0.42676   0.40405   -1.000
20343.00    0.42202   0.40357  157.117
20344.00    0.41729   0.40310  156.237
20345.00    0.41377   0.40263  154.853
20346.00    0.41428   0.40213  153.289
20347.00    0.41494   0.40168  151.772
20348.00    0.41426   0.40119  150.862
20349.00    0.40956   0.40079  150.978
20350.00    0.40486   0.40035  151.095
20351.00    0.40162   0.40004  150.458
20352.00    0.40054   0.39971  148.425
20353.00    0.39946   0.39954  146.437
20354.00    0.39968   0.39934  145.941
20355.00    0.39884   0.39934  147.107
20356.00    0.39758   0.39931  148.306
20357.00    0.39573   0.39951  148.175
20358.00    0.39540   0.39962  146.967
20359.00    0.39618   0.39999  145.501
20360.00    0.39705   0.40026  144.639
20361.00    0.39705   0.40073  144.191
20362.00    0.39612   0.40111  144.413
20363.00    0.39479   0.40160  145.096
20364.00    0.39354   0.40204  145.742
20365.00    0.39310   0.40247  145.546
20366.00    0.39785   0.40292  143.458
20367.00    0.40260   0.40323  141.424
20368.00    0.40606   0.40362  139.753
20369.00    0.40535   0.40379  139.187
20370.00    0.40464   0.40405  138.624
20371.00    0.40320   0.40409  137.342
20372.00    0.40374   0.40420  134.746
20373.00    0.40462   0.40413  132.207
20374.00    0.40630   0.40407  131.279
20375.00    0.40609   0.40394  131.833
20376.00    0.40528   0.40376  132.417
20377.00    0.40242   0.40357  132.870
20378.00    0.39941   0.40332  133.209
20379.00    0.39684   0.40312  134.224
20380.00    0.39740   0.40283  135.314
20381.00    0.39838   0.40267  136.249
20382.00    0.40020   0.40240  136.484
20383.00    0.40217   0.40227  137.550
20384.00    0.40414   0.40210  138.626
20385.00    0.40441   0.40199  139.344
20386.00    0.40661   0.40193  137.955
20387.00    0.40881   0.40186  136.576
20388.00    0.41244   0.40193  136.123
20389.00    0.41285   0.40190  137.873
20390.00    0.41297   0.40207  139.707
20391.00    0.40846   0.40209  141.861
20392.00    0.40384   0.40232  143.356
20393.00    0.39960   0.40239  144.501
20394.00    0.39947   0.40265  143.276
20395.00    0.40082   0.40275  141.538
20396.00    0.40305   0.40298  140.278
20397.00    0.40282   0.40311  142.237
20398.00    0.40170   0.40327  144.845
20399.00    0.40002   0.40337  147.640
20400.00    0.40160   0.40345  147.564
20401.00    0.40330   0.40350  147.385
20402.00    0.40434   0.40350  146.528
20403.00    0.40446   0.40346  146.655
20404.00    0.40459   0.40340  146.773
20405.00    0.40242   0.40328  148.382
20406.00    0.39744   0.40320  150.496
20407.00    0.39254   0.40303  152.636
20408.00    0.39350   0.40295  151.971
20409.00    0.39785   0.40279  149.796
20410.00    0.40218   0.40274  147.733
20411.00    0.40338   0.40267  148.036
20412.00    0.40260   0.40269  149.683
20413.00    0.40069   0.40274  151.689
20414.00    0.39831   0.40284  152.617
20415.00    0.39646   0.40302  153.001
20416.00    0.39625   0.40323  152.455
20417.00    0.39894   0.40350  151.041
20418.00    0.40173   0.40381  149.653
20419.00    0.40343   0.40413  149.442
20420.00    0.40085   0.40450  151.643
20421.00    0.39826   0.40480  153.905
20422.00    0.39563   0.40516  155.157
20423.00    0.39660   0.40539  153.908
20424.00    0.39757   0.40567  152.657
20425.00    0.40114   0.40578  151.640
20426.00    0.40327   0.40590  152.182
20427.00    0.40484   0.40586  152.949
20428.00    0.40289   0.40576  153.947
20429.00    0.40071   0.40556  154.014
20430.00    0.39875   0.40524  153.639
20431.00    0.39892   0.40485  153.213
20432.00    0.39971   0.40435  153.126
20433.00    0.40198   0.40375  153.110
20434.00    0.40283   0.40313  154.298
20435.00    0.40328   0.40238  155.641
20436.00    0.40117   0.40168  157.382
20437.00    0.40030   0.40083  157.298
20438.00    0.39943   0.40009  157.203
20439.00    0.39944   0.39923  155.997
20440.00    0.39883   0.39849  154.318
20441.00    0.39823   0.39768  152.675
20442.00    0.39820   0.39700  149.514
20443.00    0.39648   0.39629  144.758
20444.00    0.39442   0.39572  139.049
20445.00    0.39286   0.39514  114.284
20446.00    0.39438   0.39470   90.679
20447.00    0.39576   0.39429   74.712
20448.00    0.40325   0.39399   64.014
20449.00    0.41377   0.39376   56.378
20450.00    0.42569   0.39361   51.091
20451.00    0.42733   0.39354   50.835
20452.00    0.42666   0.39353   51.256
20453.00    0.42752   0.39360   52.707
20454.00    0.42116   0.39373   59.092
20455.00    0.41478   0.39391   67.231
20456.00    0.40633   0.39412   78.370
20457.00    0.40259   0.39440   93.253
20458.00    0.39884   0.39467  115.104
20459.00    0.39517   0.39500  132.166
20460.00    0.39225   0.39530  137.752
20461.00    0.38953   0.39565  143.610
20462.00    0.39067   0.39595  145.379
20463.00    0.39324   0.39628  145.616
20464.00    0.39572   0.39655  146.131
20465.00    0.39710   0.39686  149.628
20466.00    0.39803   0.39708  154.515
20467.00    0.39793   0.39733  159.770
20468.00    0.39655   0.39751  163.159
20469.00    0.39526   0.39770  166.077
20470.00    0.39495   0.39785  167.981
20471.00    0.39470   0.39798  167.307
20472.00    0.39441   0.39808  166.557
20473.00    0.39509   0.39817  166.350
20474.00    0.39637   0.39819  167.965
20475.00    0.39765   0.39826  169.603
20476.00    0.39761   0.39819  171.010
20477.00    0.39713   0.39821  171.145
20478.00    0.39663   0.39804  171.251
20479.00    0.39576   0.39800  170.732
20480.00    0.39513   0.39771  170.419
20481.00    0.39444   0.39759  170.297
20482.00    0.39344   0.39722  171.580
20483.00    0.39244   0.39696  173.307
20484.00    0.39145   0.39656  175.023
20485.00    0.39185   0.39616  175.854
20486.00    0.39270   0.39574  176.414
20487.00    0.39381   0.39522  176.607
20488.00    0.39477   0.39481  176.643
20489.00    0.39568   0.39424  176.698
20490.00    0.39736   0.39384  177.091
20491.00    0.39639   0.39330  178.105
20492.00    0.39542   0.39293  179.131
20493.00    0.39362   0.39248  179.658
20494.00    0.39309   0.39218  179.244
20495.00    0.39257   0.39188  178.830
20496.00    0.39120   0.39166  178.439
20497.00    0.38956   0.39155  178.366
20498.00    0.38794   0.39143  178.395
20499.00    0.38614   0.39154  179.443
20500.00    0.38408   0.39151  180.878
20501.00    0.38226   0.39180  181.376
20502.00    0.38312   0.39186  181.376
20503.00    0.38488   0.39228  181.376
20504.00    0.38695   0.39241  181.376
20505.00    0.38963   0.39289  181.376
20506.00    0.39237   0.39304  181.376
20507.00    0.39499   0.39349  181.376
20508.00    0.39428   0.39362  181.376
20509.00    0.39357   0.39398  181.376
20510.00    0.39225   0.39405  181.376
20511.00    0.39169   0.39427  181.376
20512.00    0.39112   0.39428  181.376
20513.00    0.39097   0.39433  181.376
20514.00    0.39052   0.39427  181.376
20515.00    0.39020   0.39420  181.376
20516.00    0.39089   0.39406  181.376
20517.00    0.39161   0.39391  181.376
20518.00    0.39194   0.39373  181.376
20519.00    0.39276   0.39354  181.376
20520.00    0.39438   0.39335  181.376
20521.00    0.39603   0.39314  178.193
20522.00    0.39604   0.39298  173.529
20523.00    0.39569   0.39273  169.046
20524.00    0.39515   0.39263  165.247
20525.00    0.39469   0.39234  163.919
20526.00    0.39425   0.39226  162.651
20527.00    0.39450   0.39194  162.359
20528.00    0.39553   0.39182  164.240
20529.00    0.39656   0.39147  166.157
20530.00    0.39548   0.39126  168.713
20531.00    0.39358   0.39088  171.276
20532.00    0.39177   0.39053  173.809
20533.00    0.39116   0.39012  173.855
20534.00    0.39081   0.38963  172.470
20535.00    0.39096   0.38918  171.018
20536.00    0.39278   0.38859  169.834
20537.00    0.39459   0.38811  168.981
20538.00    0.39584   0.38747  168.492
20539.00    0.39437   0.38698  169.382
20540.00    0.39237   0.38635  170.524
20541.00    0.39033   0.38589  171.190
20542.00    0.38986   0.38531  168.865
20543.00    0.38949   0.38492  166.425
20544.00    0.38835   0.38441  163.596
20545.00    0.38701   0.38412  160.730
20546.00    0.38567   0.38372  157.963
20547.00    0.38524   0.38352  156.649
20548.00    0.38564   0.38324  156.849
20549.00    0.38603   0.38310  157.072
20550.00    0.38486   0.38295  158.289
20551.00    0.38246   0.38283  160.129
20552.00    0.38027   0.38278  162.106
20553.00    0.37924   0.38269  165.502
20554.00    0.37847   0.38269  169.793
20555.00    0.37825   0.38263  174.224
20556.00    0.38012   0.38267  177.921
20557.00    0.38239   0.38262  181.376
20558.00    0.38402   0.38271  181.376
20559.00    0.38591   0.38268  181.376
20560.00    0.38791   0.38279  181.376
20561.00    0.38901   0.38282  181.376
20562.00    0.38829   0.38292  181.376
20563.00    0.38758   0.38306  181.376
20564.00    0.38758   0.38313  181.376
20565.00    0.38726   0.38337  181.376
20566.00    0.38694   0.38344  181.376
20567.00    0.38800   0.38375  181.376
20568.00    0.39024   0.38383  181.253
20569.00    0.39249   0.38417  179.837
20570.00    0.39430   0.38427  178.378
20571.00    0.39565   0.38459  176.838
20572.00    0.39674   0.38471  174.969
20573.00    0.39721   0.38498  169.372
20574.00    0.39765   0.38509  162.811
20575.00    0.39811   0.38530  154.251
20576.00    0.39997   0.38538  136.739
20577.00    0.40208   0.38551  121.667
20578.00    0.40387   0.38555  109.406
20579.00    0.40563   0.38560  102.200
20580.00    0.40739   0.38557   95.883
20581.00    0.41051   0.38557   93.502
20582.00    0.41031   0.38546   97.288
20583.00    0.41011   0.38540  101.360
20584.00    0.40802   0.38524  109.489
20585.00    0.40603   0.38513  121.801
20586.00    0.40369   0.38493  136.833
20587.00    0.39997   0.38478  148.405
20588.00    0.39746   0.38456  157.141
20589.00    0.39620   0.38439  165.518
20590.00    0.39862   0.38415  165.949
20591.00    0.40130   0.38399  163.821
20592.00    0.40274   0.38372  161.841
20593.00    0.40224   0.38359  160.711
20594.00    0.40165   0.38330  159.760
20595.00    0.40065   0.38318  159.408
20596.00    0.39835   0.38290  161.763
20597.00    0.39601   0.38276  164.275
20598.00    0.39439   0.38253  167.104
20599.00    0.39132   0.38236  170.362
20600.00    0.38824   0.38222  173.744
20601.00    0.38676   0.38202  175.488
20602.00    0.38712   0.38197  175.047
20603.00    0.38749   0.38178  174.553
20604.00    0.38836   0.38183  173.657
20605.00    0.38969   0.38168  172.989
20606.00    0.39058   0.38182  172.605
20607.00    0.38968   0.38172  174.362
20608.00    0.38847   0.38194  177.015
20609.00    0.38731   0.38190  179.853
20610.00    0.38691   0.38216  181.376
20611.00    0.38671   0.38219  181.376
20612.00    0.38689   0.38244  181.376
20613.00    0.38672   0.38251  181.376
20614.00    0.38650   0.38270  181.376
20615.00    0.38660   0.38278  181.376
20616.00    0.38631   0.38286  181.376
20617.00    0.38602   0.38291  181.376
20618.00    0.38594   0.38287  181.376
20619.00    0.38643   0.38284  181.376
20620.00    0.38685   0.38266  181.240
20621.00    0.38586   0.38250  152.211
20622.00    0.38522   0.38220  114.462
20623.00    0.38504   0.38188   90.745
20624.00    0.38774   0.38146   78.448
20625.00    0.39133   0.38097   71.669
20626.00    0.39461   0.38044   66.457
20627.00    0.40066   0.37982   68.238
20628.00    0.40803   0.37918   72.621
20629.00    0.41644   0.37850   77.411
20630.00    0.41600   0.37777   79.855
20631.00    0.41417   0.37711   81.977
20632.00    0.40933   0.37636   87.090
20633.00    0.40021   0.37578   98.344
20634.00    0.39108   0.37510  112.939
20635.00    0.38486   0.37464  128.103
20636.00    0.38236   0.37410  141.288
20637.00    0.37986   0.37380  157.437
20638.00    0.37803   0.37345  166.508
20639.00    0.37840   0.37332  169.739
20640.00    0.37872   0.37319  173.054
20641.00    0.37898   0.37323  176.130
20642.00    0.37941   0.37330  179.161
20643.00    0.38002   0.37346  181.376
20644.00    0.38022   0.37372  181.376
20645.00    0.38005   0.37398  181.376
20646.00    0.37999   0.37436  181.376
20647.00    0.37999   0.37471  181.376
20648.00    0.37998   0.37514  181.376
20649.00    0.38027   0.37557  181.376
20650.00    0.38113   0.37601  181.376
20651.00    0.38200   0.37647  181.376
20652.00    0.38365   0.37691  181.376
20653.00    0.38604   0.37736  181.376
20654.00    0.38843   0.37778  181.376
20655.00    0.38955   0.37820  181.376
20656.00    0.39046   0.37859  181.376
20657.00    0.39130   0.37893  181.376
20658.00    0.39154   0.37928  181.376
20659.00    0.39160   0.37955  181.376
20660.00    0.39173   0.37983  181.376
20661.00    0.39259   0.38002  181.376
20662.00    0.39376   0.38021  181.376
20663.00    0.39528   0.38031  181.376
20664.00    0.39543   0.38043  181.376
20665.00    0.39510   0.38042  181.376
20666.00    0.39514   0.38048  181.376
20667.00    0.39635   0.38036  181.376
20668.00    0.39762   0.38038  181.376
20669.00    0.39704   0.38017  181.376
20670.00    0.39568   0.38013  181.376
20671.00    0.39432   0.37989  181.376
20672.00    0.39254   0.37978  181.376
20673.00    0.39026   0.37956  181.376
20674.00    0.38810   0.37937  181.376
20675.00    0.38734   0.37919  181.376
20676.00    0.38697   0.37896  181.376
20677.00    0.38615   0.37880  181.376
20678.00    0.38352   0.37855  181.376
20679.00    0.38052   0.37841  181.376
20680.00    0.37851   0.37817  181.376
20681.00    0.37933   0.37802  181.376
20682.00    0.38064   0.37780  181.376
20683.00    0.38182   0.37764  181.376
20684.00    0.38306   0.37742  181.376
20685.00    0.38432   0.37725  181.376
20686.00    0.38529   0.37704  181.376
20687.00    0.38445   0.37686  181.376
20688.00    0.38361   0.37664  181.376
20689.00    0.38356   0.37646  181.376
20690.00    0.38345   0.37623  181.376
20691.00    0.38326   0.37605  181.376
20692.00    0.38232   0.37582  181.376
20693.00    0.38265   0.37563  181.376
20694.00    0.38295   0.37543  181.376
20695.00    0.38222   0.37523  181.376
20696.00    0.38069   0.37506  181.376
20697.00    0.37893   0.37487  181.376
20698.00    0.37733   0.37476  181.376
20699.00    0.37596   0.37456  181.376
20700.00    0.37587   0.37451  181.376
20701.00    0.37759   0.37434  181.376
20702.00    0.37943   0.37433  181.376
20703.00    0.37983   0.37419  181.376
20704.00    0.37897   0.37421  181.376
20705.00    0.37811   0.37410  181.376
20706.00    0.37704   0.37413  181.376
20707.00    0.37567   0.37404  181.376
20708.00    0.37433   0.37405  181.376
20709.00    0.37527   0.37400  181.376
20710.00    0.37666   0.37393  181.376
20711.00    0.37776   0.37394  181.376
20712.00    0.37761   0.37379  181.376
20713.00    0.37751   0.37384  181.376
20714.00    0.37837   0.37362  181.376
20715.00    0.38035   0.37369  181.376
20716.00    0.38196   0.37347  181.376
20717.00    0.38247   0.37352  181.376
20718.00    0.38217   0.37333  181.376
20719.00    0.38194   0.37336  181.376
20720.00    0.38217   0.37322  179.999
20721.00    0.38235   0.37323  177.840
20722.00    0.38253   0.37313  175.727
20723.00    0.38242   0.37313  173.903
20724.00    0.38228   0.37306  172.566
20725.00    0.38214   0.37305  171.249
20726.00    0.38188   0.37298  169.171
20727.00    0.38316   0.37295  166.199
20728.00    0.38437   0.37288  163.311
20729.00    0.38464   0.37282  160.584
20730.00    0.38418   0.37273  158.107
20731.00    0.38423   0.37266  155.893
20732.00    0.38493   0.37256  155.451
20733.00    0.38529   0.37250  155.829
20734.00    0.38525   0.37241  156.434
20735.00    0.38480   0.37237  157.989
20736.00    0.38437   0.37232  159.777
20737.00    0.38350   0.37235  161.821
20738.00    0.38326   0.37236  162.406
20739.00    0.38307   0.37250  162.864
20740.00    0.38259   0.37259  162.408
20741.00    0.38197   0.37286  160.952
20742.00    0.38134   0.37304  159.520
20743.00    0.38048   0.37344  158.519
20744.00    0.37803   0.37372  158.080
20745.00    0.37578   0.37422  157.561
20746.00    0.37590   0.37460  155.556
20747.00    0.37667   0.37516  152.554
20748.00    0.37738   0.37562  149.573
20749.00    0.37850   0.37617  146.460
20750.00    0.38009   0.37669  143.465
20751.00    0.38054   0.37719  141.257
20752.00    0.37947   0.37774  142.816
20753.00    0.37843   0.37815  145.512
20754.00    0.37832   0.37869  149.042
20755.00    0.37799   0.37898  154.682
20756.00    0.37754   0.37947  160.948
20757.00    0.37916   0.37966  166.298
20758.00    0.38147   0.38006  168.181
20759.00    0.38379   0.38016  170.108
20760.00    0.38381   0.38046  170.986
20761.00    0.38417   0.38054  170.992
20762.00    0.38457   0.38069  171.022
20763.00    0.38557   0.38081  171.384
20764.00    0.38668   0.38083  171.654
20765.00    0.38725   0.38101  171.769
20766.00    0.38626   0.38096  170.192
20767.00    0.38557   0.38121  167.610
20768.00    0.38568   0.38111  164.705
20769.00    0.38692   0.38142  161.301
20770.00    0.38808   0.38132  158.038
20771.00    0.38936   0.38163  155.483
20772.00    0.38993   0.38158  154.614
20773.00    0.39034   0.38184  153.968
20774.00    0.39083   0.38186  152.426
20775.00    0.39150   0.38201  145.879
20776.00    0.39216   0.38208  139.816
20777.00    0.39251   0.38212  132.508
20778.00    0.39421   0.38219  125.241
20779.00    0.39594   0.38212  118.764
20780.00    0.39865   0.38213  115.023
20781.00    0.40015   0.38197  113.073
20782.00    0.40128   0.38188  111.265
20783.00    0.40067   0.38165  110.366
20784.00    0.39997   0.38142  110.038
20785.00    0.39935   0.38112  110.028
20786.00    0.39815   0.38075  112.171
20787.00    0.39653   0.38037  115.324
20788.00    0.39539   0.37990  119.347
20789.00    0.39294   0.37944  126.040
20790.00    0.39003   0.37889  133.995
20791.00    0.38624   0.37837  142.186
20792.00    0.38243   0.37777  148.001
20793.00    0.37864   0.37720  154.167
20794.00    0.37486   0.37661  159.174
20795.00    0.37507   0.37601  162.025
20796.00    0.37528   0.37545  164.974
20797.00    0.37692   0.37487  167.723
20798.00    0.37721   0.37435  170.256
20799.00    0.37710   0.37385  172.783
20800.00    0.37483   0.37338  173.859
20801.00    0.37283   0.37297  173.600
20802.00    0.37181   0.37259  172.856
20803.00    0.37225   0.37231  169.791
20804.00    0.37218   0.37201  166.005
20805.00    0.37211   0.37187  162.249
20806.00    0.37338   0.37166  158.541
20807.00    0.37509   0.37168  155.004
20808.00    0.37555   0.37158  151.387
20809.00    0.37618   0.37172  146.566
20810.00    0.37690   0.37175  141.919
20811.00    0.37814   0.37197  136.996
20812.00    0.37733   0.37215  132.687
20813.00    0.37652   0.37240  128.641
20814.00    0.37646   0.37271  127.253
20815.00    0.37675   0.37299  127.994
20816.00    0.37724   0.37337  128.676
20817.00    0.37972   0.37367  127.618
20818.00    0.38271   0.37406  124.777
20819.00    0.38452   0.37439  121.499
20820.00    0.38636   0.37476  115.308
20821.00    0.39090   0.37508  108.477
20822.00    0.39613   0.37542  103.002
20823.00    0.39726   0.37570  103.404
20824.00    0.39636   0.37598  105.809
20825.00    0.39612   0.37621  109.519
20826.00    0.39411   0.37639  114.343
20827.00    0.39176   0.37659  119.596
20828.00    0.38803   0.37664  122.098
20829.00    0.38543   0.37677  116.102
20830.00    0.38283   0.37673  110.640
20831.00    0.38125   0.37674  104.772
20832.00    0.37960   0.37666  100.263
20833.00    0.37818   0.37651   96.344
20834.00    0.38013   0.37640   97.786
20835.00    0.38241   0.37613  103.775
20836.00    0.38341   0.37598  111.130
20837.00    0.38051   0.37563  123.291
20838.00    0.37800   0.37542  139.912
20839.00    0.37590   0.37503  158.515
20840.00    0.37488   0.37478  166.646
20841.00    0.37407   0.37441  170.758
20842.00    0.37453   0.37411  173.893
20843.00    0.37547   0.37381  174.236
20844.00    0.37629   0.37348  174.176
20845.00    0.37510   0.37328  174.342
20846.00    0.37381   0.37298  174.801
20847.00    0.37253   0.37286  175.267
20848.00    0.37310   0.37265  175.488
20849.00    0.37292   0.37261  175.805
20850.00    0.37277   0.37252  176.128
20851.00    0.37343   0.37256  176.621
20852.00    0.37429   0.37259  177.120
20853.00    0.37468   0.37271  177.645
20854.00    0.37343   0.37284  178.106
20855.00    0.37253   0.37304  178.370
20856.00    0.37171   0.37325  178.580
20857.00    0.37166   0.37349  178.631
20858.00    0.37201   0.37377  178.644
20859.00    0.37343   0.37400  178.700
20860.00    0.37478   0.37432  178.859
20861.00    0.37581   0.37453  179.036
20862.00    0.37581   0.37483  179.046
20863.00    0.37678   0.37500  178.620
20864.00    0.37784   0.37524  178.171
20865.00    0.37833   0.37538  176.305
20866.00    0.37832   0.37554  170.496
20867.00    0.37830   0.37564  165.003
20868.00    0.38007   0.37571  155.977
20869.00    0.38246   0.37577  145.259
20870.00    0.38503   0.37578  135.939
20871.00    0.38805   0.37579  129.485
20872.00    0.39025   0.37576  125.556
20873.00    0.39067   0.37575  122.889
20874.00    0.38525   0.37567  126.028
20875.00    0.37839   0.37566  132.144
20876.00    0.37406   0.37557  139.671
20877.00    0.37562   0.37554  149.746
20878.00    0.37830   0.37546  161.631
20879.00    0.38018   0.37542  172.205
20880.00    0.38059   0.37535  174.477
20881.00    0.38088   0.37530  175.956
20882.00    0.38006   0.37524  176.867
20883.00    0.37839   0.37518  176.508
20884.00    0.37672   0.37512  176.149
20885.00    0.37579   0.37506  171.094
20886.00    0.37594   0.37499  159.064
20887.00    0.37603   0.37491  147.676
20888.00    0.37616   0.37484  130.376
20889.00    0.37704   0.37474  113.332
20890.00    0.37838   0.37467  100.292
20891.00    0.38049   0.37455   92.081
20892.00    0.38218   0.37448   86.617
20893.00    0.38361   0.37434   83.126
20894.00    0.38377   0.37428   85.822
20895.00    0.38352   0.37414   90.876
20896.00    0.38442   0.37407   98.289
20897.00    0.38406   0.37395  111.160
20898.00    0.38335   0.37388  128.552
20899.00    0.37917   0.37380  146.062
20900.00    0.37823   0.37371  151.867
20901.00    0.37729   0.37368  158.152
20902.00    0.37894   0.37358  162.155
20903.00    0.37946   0.37358  163.270
20904.00    0.37997   0.37349  164.343
20905.00    0.37991   0.37351  164.122
20906.00    0.37901   0.37343  162.673
20907.00    0.37782   0.37345  161.134
20908.00    0.37685   0.37338  159.551
20909.00    0.37709   0.37341  158.284
20910.00    0.37779   0.37335  157.566
20911.00    0.37920   0.37338  159.159
20912.00    0.38059   0.37333  161.625
20913.00    0.38120   0.37336  164.407
20914.00    0.37919   0.37334  167.240
20915.00    0.37671   0.37335  170.111
20916.00    0.37495   0.37340  171.715
20917.00    0.37445   0.37338  170.453
20918.00    0.37399   0.37349  169.128
20919.00    0.37448   0.37347  168.113
20920.00    0.37655   0.37363  167.388
20921.00    0.37862   0.37363  166.696
20922.00    0.38058   0.37383  166.981
20923.00    0.38157   0.37386  168.082
20924.00    0.38234   0.37405  169.203
20925.00    0.38151   0.37413  170.423
20926.00    0.37975   0.37426  171.737
20927.00    0.37724   0.37440  172.954
20928.00    0.37455   0.37444  173.478
20929.00    0.37261   0.37463  173.680
20930.00    0.37266   0.37460  173.689
20931.00    0.37580   0.37476  172.890
20932.00    0.37932   0.37470  171.903
20933.00    0.38136   0.37482  170.984
20934.00    0.38160   0.37474  170.828
20935.00    0.38174   0.37480  170.735
20936.00    0.38337   0.37472  171.213
20937.00    0.38300   0.37471  172.974
20938.00    0.38264   0.37464  174.768
20939.00    0.37966   0.37456  175.899
20940.00    0.37739   0.37450  175.397
20941.00    0.37526   0.37435  174.288
20942.00    0.37496   0.37429  166.487
20943.00    0.37639   0.37411  154.457
20944.00    0.37750   0.37401  142.965
20945.00    0.37771   0.37381  131.305
20946.00    0.37775   0.37364  121.394
20947.00    0.37834   0.37344  114.416
20948.00    0.37728   0.37320  114.399
20949.00    0.37533   0.37300  116.334
20950.00    0.37497   0.37271  120.422
20951.00    0.37555   0.37247  130.441
20952.00    0.37614   0.37218  142.997
20953.00    0.37404   0.37191  155.983
20954.00    0.37199   0.37165  164.743
20955.00    0.36994   0.37137  174.540
20956.00    0.36950   0.37117  177.930
20957.00    0.36973   0.37090  172.769
20958.00    0.36992   0.37077  167.064
20959.00    0.37072   0.37056  151.954
20960.00    0.37305   0.37050  132.522
20961.00    0.37552   0.37036  116.352
20962.00    0.37814   0.37039  102.373
20963.00    0.38056   0.37033   91.818
20964.00    0.38418   0.37044   84.800
20965.00    0.38582   0.37047   84.867
20966.00    0.38575   0.37063   87.210
20967.00    0.38268   0.37077   91.743
20968.00    0.37907   0.37095  102.721
20969.00    0.37574   0.37119  117.857
20970.00    0.37294   0.37139  135.827
20971.00    0.37247   0.37170  150.513
20972.00    0.37201   0.37194  168.678
20973.00    0.37218   0.37226  180.884
20974.00    0.37124   0.37255  181.376
20975.00    0.37044   0.37287  181.376
20976.00    0.37145   0.37318  181.376
20977.00    0.37316   0.37348  181.376
20978.00    0.37484   0.37379  181.376
20979.00    0.37682   0.37405  181.376
20980.00    0.37923   0.37434  181.376
20981.00    0.38089   0.37454  181.376
20982.00    0.38067   0.37477  181.376
20983.00    0.38001   0.37491  180.465
20984.00    0.37967   0.37507  180.536
20985.00    0.37974   0.37514  181.376
20986.00    0.37985   0.37525  181.376
20987.00    0.38067   0.37521  181.376
20988.00    0.38214   0.37530  175.371
20989.00    0.38363   0.37518  169.492
20990.00    0.38130   0.37525  161.997
20991.00    0.37779   0.37510  153.750
20992.00    0.37446   0.37512  146.378
20993.00    0.37470   0.37501  142.597
20994.00    0.37490   0.37497  142.447
20995.00    0.37517   0.37493  142.834
20996.00    0.37487   0.37483  147.109
20997.00    0.37352   0.37485  154.216
20998.00    0.37183   0.37471  162.072
20999.00    0.37079   0.37476  169.613
21000.00    0.37064   0.37458  176.938
21001.00    0.37123   0.37461  181.376
21002.00    0.37304   0.37442  181.376
21003.00    0.37504   0.37439  181.376
21004.00    0.37671   0.37417  181.376
21005.00    0.37753   0.37406  181.376
21006.00    0.37829   0.37382  181.376
21007.00    0.37714   0.37360  181.376
21008.00    0.37638   0.37335  181.376
21009.00    0.37563   0.37304  181.376
21010.00    0.37564   0.37279  181.376
21011.00    0.37462   0.37241  181.376
21012.00    0.37363   0.37216  181.376
21013.00    0.37261   0.37179  181.376
21014.00    0.37127   0.37152  181.376
21015.00    0.37030   0.37120  181.376
21016.00    0.37117   0.37095  181.376
21017.00    0.37299   0.37070  181.376
21018.00    0.37418   0.37050  181.376
21019.00    0.37412   0.37034  181.376
21020.00    0.37378   0.37019  181.376
21021.00    0.37350   0.37014  181.376
21022.00    0.37183   0.37007  181.376
21023.00    0.36993   0.37009  181.376
21024.00    0.36809   0.37014  181.376
21025.00    0.36804   0.37019  181.376
21026.00    0.36800   0.37036  176.193
21027.00    0.36860   0.37042  168.033
21028.00    0.37016   0.37067  158.210
21029.00    0.37177   0.37076  149.496
21030.00    0.37341   0.37101  142.937
21031.00    0.37456   0.37115  138.670
21032.00    0.37584   0.37132  135.269
21033.00    0.37621   0.37148  134.415
21034.00    0.37534   0.37156  134.517
21035.00    0.37403   0.37169  133.922
21036.00    0.37347   0.37168  131.003
21037.00    0.37359   0.37171  127.469
21038.00    0.37516   0.37160  123.946
21039.00    0.37834   0.37150  121.696
21040.00    0.38166   0.37128  119.777
21041.00    0.38256   0.37106  120.171
21042.00    0.37979   0.37072  126.421
21043.00    0.37696   0.37039  133.480
21044.00    0.37316   0.36993  143.735
21045.00    0.36989   0.36951  157.649
21046.00    0.36670   0.36894  173.933
21047.00    0.36489   0.36845  181.376
21048.00    0.36452   0.36778  181.376
21049.00    0.36449   0.36724  181.376
21050.00    0.36487   0.36652  181.376
21051.00    0.36454   0.36589  181.376
21052.00    0.36403   0.36517  181.376
21053.00    0.36310   0.36445  181.376
21054.00    0.36207   0.36374  181.376
21055.00    0.36181   0.36296  181.376
21056.00    0.36256   0.36227  181.376
21057.00    0.36345   0.36149  181.376
21058.00    0.36323   0.36081  181.376
21059.00    0.36150   0.36008  181.376
21060.00    0.35968   0.35944  181.376
21061.00    0.35700   0.35884  181.376
21062.00    0.35523   0.35829  181.376
21063.00    0.35355   0.35783  181.376
21064.00    0.35367   0.35745  181.376
21065.00    0.35469   0.35716  181.376
21066.00    0.35594   0.35698  180.910
21067.00    0.35709   0.35687  178.007
21068.00    0.35688   0.35691  175.196
21069.00    0.35588   0.35694  172.679
21070.00    0.35442   0.35718  171.466
21071.00    0.35360   0.35733  170.949
21072.00    0.35403   0.35768  171.081
21073.00    0.35680   0.35794  172.924
21074.00    0.36004   0.35831  175.247
21075.00    0.36285   0.35863  177.418
21076.00    0.36362   0.35895  179.580
21077.00    0.36417   0.35926  181.376
21078.00    0.36332   0.35948  181.376
21079.00    0.36274   0.35974  181.376
21080.00    0.36219   0.35984  181.376
21081.00    0.36285   0.36000  181.376
21082.00    0.36170   0.36000  181.376
21083.00    0.36028   0.36002  178.954
21084.00    0.35847   0.35999  176.003
21085.00    0.35822   0.35987  173.349
21086.00    0.35813   0.35983  171.147
21087.00    0.35879   0.35964  170.872
21088.00    0.35986   0.35958  171.651
21089.00    0.36100   0.35939  172.595
21090.00    0.36132   0.35932  173.376
21091.00    0.36123   0.35922  174.008
21092.00    0.36139   0.35917  174.007
21093.00    0.36034   0.35917  173.659
21094.00    0.35904   0.35920  173.306
21095.00    0.35742   0.35929  174.097
21096.00    0.35685   0.35947  176.881
21097.00    0.35627   0.35961  179.750
21098.00    0.35679   0.35994  181.376
21099.00    0.35953   0.36015  181.376
21100.00    0.36223   0.36057  181.376
21101.00    0.36371   0.36087  181.376
21102.00    0.36326   0.36129  181.376
21103.00    0.36257   0.36165  181.376
21104.00    0.36118   0.36202  181.376
21105.00    0.35959   0.36240  181.376
21106.00    0.35830   0.36266  181.376
21107.00    0.35826   0.36302  181.376
21108.00    0.35873   0.36316  181.376
21109.00    0.35974   0.36345  181.376
21110.00    0.36066   0.36347  181.376
21111.00    0.36145   0.36365  181.376
21112.00    0.36262   0.36361  181.376
21113.00    0.36543   0.36363  181.376
21114.00    0.36830   0.36359  181.376
21115.00    0.36814   0.36349  181.376
21116.00    0.36637   0.36344  181.376
21117.00    0.36468   0.36327  181.376
21118.00    0.36359   0.36321  181.376
21119.00    0.36228   0.36305  181.376
21120.00    0.36137   0.36298  181.376
21121.00    0.36194   0.36285  181.376
21122.00    0.36289   0.36279  181.376
21123.00    0.36373   0.36271  181.376
21124.00    0.36372   0.36267  181.376
21125.00    0.36325   0.36264  181.376
21126.00    0.36251   0.36263  181.376
21127.00    0.36128   0.36264  181.376
21128.00    0.35997   0.36266  181.376
21129.00    0.35903   0.36270  181.376
21130.00    0.36029   0.36276  181.376
21131.00    0.36175   0.36279  181.376
21132.00    0.36247   0.36287  180.425
21133.00    0.36270   0.36291  179.708
21134.00    0.36282   0.36294  179.024
21135.00    0.36117   0.36301  178.950
21136.00    0.35905   0.36297  179.555
21137.00    0.35804   0.36302  180.152
21138.00    0.36047   0.36293  180.817
21139.00    0.36225   0.36293  181.376
21140.00    0.36333   0.36282  181.376
21141.00    0.36338   0.36272  181.376
21142.00    0.36350   0.36263  181.376
21143.00    0.36223   0.36241  181.376
21144.00    0.35991   0.36233  181.376
21145.00    0.35764   0.36201  181.376
21146.00    0.35630   0.36190  181.376
21147.00    0.35529   0.36155  179.264
21148.00    0.35428   0.36135  175.269
21149.00    0.35352   0.36101  171.520
21150.00    0.35432   0.36068  174.972
21151.00    0.35507   0.36036  178.503
21152.00    0.35431   0.35991  181.376
21153.00    0.35300   0.35961  181.376
21154.00    0.35219   0.35902  181.376
21155.00    0.35396   0.35872  181.376
21156.00    0.35645   0.35805  181.376
21157.00    0.35797   0.35770  181.376
21158.00    0.35596   0.35702  181.376
21159.00    0.35233   0.35660  181.376
21160.00    0.35060   0.35597  181.376
21161.00    0.35223   0.35550  181.376
21162.00    0.35462   0.35497  181.376
21163.00    0.35432   0.35452  181.376
21164.00    0.35303   0.35414  181.376
21165.00    0.35183   0.35375  181.376
21166.00    0.35076   0.35358  181.376
21167.00    0.34948   0.35333  181.376
21168.00    0.34820   0.35336  181.376
21169.00    0.34942   0.35332  181.376
21170.00    0.34999   0.35353  181.376
21171.00    0.35053   0.35371  181.376
21172.00    0.35104   0.35409  181.376
21173.00    0.35186   0.35445  181.376
21174.00    0.35225   0.35498  181.376
21175.00    0.35146   0.35544  181.376
21176.00    0.35048   0.35605  181.376
21177.00    0.35037   0.35660  181.376
21178.00    0.35276   0.35718  181.376
21179.00    0.35608   0.35775  181.376
21180.00    0.35991   0.35827    0.000
21181.00    0.36281   0.35878    0.000
21182.00    0.36537   0.35919    0.000
21183.00    0.36582   0.35959    0.000
21184.00    0.36484   0.35989    0.000
21185.00    0.36381   0.36014    0.000
21186.00    0.36228   0.36031    0.000
21187.00    0.36098   0.36038    0.000
21188.00    0.35992   0.36045    0.000
21189.00    0.36075   0.36033    0.000
21190.00    0.36139   0.36029    0.000
21191.00    0.36160   0.36006    0.000
21192.00    0.36118   0.35986    0.000
21193.00    0.36151   0.35957    0.000
21194.00    0.36239   0.35925    0.000
21195.00    0.36314   0.35891    0.000
21196.00    0.36326   0.35849    0.000
21197.00    0.36248   0.35814    0.000
21198.00    0.36124   0.35766    0.000
21199.00    0.36007   0.35730    0.000
21200.00    0.36242   0.35681    0.000
21201.00    0.36711   0.35647    0.000
21202.00    0.37192   0.35602    0.000
21203.00    0.37600   0.35570    0.000
21204.00    0.38105   0.35533    0.000
21205.00    0.38612   0.35506    0.000
21206.00    0.39137   0.35480    0.000
21207.00    0.39678   0.35462    0.000
21208.00    0.40231   0.35450    0.000
21209.00    0.40737   0.35442    0.000
21210.00    0.41094   0.35445    0.000
21211.00    0.41198   0.35448    0.000
21212.00    0.41027   0.35465    0.000
21213.00    0.40959   0.35484    0.000
21214.00    0.41181   0.35511    0.000
21215.00    0.41995   0.35544    0.000
21216.00    0.42966   0.35578    0.000
21217.00    0.43807   0.35622    0.000
21218.00    0.44185   0.35662    0.000
21219.00    0.44492   0.35709    0.000
21220.00    0.44919   0.35757    0.000
21221.00    0.44371   0.35799    0.000
21222.00    0.43800   0.35849    0.000
21223.00    0.42556   0.35884    0.000
21224.00    0.41580   0.35932    0.000
21225.00    0.40584   0.35958    0.000
21226.00    0.39574   0.35999    0.000
21227.00    0.38700   0.36016    0.000
21228.00    0.37992   0.36045    0.000
21229.00    0.37574   0.36057    0.000
21230.00    0.37141   0.36071    0.000
21231.00    0.36822   0.36079    0.000
21232.00    0.36802   0.36079    0.000
21233.00    0.36882   0.36082    0.000
21234.00    0.36851   0.36072    0.000
21235.00    0.36756   0.36070    0.000
21236.00    0.36658   0.36051    0.000
21237.00    0.36696   0.36047    0.000
21238.00    0.36603   0.36023    0.000
21239.00    0.36505   0.36016    0.000
21240.00    0.36303   0.35992    0.000
21241.00    0.36329   0.35984    0.000
21242.00    0.36334   0.35962    0.000
21243.00    0.36269   0.35953    0.000
21244.00    0.36299   0.35937    0.000
21245.00    0.36344   0.35928    0.000
21246.00    0.36270   0.35919    0.000
21247.00    0.36007   0.35911    0.000
21248.00    0.36005   0.35907    0.000
21249.00    0.36155   0.35903    0.000
21250.00    0.36214   0.35905    0.000
21251.00    0.36031   0.35900   90.222
21252.00    0.36035   0.35908   98.500
21253.00    0.36139   0.35902  109.653
21254.00    0.36378   0.35913  121.380
21255.00    0.36639   0.35908  128.571
21256.00    0.36899   0.35917  136.099
21257.00    0.36923   0.35914  140.253
21258.00    0.36974   0.35921  140.656
21259.00    0.37019   0.35916  141.272
21260.00    0.36981   0.35920  144.175
21261.00    0.36827   0.35918  149.252
21262.00    0.36726   0.35918  154.607
21263.00    0.36697   0.35915  159.784
21264.00    0.36570   0.35913  164.804
21265.00    0.36497   0.35911  169.648
21266.00    0.36578   0.35908  172.818
21267.00    0.36724   0.35905  175.084
21268.00    0.36648   0.35902  176.833
21269.00    0.36453   0.35900  177.322
21270.00    0.36270   0.35895  177.466
21271.00    0.36241   0.35893  177.676
21272.00    0.36179   0.35887  177.193
21273.00    0.36105   0.35885  176.613
21274.00    0.35904   0.35879  175.289
21275.00    0.35945   0.35874  173.178
21276.00    0.36019   0.35868  171.119
21277.00    0.36429   0.35861  169.388
21278.00    0.36631   0.35854  168.575
21279.00    0.36730   0.35845  168.008
21280.00    0.36483   0.35838  168.631
21281.00    0.36215   0.35827  170.023
21282.00    0.36034   0.35821  171.440
21283.00    0.36015   0.35807  171.738
21284.00    0.36022   0.35803  170.962
21285.00    0.35874   0.35788  168.326
21286.00    0.35732   0.35786  160.030
21287.00    0.35650   0.35774  150.611
21288.00    0.35912   0.35774  140.496
21289.00    0.36153   0.35765  131.325
21290.00    0.36365   0.35766  123.321
21291.00    0.36218   0.35766  118.615
21292.00    0.36236   0.35767  119.950
21293.00    0.36266   0.35777  121.446
21294.00    0.36571   0.35779  126.552
21295.00    0.36825   0.35796  135.720
21296.00    0.37068   0.35799  145.995
21297.00    0.37169   0.35823  155.070
21298.00    0.37070   0.35827  161.935
21299.00    0.36924   0.35854  168.198
21300.00    0.36740   0.35860  170.588
21301.00    0.36604   0.35885  170.811
21302.00    0.36523   0.35895  170.821
21303.00    0.36625   0.35911  170.502
21304.00    0.36803   0.35925  170.108
21305.00    0.36892   0.35932  169.852
21306.00    0.36853   0.35945  169.513
21307.00    0.36792   0.35945  169.136
21308.00    0.36705   0.35954  168.980
21309.00    0.36660   0.35948  169.469
21310.00    0.36617   0.35947  169.994
21311.00    0.36665   0.35940  170.899
21312.00    0.36667   0.35929  172.174
21313.00    0.36639   0.35922  173.448
21314.00    0.36487   0.35898  174.444
21315.00    0.36408   0.35891  174.937
21316.00    0.36395   0.35860  175.090
21317.00    0.36457   0.35851  174.043
21318.00    0.36435   0.35818  172.379
21319.00    0.36403   0.35802  170.884
21320.00    0.36318   0.35775  169.982
21321.00    0.36202   0.35749  169.382
21322.00    0.36143   0.35731  169.218
21323.00    0.36142   0.35700  170.103
21324.00    0.36149   0.35687  171.274
21325.00    0.36091   0.35653  172.741
21326.00    0.36067   0.35644  174.139
21327.00    0.36049   0.35614  175.542
21328.00    0.35950   0.35603  176.169
21329.00    0.35876   0.35581  175.590
21330.00    0.35819   0.35566  174.987
21331.00    0.35871   0.35551  174.268
21332.00    0.35894   0.35533  173.758
21333.00    0.35868   0.35523  173.339
21334.00    0.35753   0.35504  173.419
21335.00    0.35696   0.35496  173.942
21336.00    0.35712   0.35476  174.493
21337.00    0.35793   0.35465  174.851
21338.00    0.35852   0.35450  175.018
21339.00    0.35774   0.35433  174.777
21340.00    0.35566   0.35422  172.536
21341.00    0.35341   0.35402  169.631
21342.00    0.35235   0.35390  165.217
21343.00    0.35391   0.35371  157.181
21344.00    0.35582   0.35355  149.365
21345.00    0.35760   0.35339  143.167
21346.00    0.35656   0.35317  143.431
21347.00    0.35572   0.35306  143.828
21348.00    0.35704   0.35278  146.191
21349.00    0.35796   0.35271  149.529
21350.00    0.35859   0.35243  153.172
21351.00    0.35876   0.35236  157.589
21352.00    0.35980   0.35216  162.442
21353.00    0.36034   0.35204  167.094
21354.00    0.36071   0.35198  170.290
21355.00    0.36163   0.35182  172.649
21356.00    0.36172   0.35189  173.376
21357.00    0.36028   0.35177  171.813
21358.00    0.35837   0.35192  169.767
21359.00    0.35966   0.35188  170.303
21360.00    0.36373   0.35207  171.273
21361.00    0.36816   0.35216  172.108
21362.00    0.37145   0.35237   -1.000
21363.00    0.37290   0.35254   -1.000
21364.00    0.37420   0.35277   -1.000
21365.00    0.37334   0.35298   -1.000
21366.00    0.37263   0.35321   -1.000
21367.00    0.37150   0.35343  163.915
21368.00    0.36853   0.35363  163.290
21369.00    0.36497   0.35386  163.283
21370.00    0.36253   0.35400  163.331
21371.00    0.36205   0.35420  163.511
21372.00    0.36163   0.35428  163.736
21373.00    0.36216   0.35444  163.892
21374.00    0.36345   0.35447  164.135
21375.00    0.36467   0.35456  164.473
21376.00    0.36410   0.35457  164.950
21377.00    0.36364   0.35459  165.260
21378.00    0.36345   0.35458  165.504
21379.00    0.36367   0.35456  165.400
21380.00    0.36348   0.35452  164.253
21381.00    0.36329   0.35448  163.049
21382.00    0.36544   0.35439  161.841
21383.00    0.36733   0.35437  161.558
21384.00    0.36845   0.35426  161.441
21385.00    0.36605   0.35425  162.344
21386.00    0.36452   0.35412  163.877
21387.00    0.36338   0.35410  165.338
21388.00    0.36287   0.35402  166.243
21389.00    0.36213   0.35397  166.618
21390.00    0.36251   0.35394  166.727
21391.00    0.36369   0.35386  166.421
21392.00    0.36458   0.35388  166.016
21393.00    0.36509   0.35378  165.551
21394.00    0.36449   0.35386  165.652
21395.00    0.36354   0.35377  165.971
21396.00    0.36345   0.35383  166.790
21397.00    0.36565   0.35379  167.764
21398.00    0.36810   0.35382  168.753
21399.00    0.36736   0.35384  169.799
21400.00    0.36675   0.35384  170.609
21401.00    0.36611   0.35390  171.408
21402.00    0.36491   0.35387  172.071
21403.00    0.36204   0.35395  172.678
21404.00    0.35994   0.35391  173.206
21405.00    0.36049   0.35396  173.452
21406.00    0.36241   0.35396  173.555
21407.00    0.36541   0.35393  173.533
21408.00    0.36894   0.35397  172.970
21409.00    0.37177   0.35386   -1.000
21410.00    0.37155   0.35389  170.982
21411.00    0.36894   0.35374  169.110
21412.00    0.36612   0.35369  166.971
21413.00    0.36547   0.35357  164.110
21414.00    0.36532   0.35339  155.683
21415.00    0.36514   0.35331  147.044
21416.00    0.36137   0.35299  134.849
21417.00    0.36231   0.35295  121.751
21418.00    0.36376   0.35255  111.160
21419.00    0.36940   0.35249  104.728
21420.00    0.37064   0.35209  103.159
21421.00    0.37100   0.35193  102.491
21422.00    0.36830   0.35162  106.203
21423.00    0.36463   0.35134  114.428
21424.00    0.36113   0.35115  124.572
21425.00    0.35900   0.35076  137.417
21426.00    0.35807   0.35066  152.886
21427.00    0.35632   0.35026  167.411
21428.00    0.35418   0.35017  172.393
21429.00    0.35217   0.34983  173.224
21430.00    0.35166   0.34972  173.629
21431.00    0.35114   0.34944  173.132
21432.00    0.35047   0.34929  172.455
21433.00    0.34860   0.34911  171.521
21434.00    0.34932   0.34891  170.597
21435.00    0.35035   0.34879  169.695
21436.00    0.35440   0.34857  169.098
21437.00    0.35698   0.34846  169.265
21438.00    0.35899   0.34824  169.530
21439.00    0.35890   0.34811  170.156
21440.00    0.35870   0.34789  170.780
21441.00    0.35827   0.34770  171.466
21442.00    0.35659   0.34750  172.171
21443.00    0.35380   0.34724  172.772
21444.00    0.34936   0.34706  173.224
21445.00    0.34381   0.34676  173.421
21446.00    0.33849   0.34657  173.535
21447.00    0.33841   0.34629  173.682
21448.00    0.34194   0.34605  173.870
21449.00    0.34589   0.34585  174.065
21450.00    0.34733   0.34558  173.928
21451.00    0.34894   0.34545  173.535
21452.00    0.35056   0.34521  173.127
21453.00    0.34988   0.34516  172.770
21454.00    0.34716   0.34500  172.529
21455.00    0.34511   0.34502  172.313
21456.00    0.34596   0.34498  172.259
21457.00    0.34616   0.34505  172.363
21458.00    0.34498   0.34516  172.512
21459.00    0.34227   0.34527  172.713
21460.00    0.34139   0.34551  172.857
21461.00    0.34253   0.34566  172.709
21462.00    0.34600   0.34598  171.676
21463.00    0.34970   0.34616  170.182
21464.00    0.35137   0.34653  168.587
21465.00    0.35123   0.34673  165.857
21466.00    0.35078   0.34707  162.773
21467.00    0.34905   0.34730  159.208
21468.00    0.34705   0.34755  156.250
21469.00    0.34506   0.34779  153.482
21470.00    0.34919   0.34795  151.981
21471.00    0.35335   0.34814  153.026
21472.00    0.35705   0.34821  154.267
21473.00    0.35758   0.34832  156.971
21474.00    0.35700   0.34833  160.861
21475.00    0.35678   0.34832  164.806
21476.00    0.35736   0.34828  168.062
21477.00    0.35787   0.34814  170.412
21478.00    0.35738   0.34805  172.304
21479.00    0.35592   0.34782  172.944
21480.00    0.35466   0.34765  172.950
21481.00    0.35204   0.34740  172.782
21482.00    0.34878   0.34712  172.476
21483.00    0.34561   0.34689  172.156
21484.00    0.34494   0.34655  171.934
21485.00    0.34491   0.34633  171.680
21486.00    0.34486   0.34599  171.414
21487.00    0.34539   0.34578  170.829
21488.00    0.34602   0.34551  169.739
21489.00    0.34643   0.34533  168.652
21490.00    0.34489   0.34517  167.462
21491.00    0.34334   0.34504  165.868
21492.00    0.34219   0.34502  164.301
21493.00    0.34276   0.34497  162.569
21494.00    0.34468   0.34507  160.441
21495.00    0.34621   0.34514  158.075
21496.00    0.34643   0.34532  155.232
21497.00    0.34580   0.34552  152.306
21498.00    0.34608   0.34575  149.698
21499.00    0.34675   0.34606  147.955
21500.00    0.34724   0.34633  146.627
21501.00    0.34793   0.34669  145.398
21502.00    0.34971   0.34698  141.850
21503.00    0.35178   0.34735  137.813
21504.00    0.35341   0.34765  130.358
21505.00    0.35555   0.34795  113.496
21506.00    0.35745   0.34825   99.574
21507.00    0.35533   0.34848   85.472
21508.00    0.35441   0.34874   75.251
21509.00    0.35416   0.34891   67.904
21510.00    0.35520   0.34910   65.358
21511.00    0.35328   0.34920   66.966
21512.00    0.35367   0.34931   69.812
21513.00    0.35757   0.34936   76.993
21514.00    0.36121   0.34938   89.378
21515.00    0.36093   0.34939  105.449
21516.00    0.35798   0.34934  122.534
21517.00    0.35548   0.34929  141.761
21518.00    0.35511   0.34921  159.401
21519.00    0.35546   0.34911  164.650
21520.00    0.35575   0.34898  166.080
21521.00    0.35595   0.34886  167.250
21522.00    0.35587   0.34870  167.834
21523.00    0.35567   0.34856  168.358
21524.00    0.35228   0.34841  168.794
21525.00    0.35020   0.34825  168.934
21526.00    0.34863   0.34811  169.066
21527.00    0.34893   0.34795  168.762
21528.00    0.34819   0.34782  167.041
21529.00    0.34766   0.34770  165.266
21530.00    0.34785   0.34757  164.565
21531.00    0.34856   0.34749  165.827
21532.00    0.34957   0.34736  167.111
21533.00    0.35154   0.34733  167.582
21534.00    0.35408   0.34722  167.329
21535.00    0.35437   0.34720  167.103
21536.00    0.35312   0.34715  166.733
21537.00    0.35169   0.34709  166.296
21538.00    0.35258   0.34712  165.552
21539.00    0.35373   0.34703  164.713
21540.00    0.35484   0.34712  163.877
21541.00    0.35452   0.34702  163.264
21542.00    0.35374   0.34713  163.023
21543.00    0.35303   0.34707  162.842
21544.00    0.35262   0.34714  162.998
21545.00    0.35153   0.34718  163.126
21546.00    0.34993   0.34716  163.286
21547.00    0.34750   0.34728  163.480
21548.00    0.34570   0.34721  163.603
21549.00    0.34552   0.34735  163.504
21550.00    0.34758   0.34727  163.218
21551.00    0.35008   0.34735  162.998
21552.00    0.35040   0.34731  162.862
21553.00    0.34968   0.34731  162.581
21554.00    0.34908   0.34728  162.198
21555.00    0.34823   0.34719  161.671
21556.00    0.34613   0.34718  161.425
21557.00    0.34376   0.34701  161.253
21558.00    0.34474   0.34696  161.775
21559.00    0.34561   0.34679  162.939
21560.00    0.34633   0.34668  164.155
21561.00    0.34603   0.34654  165.485
21562.00    0.34721   0.34641  166.567
21563.00    0.34857   0.34627  167.505
21564.00    0.34988   0.34618  167.904
21565.00    0.34988   0.34609  168.007
21566.00    0.34904   0.34601  168.075
21567.00    0.34694   0.34602  168.026
21568.00    0.34463   0.34597  167.891
21569.00    0.34291   0.34607  167.685
21570.00    0.34303   0.34609  167.407
21571.00    0.34406   0.34627  167.115
21572.00    0.34595   0.34635  166.419
21573.00    0.34858   0.34658  161.424
21574.00    0.35135   0.34672  155.451
21575.00    0.35358   0.34694  145.382
21576.00    0.35829   0.34717  129.521
21577.00    0.36315   0.34731  116.130
21578.00    0.36689   0.34756  104.040
21579.00    0.36644   0.34764   96.153
21580.00    0.36571   0.34784   90.183
21581.00    0.36373   0.34786   88.894
21582.00    0.36084   0.34796   92.655
21583.00    0.35889   0.34790   98.080
21584.00    0.35826   0.34788  108.078
21585.00    0.35745   0.34773  123.057
21586.00    0.35701   0.34758  139.144
21587.00    0.35598   0.34736  148.981
21588.00    0.35426   0.34709  154.594
21589.00    0.35188   0.34680  158.875
21590.00    0.35104   0.34645  160.475
21591.00    0.35090   0.34611  161.276
21592.00    0.34873   0.34572  162.326
21593.00    0.34869   0.34535  163.005
21594.00    0.34897   0.34498  163.608
21595.00    0.34911   0.34458  163.473
21596.00    0.34864   0.34428  162.378
21597.00    0.34871   0.34391  161.256
21598.00    0.35078   0.34364  160.121
21599.00    0.35193   0.34338  159.502
21600.00    0.35313   0.34313  159.037
21601.00    0.35390   0.34299  159.227
21602.00    0.35371   0.34277  160.103
21603.00    0.35208   0.34273  161.245
21604.00    0.34933   0.34255  162.662
21605.00    0.34679   0.34257  164.111
21606.00    0.34525   0.34245  165.231
21607.00    0.34421   0.34246  165.339
21608.00    0.34318   0.34242  165.045
21609.00    0.34283   0.34238  164.301
21610.00    0.34262   0.34238  163.442
21611.00    0.34242   0.34230  162.585
21612.00    0.34204   0.34230  162.247
21613.00    0.34412   0.34218  162.827
21614.00    0.34626   0.34216  163.480
21615.00    0.34855   0.34200  164.534
21616.00    0.35049   0.34193  165.740
21617.00    0.35187   0.34176  166.802
21618.00    0.35122   0.34164  167.346
21619.00    0.34872   0.34146  167.507
21620.00    0.34629   0.34129    0.000
21621.00    0.34458   0.34112    0.000
21622.00    0.34359   0.34088    0.000
21623.00    0.34363   0.34075    0.000
21624.00    0.34366   0.34045    0.000
21625.00    0.34334   0.34034    0.000
21626.00    0.34074   0.34005    0.000
21627.00    0.33852   0.33993    0.000
21628.00    0.33655   0.33968    0.000
21629.00    0.33771   0.33953    0.000
21630.00    0.33945   0.33936    0.000
21631.00    0.34091   0.33917    0.000
21632.00    0.33982   0.33906    0.000
21633.00    0.33702   0.33887    0.000
21634.00    0.33508   0.33879    0.000
21635.00    0.33567   0.33860    0.000
21636.00    0.33699   0.33853    0.000
21637.00    0.33810   0.33833    0.000
21638.00    0.33969   0.33823    0.000
21639.00    0.34228   0.33803    0.000
21640.00    0.34385   0.33788    0.000
21641.00    0.34377   0.33765    0.000
21642.00    0.34301   0.33744    0.000
21643.00    0.34275   0.33717    0.000
21644.00    0.34414   0.33689    0.000
21645.00    0.34602   0.33657    0.000
21646.00    0.34850   0.33620    0.000
21647.00    0.34902   0.33586    0.000
21648.00    0.34941   0.33542    0.000
21649.00    0.35066   0.33508    0.000
21650.00    0.35170   0.33459    0.000
21651.00    0.35190   0.33428    0.000
21652.00    0.34989   0.33378    0.000
21653.00    0.34958   0.33350    0.000
21654.00    0.35021   0.33308    0.000
21655.00    0.35280   0.33283    0.000
21656.00    0.35627   0.33253    0.000
21657.00    0.35821   0.33234    0.000
21658.00    0.35910   0.33220    0.000
21659.00    0.36011   0.33205    0.000
21660.00    0.36227   0.33210    0.000
21661.00    0.36323   0.33198    0.000
21662.00    0.36350   0.33217    0.000
21663.00    0.36805   0.33216    0.000
21664.00    0.37129   0.33240    0.000
21665.00    0.37396   0.33250    0.000
21666.00    0.36988   0.33276    0.000
21667.00    0.36347   0.33297    0.000
21668.00    0.35745   0.33320    0.000
21669.00    0.35330   0.33351    0.000
21670.00    0.35059   0.33371    0.000
21671.00    0.34865   0.33406    0.000
21672.00    0.34826   0.33428    0.000
21673.00    0.34825   0.33461    0.000
21674.00    0.34777   0.33487    0.000
21675.00    0.34701   0.33513    0.000
21676.00    0.34639   0.33545    0.000
21677.00    0.34445   0.33565    0.000
21678.00    0.34245   0.33597    0.000
21679.00    0.34074   0.33617    0.000
21680.00    0.34106   0.33645    0.000
21681.00    0.34240   0.33665    0.000
21682.00    0.34389   0.33688    0.000
21683.00    0.34402   0.33706    0.000
21684.00    0.34415   0.33723    0.000
21685.00    0.34421   0.33737    0.000
21686.00    0.34377   0.33747    0.000
21687.00    0.34228   0.33757    0.000
21688.00    0.34145   0.33760    0.000
21689.00    0.34242   0.33764    0.000
21690.00    0.34435   0.33758    0.000
21691.00    0.34598   0.33760    0.000
21692.00    0.34725   0.33741    0.000
21693.00    0.34846   0.33740    0.000
21694.00    0.34873   0.33716    0.000
21695.00    0.34790   0.33706    0.000
21696.00    0.34669   0.33683    0.000
21697.00    0.34680   0.33663    0.000
21698.00    0.34623   0.33645    0.000
21699.00    0.34538   0.33616    0.000
21700.00    0.34244   0.33606    0.000
21701.00    0.34031   0.33574  140.660
21702.00    0.33851   0.33567  139.101
21703.00    0.33866   0.33542  137.893
21704.00    0.33934   0.33537  136.979
21705.00    0.33953   0.33522  136.100
21706.00    0.33896   0.33521  135.298
21707.00    0.33981   0.33517  134.542
21708.00    0.34269   0.33520  133.889
21709.00    0.34719   0.33527  133.920
21710.00    0.35039   0.33536  134.746
21711.00    0.35150   0.33551  136.437
21712.00    0.35058   0.33563  139.368
21713.00    0.34916   0.33586  142.910
21714.00    0.34592   0.33597  146.465
21715.00    0.34385   0.33627  149.168
21716.00    0.34240   0.33634  151.603
21717.00    0.34531   0.33664  151.217
21718.00    0.34871   0.33672  149.670
21719.00    0.35176   0.33693  148.306
21720.00    0.35061   0.33703  149.894
21721.00    0.34691   0.33712  151.367
21722.00    0.34373   0.33724  152.437
21723.00    0.34231   0.33719  152.225
21724.00    0.34157   0.33733  151.924
21725.00    0.33917   0.33718  151.629
21726.00    0.33510   0.33729  151.133
21727.00    0.33225   0.33714  150.290
21728.00    0.33247   0.33716  149.093
21729.00    0.33395   0.33706  147.408
21730.00    0.33448   0.33701  145.554
21731.00    0.33637   0.33697  143.987
21732.00    0.33992   0.33689  143.108
21733.00    0.34398   0.33692  142.497
21734.00    0.34326   0.33684  142.376
21735.00    0.34143   0.33692  143.460
21736.00    0.33970   0.33687  144.798
21737.00    0.34138   0.33700  146.787
21738.00    0.34318   0.33698  149.161
21739.00    0.34487   0.33715  151.488
21740.00    0.34622   0.33717  153.214
21741.00    0.34791   0.33733  154.031
21742.00    0.34821   0.33739  154.712
21743.00    0.34585   0.33751  155.033
21744.00    0.34289   0.33763  155.106
21745.00    0.34267   0.33766  155.098
21746.00    0.34491   0.33780  154.915
21747.00    0.34719   0.33776  154.623
21748.00    0.34686   0.33788  153.910
21749.00    0.34561   0.33780  150.762
21750.00    0.34450   0.33783  146.528
21751.00    0.34478   0.33773  139.720
21752.00    0.34538   0.33767  126.588
21753.00    0.34599   0.33758  114.258
21754.00    0.34613   0.33740  101.810
21755.00    0.34656   0.33732   93.481
21756.00    0.34707   0.33707   86.993
21757.00    0.34786   0.33697   84.340
21758.00    0.34875   0.33672   86.927
21759.00    0.35022   0.33655   90.524
21760.00    0.35177   0.33635   97.217
21761.00    0.35060   0.33612  107.422
21762.00    0.34617   0.33597  118.928
21763.00    0.33841   0.33570  128.992
21764.00    0.33067   0.33558  136.969
21765.00    0.32850   0.33529  143.304
21766.00    0.33140   0.33517  146.155
21767.00    0.33573   0.33490  147.426
21768.00    0.33560   0.33471  149.124
21769.00    0.33452   0.33447  150.772
21770.00    0.33347   0.33420  152.395
21771.00    0.33413   0.33396  153.418
21772.00    0.33390   0.33360  154.068
21773.00    0.33350   0.33336  154.727
21774.00    0.33265   0.33289  155.645
21775.00    0.33184   0.33263  156.544
21776.00    0.33140   0.33210  157.361
21777.00    0.33200   0.33177  157.911
21778.00    0.33309   0.33125  158.302
21779.00    0.33360   0.33083  157.878
21780.00    0.33289   0.33040  156.437
21781.00    0.33139   0.32992  154.956
21782.00    0.32987   0.32962  155.686
21783.00    0.32801   0.32916  157.771
21784.00    0.32592   0.32902  159.834
21785.00    0.32401   0.32867  160.508
21786.00    0.32424   0.32866  160.698
21787.00    0.32529   0.32854  160.858
21788.00    0.32505   0.32864  160.675
21789.00    0.32382   0.32880  160.438
21790.00    0.32284   0.32902  160.198
21791.00    0.32546   0.32941  159.962
21792.00    0.32715   0.32977  159.721
21793.00    0.32875   0.33033  159.505
21794.00    0.33008   0.33083  159.384
21795.00    0.33140   0.33146  159.373
21796.00    0.33198   0.33206  159.338
21797.00    0.33210   0.33271  159.278
21798.00    0.33325   0.33332  159.231
21799.00    0.33342   0.33394  159.254
21800.00    0.33260   0.33449  159.211
21801.00    0.33153   0.33503  159.052
21802.00    0.33118   0.33547  158.936
21803.00    0.33139   0.33588  158.793
21804.00    0.33176   0.33619  158.629
21805.00    0.33349   0.33640  158.294
21806.00    0.33496   0.33660  157.900
21807.00    0.33637   0.33659  157.497
21808.00    0.33824   0.33667  157.066
21809.00    0.33947   0.33649  156.769
21810.00    0.33997   0.33640  156.461
21811.00    0.33776   0.33615  156.079
21812.00    0.33517   0.33589  155.528
21813.00    0.33352   0.33561  154.962
21814.00    0.33392   0.33522  154.390
21815.00    0.33543   0.33494  153.865
21816.00    0.33588   0.33450  153.596
21817.00    0.33462   0.33426  153.700
21818.00    0.33245   0.33385  153.979
21819.00    0.33197   0.33364  153.954
21820.00    0.33165   0.33337  152.615
21821.00    0.33098   0.33318  150.604
21822.00    0.32808   0.33309  145.519
21823.00    0.32768   0.33295  129.625
21824.00    0.32807   0.33304  114.203
21825.00    0.32936   0.33299   97.718
21826.00    0.33425   0.33321   84.377
21827.00    0.33984   0.33329   74.468
21828.00    0.34733   0.33356   68.092
21829.00    0.35155   0.33380   66.294
21830.00    0.35456   0.33404   65.476
21831.00    0.35308   0.33441   67.751
21832.00    0.34578   0.33461   74.292
21833.00    0.34070   0.33504   83.242
21834.00    0.33900   0.33520   96.109
21835.00    0.33888   0.33560  113.789
21836.00    0.33743   0.33575  132.742
21837.00    0.33678   0.33605  143.666
21838.00    0.33720   0.33620  148.815
21839.00    0.33545   0.33635  152.237
21840.00    0.33341   0.33651  153.257
21841.00    0.33145   0.33651  153.580
21842.00    0.33038   0.33667  153.841
21843.00    0.32961   0.33657  153.836
21844.00    0.32870   0.33668  153.777
21845.00    0.32688   0.33655  153.562
21846.00    0.32530   0.33657  153.325
21847.00    0.32527   0.33648  151.953
21848.00    0.32863   0.33640  147.985
21849.00    0.33113   0.33637  144.068
21850.00    0.33016   0.33623  143.435
21851.00    0.32577   0.33623  146.638
21852.00    0.32243   0.33610  150.030
21853.00    0.32522   0.33608  151.375
21854.00    0.33196   0.33600  151.480
21855.00    0.33890   0.33595  151.619
21856.00    0.34050   0.33592  151.760
21857.00    0.33956   0.33585  151.777
21858.00    0.33817   0.33583  151.739
21859.00    0.33826   0.33576  151.331
21860.00    0.33692   0.33571  150.628
21861.00    0.33533   0.33565  149.878
21862.00    0.33372   0.33555  149.066
21863.00    0.33258   0.33546  148.306
21864.00    0.33088   0.33533  147.569
21865.00    0.32802   0.33518  146.844
21866.00    0.32727   0.33501  145.959
21867.00    0.32755   0.33477  145.049
21868.00    0.32914   0.33457  144.284
21869.00    0.33050   0.33426  143.887
21870.00    0.33155   0.33399  143.931
21871.00    0.33211   0.33365  144.677
21872.00    0.33239   0.33330  145.827
21873.00    0.33328   0.33295  147.209
21874.00    0.33426   0.33256  148.549
21875.00    0.33519   0.33220  149.836
21876.00    0.33500   0.33181  150.599
21877.00    0.33355   0.33147  150.817
21878.00    0.33185   0.33110  150.905
21879.00    0.33041   0.33081  150.749
21880.00    0.33034   0.33047  150.393
21881.00    0.32981   0.33028  150.065
21882.00    0.32765   0.32999  149.846
21883.00    0.32575   0.32987  149.582
21884.00    0.32503   0.32967  149.225
21885.00    0.32627   0.32956  148.786
21886.00    0.32767   0.32950  148.503
21887.00    0.32904   0.32934  148.336
21888.00    0.33052   0.32941  148.290
21889.00    0.33218   0.32920  148.274
21890.00    0.33304   0.32931  148.184
21891.00    0.33255   0.32913  148.033
21892.00    0.33140   0.32915  147.861
21893.00    0.32995   0.32909  147.838
21894.00    0.32895   0.32896  147.834
21895.00    0.32814   0.32904  147.831
21896.00    0.32945   0.32880  147.918
21897.00    0.33079   0.32898  148.032
21898.00    0.33179   0.32878  148.124
21899.00    0.33135   0.32893  148.108
21900.00    0.33081   0.32894  148.066
21901.00    0.33014   0.32900  147.965
21902.00    0.32994   0.32927  147.743
21903.00    0.33186   0.32928  147.482
21904.00    0.33413   0.32974  147.268
21905.00    0.33476   0.32981  147.046
21906.00    0.33247   0.33032  146.747
21907.00    0.33007   0.33057  146.465
21908.00    0.32761   0.33100  146.251
21909.00    0.32515   0.33145  146.080
21910.00    0.32472   0.33175  145.790
21911.00    0.32786   0.33232  145.307
21912.00    0.33219   0.33255  144.763
21913.00    0.33372   0.33307  144.006
21914.00    0.33527   0.33331  142.873
21915.00    0.33682   0.33370  141.673
21916.00    0.33821   0.33395  140.312
21917.00    0.33739   0.33418  139.321
21918.00    0.33733   0.33441  138.529
21919.00    0.33868   0.33452  138.308
21920.00    0.33895   0.33468  138.674
21921.00    0.33786   0.33473  139.326
21922.00    0.33587   0.33480  140.419
21923.00    0.33500   0.33478  141.722
21924.00    0.33394   0.33479  142.890
21925.00    0.33283   0.33470  143.820
21926.00    0.33179   0.33465  144.610
21927.00    0.33292   0.33452  144.348
21928.00    0.33473   0.33441  141.975
21929.00    0.33659   0.33426  138.859
21930.00    0.33748   0.33409  135.704
21931.00    0.33750   0.33393  134.585
21932.00    0.33712   0.33371  134.115
21933.00    0.33482   0.33356  135.893
21934.00    0.33460   0.33331  139.205
21935.00    0.33534   0.33313  142.237
21936.00    0.33849   0.33293  143.823
21937.00    0.34037   0.33272  143.794
21938.00    0.34197   0.33256  143.732
21939.00    0.34273   0.33237  143.601
21940.00    0.34241   0.33225  143.415
21941.00    0.34020   0.33210  143.028
21942.00    0.33741   0.33201  141.752
21943.00    0.33544   0.33192  139.693
21944.00    0.33465   0.33186  136.184
21945.00    0.33521   0.33185  128.367
21946.00    0.33633   0.33184  119.323
21947.00    0.33624   0.33188  109.852
21948.00    0.33488   0.33191  103.036
21949.00    0.33354   0.33200   97.523
21950.00    0.33635   0.33206   94.752
21951.00    0.33768   0.33217   97.133
21952.00    0.33845   0.33226  100.333
21953.00    0.33787   0.33238  105.677
21954.00    0.33950   0.33248  113.668
21955.00    0.34068   0.33259  122.369
21956.00    0.34097   0.33268  130.147
21957.00    0.34063   0.33275  135.292
21958.00    0.34022   0.33284  139.432
21959.00    0.33997   0.33288  141.264
21960.00    0.33999   0.33292  141.398
21961.00    0.33975   0.33294  141.349
21962.00    0.33825   0.33293  140.827
21963.00    0.33595   0.33292  140.038
21964.00    0.33032   0.33286  139.690
21965.00    0.32272   0.33281  139.968
21966.00    0.31437   0.33272  140.535
21967.00    0.29827   0.33262   -1.000
21968.00    0.28511   0.33253   -1.000
21969.00    0.27828   0.33236   -1.000
21970.00    0.29666   0.33226   -1.000
21971.00    0.31772   0.33204  138.228
21972.00    0.33257   0.33193  134.227
21973.00    0.33584   0.33170  133.236
21974.00    0.33806   0.33154  133.001
21975.00    0.34076   0.33134  132.968
21976.00    0.34320   0.33111  133.439
21977.00    0.34451   0.33095  134.413
21978.00    0.34376   0.33067  135.434
21979.00    0.34145   0.33053  136.524
21980.00    0.33869   0.33025  137.663
21981.00    0.33573   0.33008  138.754
21982.00    0.33244   0.32984  139.398
21983.00    0.32902   0.32962  139.859
21984.00    0.32686   0.32941  139.990
21985.00    0.32661   0.32918  139.728
21986.00    0.32679   0.32897  139.381
21987.00    0.32775   0.32875  138.889
21988.00    0.32881   0.32854  138.351
21989.00    0.32951   0.32831  137.885
21990.00    0.32943   0.32808  137.632
21991.00    0.32929   0.32786  137.670
21992.00    0.32942   0.32764  137.758
21993.00    0.32981   0.32738  138.015
21994.00    0.33012   0.32716  138.491
21995.00    0.33086   0.32689  139.085
21996.00    0.33136   0.32665  139.685
21997.00    0.33139   0.32637  140.226
21998.00    0.32974   0.32612  140.569
21999.00    0.32795   0.32583  140.507
22000.00    0.32631   0.32557  140.266
22001.00    0.32634   0.32531  139.707
22002.00    0.32561   0.32501  139.332
22003.00    0.32443   0.32478  139.020
22004.00    0.32127   0.32451  138.859
22005.00    0.31930   0.32429  137.840
22006.00    0.31803   0.32409  136.129
22007.00    0.31882   0.32390  131.528
22008.00    0.32140   0.32377  120.659
22009.00    0.32437   0.32361  109.821
22010.00    0.32769   0.32356   98.530
22011.00    0.33067   0.32347   88.028
22012.00    0.33307   0.32344   79.916
22013.00    0.33503   0.32345   75.001
22014.00    0.33692   0.32344   72.433
22015.00    0.33879   0.32351   71.714
22016.00    0.33814   0.32354   74.492
22017.00    0.33593   0.32365   79.558
22018.00    0.33137   0.32369   87.161
22019.00    0.32732   0.32380   96.535
22020.00    0.32360   0.32388  107.864
22021.00    0.32124   0.32399  117.972
22022.00    0.31975   0.32409  122.385
22023.00    0.31917   0.32421  126.082
22024.00    0.32134   0.32433  128.039
22025.00    0.32409   0.32445  128.396
22026.00    0.32634   0.32459  128.873
22027.00    0.32807   0.32473  129.642
22028.00    0.33050   0.32489  130.731
22029.00    0.33142   0.32504  131.948
22030.00    0.33032   0.32523  133.059
22031.00    0.32802   0.32539  133.881
22032.00    0.32613   0.32558  134.303
22033.00    0.32540   0.32573  133.990
22034.00    0.32541   0.32592  133.254
22035.00    0.32428   0.32600  131.940
22036.00    0.32325   0.32615  130.199
22037.00    0.32244   0.32617  128.377
22038.00    0.32485   0.32620  126.826
22039.00    0.32558   0.32612  126.471
22040.00    0.32611   0.32598  126.408
22041.00    0.32676   0.32577  126.974
22042.00    0.32917   0.32541  127.776
22043.00    0.33100   0.32505  128.470
22044.00    0.33162   0.32446  128.816
22045.00    0.33156   0.32390  128.618
22046.00    0.33001   0.32311  128.374
22047.00    0.32645   0.32230  128.432
22048.00    0.32180   0.32137  129.071
22049.00    0.31829   0.32034  130.155
22050.00    0.31658   0.31932  131.714
22051.00    0.31599   0.31815  133.533
22052.00    0.31683   0.31705  135.226
22053.00    0.31668   0.31586  136.441
22054.00    0.31596   0.31472  137.456
22055.00    0.31410   0.31364  138.088
22056.00    0.31318   0.31255  138.424
22057.00    0.31235   0.31166  138.683
22058.00    0.31112   0.31073  138.804
22059.00    0.31058   0.31005  138.613
22060.00    0.30996   0.30941  138.361
22061.00    0.30883   0.30893  137.944
22062.00    0.30607   0.30866  137.347
22063.00    0.30445   0.30840  136.815
22064.00    0.30494   0.30849  136.421
22065.00    0.30724   0.30849  136.172
22066.00    0.30886   0.30884  136.080
22067.00    0.30820   0.30913  136.289
22068.00    0.30553   0.30960  136.726
22069.00    0.30238   0.31021  137.342
22070.00    0.30070   0.31071  137.859
22071.00    0.29990   0.31152  138.300
22072.00    0.30046   0.31206  138.153
22073.00    0.30193   0.31288  137.610
22074.00    0.30375   0.31347  136.972
22075.00    0.30656   0.31415  136.273
22076.00    0.30871   0.31481  135.611
22077.00    0.30989   0.31527  135.065
22078.00    0.30875   0.31591  134.847
22079.00    0.30802   0.31620  135.017
22080.00    0.30821   0.31669  135.298
22081.00    0.30999   0.31693  135.820
22082.00    0.31282   0.31719  136.599
22083.00    0.31604   0.31741  137.434
22084.00    0.31777   0.31749  138.346
22085.00    0.31729   0.31769  139.317
22086.00    0.31518   0.31772  140.104
22087.00    0.31393   0.31787  140.583
22088.00    0.31356   0.31792  140.896
22089.00    0.31359   0.31804  141.090
22090.00    0.31345   0.31818  141.059
22091.00    0.31334   0.31832  140.956
22092.00    0.31410   0.31856  140.815
22093.00    0.31479   0.31878  140.638
22094.00    0.31528   0.31909  140.461
22095.00    0.31510   0.31941  140.300
22096.00    0.31365   0.31977  140.195
22097.00    0.31383   0.32018  139.993
22098.00    0.31648   0.32058  139.614
22099.00    0.31945   0.32107  139.112
22100.00    0.32009   0.32149  138.559
22101.00    0.31953   0.32199  137.911
22102.00    0.31984   0.32244  137.180
22103.00    0.32034   0.32291  136.548
22104.00    0.32187   0.32336  136.251
22105.00    0.32417   0.32377  136.189
22106.00    0.32750   0.32423  136.477
22107.00    0.33023   0.32457  136.881
22108.00    0.33265   0.32498  137.301
22109.00    0.33463   0.32527  137.439
22110.00    0.33410   0.32562  136.921
22111.00    0.33289   0.32587  136.252
22112.00    0.33056   0.32614  135.364
22113.00    0.33167   0.32637  134.381
22114.00    0.33291   0.32655  133.499
22115.00    0.33409   0.32676  132.934
22116.00    0.33401   0.32686  133.032
22117.00    0.33435   0.32702  133.395
22118.00    0.33440   0.32707  134.076
22119.00    0.33328   0.32719  134.906
22120.00    0.33131   0.32721  135.549
22121.00    0.32956   0.32725  135.873
22122.00    0.32838   0.32726  135.975
22123.00    0.32882   0.32724  135.867
22124.00    0.32871   0.32721  135.512
22125.00    0.32818   0.32714  135.057
22126.00    0.32693   0.32708  134.537
22127.00    0.32642   0.32698  133.891
22128.00    0.32577   0.32689  133.262
22129.00    0.32370   0.32677  132.819
22130.00    0.32457   0.32665  133.065
22131.00    0.32592   0.32650  133.386
22132.00    0.32766   0.32638  133.870
22133.00    0.32645   0.32622  134.500
22134.00    0.32489   0.32607  134.866
22135.00    0.32324   0.32594  134.625
22136.00    0.32217   0.32578  133.675
22137.00    0.32219   0.32566  132.601
22138.00    0.32253   0.32550  131.498
22139.00    0.32256   0.32540  130.444
22140.00    0.32356   0.32526  129.831
22141.00    0.32471   0.32516  130.059
22142.00    0.32583   0.32508  130.730
22143.00    0.32580   0.32497  131.934
22144.00    0.32738   0.32494  133.420
22145.00    0.32924   0.32484  134.992
22146.00    0.33007   0.32484  136.512
22147.00    0.32799   0.32479  137.485
22148.00    0.32578   0.32479  138.333
22149.00    0.32363   0.32478  138.874
22150.00    0.32116   0.32478  138.931
22151.00    0.31851   0.32483  138.749
22152.00    0.31751   0.32482  137.979
22153.00    0.32162   0.32491  136.398
22154.00    0.32648   0.32490  133.883
22155.00    0.33049   0.32499  128.966
22156.00    0.33273   0.32501  122.016
22157.00    0.33400   0.32508  115.187
22158.00    0.33511   0.32515  110.011
22159.00    0.33631   0.32517  105.996
22160.00    0.34058   0.32528  103.822
22161.00    0.34363   0.32527  105.056
22162.00    0.34580   0.32538  107.614
22163.00    0.34446   0.32538  111.666
22164.00    0.34052   0.32545  116.751
22165.00    0.33597   0.32547  122.113
22166.00    0.33052   0.32549  126.813
22167.00    0.32580   0.32554  128.058
22168.00    0.32181   0.32552  128.625
22169.00    0.32007   0.32559  127.973
22170.00    0.32258   0.32556  126.499
22171.00    0.32647   0.32559  125.386
22172.00    0.32960   0.32556  125.185
22173.00    0.32987   0.32557  126.059
22174.00    0.32947   0.32554  127.608
22175.00    0.32952   0.32553  129.638
22176.00    0.33016   0.32550  131.905
22177.00    0.33113   0.32546  133.969
22178.00    0.33345   0.32543  135.403
22179.00    0.33623   0.32535  136.553
22180.00    0.33730   0.32532  137.263
22181.00    0.33580   0.32521  137.586
22182.00    0.33381   0.32518  137.800
22183.00    0.33156   0.32503  137.851
22184.00    0.32849   0.32497  137.821
22185.00    0.32576   0.32483  137.647
22186.00    0.32440   0.32470  137.179
22187.00    0.32680   0.32459  136.456
22188.00    0.32956   0.32438  135.954
22189.00    0.33110   0.32431  135.736
22190.00    0.32965   0.32404  135.709
22191.00    0.32691   0.32395  135.692
22192.00    0.32520   0.32368  135.641
22193.00    0.32512   0.32353  135.553
22194.00    0.32494   0.32329  135.300
22195.00    0.32303   0.32305  134.942
22196.00    0.32022   0.32286  134.544
22197.00    0.31743   0.32253  134.169
22198.00    0.31782   0.32237  133.943
22199.00    0.31918   0.32197  133.751
22200.00    0.32160   0.32180  133.554
22201.00    0.32035   0.32138  133.276
22202.00    0.31970   0.32115  132.950
22203.00    0.32054   0.32078  132.531
22204.00    0.32212   0.32043  132.109
22205.00    0.32346   0.32016  131.781
22206.00    0.32473   0.31972  131.597
22207.00    0.32637   0.31954  131.538
22208.00    0.32621   0.31907  131.234
22209.00    0.32449   0.31894  129.632
22210.00    0.32201   0.31855  126.685
22211.00    0.32185   0.31841  122.088
22212.00    0.32328   0.31821  114.979
22213.00    0.32540   0.31800  107.232
22214.00    0.32677   0.31803  100.179
22215.00    0.32853   0.31782   95.438
22216.00    0.33022   0.31799   91.747
22217.00    0.33077   0.31786   89.562
22218.00    0.32919   0.31807   91.471
22219.00    0.32771   0.31811   94.255
22220.00    0.32689   0.31822   98.623
22221.00    0.32689   0.31846  105.380
22222.00    0.32673   0.31847  112.793
22223.00    0.32658   0.31877  119.872
22224.00    0.32706   0.31874  124.649
22225.00    0.32718   0.31899  128.491
22226.00    0.32744   0.31898  130.643
22227.00    0.32822   0.31906  131.305
22228.00    0.33026   0.31913  131.531
22229.00    0.33149   0.31901  131.381
22230.00    0.33184   0.31910  131.038
22231.00    0.33186   0.31889  130.643
22232.00    0.33265   0.31893  130.112
22233.00    0.33369   0.31874  129.517
22234.00    0.33433   0.31866  128.770
22235.00    0.33565   0.31859  127.929
22236.00    0.33704   0.31839  127.048
22237.00    0.33825   0.31841  126.067
22238.00    0.33620   0.31822  124.973
22239.00    0.33323   0.31826  124.030
22240.00    0.32941   0.31817  123.469
22241.00    0.32717   0.31814  123.648
22242.00    0.32579   0.31820  124.200
22243.00    0.32497   0.31809  125.211
22244.00    0.32411   0.31824  126.568
22245.00    0.32374   0.31811  128.134
22246.00    0.32387   0.31820  128.857
22247.00    0.32428   0.31814  128.715
22248.00    0.32516   0.31807  127.860
22249.00    0.32458   0.31806  128.368
22250.00    0.32323   0.31781  129.531
22251.00    0.32081   0.31778  130.429
22252.00    0.31994   0.31744  129.796
22253.00    0.31935   0.31724  128.866
22254.00    0.31870   0.31690  127.875
22255.00    0.31816   0.31649  127.191
22256.00    0.31774   0.31615  126.636
22257.00    0.31776   0.31561  126.357
22258.00    0.31915   0.31521  126.496
22259.00    0.32001   0.31465  126.771
22260.00    0.31935   0.31415  127.081
22261.00    0.31642   0.31366  127.220
22262.00    0.31401   0.31309  126.985
22263.00    0.31278   0.31266  126.205
22264.00    0.31262   0.31214  125.018
22265.00    0.31216   0.31174  123.756
22266.00    0.31005   0.31133  122.893
22267.00    0.30702   0.31097  122.279
22268.00    0.30406   0.31070  122.318
22269.00    0.30396   0.31040  123.044
22270.00    0.30495   0.31027  124.043
22271.00    0.30753   0.31008  125.452
22272.00    0.30930   0.31002  127.023
22273.00    0.31070   0.30999  128.486
22274.00    0.31150   0.31001  129.613
22275.00    0.31269   0.31012  130.169
22276.00    0.31373   0.31020  130.506
22277.00    0.31436   0.31043  130.529
22278.00    0.31429   0.31063  130.295
22279.00    0.31403   0.31091  130.068
22280.00    0.31273   0.31122  129.810
22281.00    0.31020   0.31156  129.509
22282.00    0.30775   0.31193  129.458
22283.00    0.30856   0.31231  129.744
22284.00    0.31158   0.31274  130.229
22285.00    0.31537   0.31314  130.752
22286.00    0.31520   0.31358  131.392
22287.00    0.31390   0.31399  132.039
22288.00    0.31355   0.31441  132.483
22289.00    0.31567   0.31477  132.516
22290.00    0.31758   0.31515  132.516
22291.00    0.31829   0.31548  132.527
22292.00    0.31587   0.31578  132.453
22293.00    0.31278   0.31605  132.264
22294.00    0.30966   0.31627  131.849
22295.00    0.30898   0.31647  131.120
22296.00    0.30925   0.31661  130.261
22297.00    0.31055   0.31672  129.407
22298.00    0.31255   0.31681  128.677
22299.00    0.31540   0.31682  128.147
22300.00    0.31792   0.31685  127.851
22301.00    0.31998   0.31683  127.702
22302.00    0.32075   0.31677  127.574
22303.00    0.32002   0.31675  127.168
22304.00    0.31874   0.31662  126.594
22305.00    0.31776   0.31659  125.571
22306.00    0.31790   0.31647  123.887
22307.00    0.31822   0.31638  122.191
22308.00    0.31861   0.31633  120.675
22309.00    0.31946   0.31619  120.058
22310.00    0.31940   0.31622  119.592
22311.00    0.31770   0.31610  119.204
22312.00    0.31418   0.31612  118.307
22313.00    0.31231   0.31613  117.195
22314.00    0.31345   0.31611  116.021
22315.00    0.31813   0.31626  115.005
22316.00    0.32219   0.31623  114.166
22317.00    0.32276   0.31644  113.657
22318.00    0.32010   0.31650  113.411
22319.00    0.31721   0.31669  113.678
22320.00    0.31684   0.31688  114.622
22321.00    0.31780   0.31699  115.948
22322.00    0.31934   0.31730  117.917
22323.00    0.32059   0.31737  120.443
22324.00    0.32154   0.31766  123.159
22325.00    0.32164   0.31779  125.903
22326.00    0.32146   0.31798  127.907
22327.00    0.32071   0.31816  129.563
22328.00    0.31898   0.31825  130.402
22329.00    0.31656   0.31844  129.876
22330.00    0.31542   0.31846  128.849
22331.00    0.31574   0.31858  127.288
22332.00    0.31705   0.31861  125.420
22333.00    0.31894   0.31860  123.646
22334.00    0.32034   0.31863  122.196
22335.00    0.32087   0.31852  121.073
22336.00    0.31958   0.31851  120.599
22337.00    0.31875   0.31836  120.505
22338.00    0.31845   0.31827  120.582
22339.00    0.32024   0.31813  120.594
22340.00    0.32103   0.31794  120.438
22341.00    0.32146   0.31783  120.114
22342.00    0.32153   0.31755  119.295
22343.00    0.32270   0.31744  117.879
22344.00    0.32235   0.31716  116.609
22345.00    0.31924   0.31700  115.747
22346.00    0.31738   0.31678  115.939
22347.00    0.31814   0.31656  116.633
22348.00    0.32019   0.31643  118.093
22349.00    0.31887   0.31615  120.421
22350.00    0.31702   0.31609  122.911
22351.00    0.31568   0.31584  124.125
22352.00    0.31539   0.31578  123.367
22353.00    0.31487   0.31563  121.967
22354.00    0.31485   0.31553  123.235
22355.00    0.31524   0.31551  126.650
22356.00    0.31482   0.31537  129.906
22357.00    0.31575   0.31544  130.973
22358.00    0.31739   0.31533  131.247
22359.00    0.32021   0.31540  131.602
22360.00    0.32193   0.31536  131.651
22361.00    0.32271   0.31539  131.647
22362.00    0.32156   0.31540  131.180
22363.00    0.31687   0.31539  123.611
22364.00    0.31186   0.31542  116.492
22365.00    0.30745   0.31536  112.429
22366.00    0.30660   0.31537  118.310
22367.00    0.30793   0.31526  124.497
22368.00    0.31133   0.31521  128.292
22369.00    0.31614   0.31504  127.705
22370.00    0.32125   0.31491  127.207
22371.00    0.32448   0.31469  126.780
22372.00    0.32600   0.31443  126.396
22373.00    0.32416   0.31418  125.880
22374.00    0.32111   0.31381  125.031
22375.00    0.31771   0.31351  123.993
22376.00    0.31534   0.31307  122.552
22377.00    0.31412   0.31269  120.537
22378.00    0.31367   0.31224  118.355
22379.00    0.31466   0.31178  115.921
22380.00    0.31430   0.31136  113.249
22381.00    0.31304   0.31086  110.628
22382.00    0.31067   0.31047  107.939
22383.00    0.30842   0.31000  104.908
22384.00    0.30749   0.30962  102.573
22385.00    0.30832   0.30925  101.357
22386.00    0.31097   0.30890  101.568
22387.00    0.31232   0.30864  102.727
22388.00    0.31317   0.30834  105.138
22389.00    0.31391   0.30819  108.695
22390.00    0.31394   0.30798  112.468
22391.00    0.31153   0.30791  116.236
22392.00    0.30791   0.30782  120.015
22393.00    0.30523   0.30781  122.914
22394.00    0.30724   0.30786  123.716
22395.00    0.31009   0.30791  123.782
22396.00    0.31209   0.30805  123.164
22397.00    0.30553   0.30818  121.830
22398.00    0.29989   0.30837  120.430
22399.00    0.29708   0.30857  119.034
22400.00    0.30133   0.30879  118.172
22401.00    0.30536   0.30903  117.934
22402.00    0.30885   0.30929  118.687
22403.00    0.31137   0.30948  120.753
22404.00    0.31162   0.30979  123.068
22405.00    0.31061   0.30993  125.028
22406.00    0.30911   0.31020  126.387
22407.00    0.30818   0.31034  127.079
22408.00    0.30634   0.31048  127.027
22409.00    0.30391   0.31065  126.527
22410.00    0.30294   0.31064  125.605
22411.00    0.30396   0.31081  124.744
22412.00    0.30542   0.31071  123.983
22413.00    0.30613   0.31080  123.512
22414.00    0.30510   0.31070  123.685
22415.00    0.30444   0.31067  123.751
22416.00    0.30477   0.31061  123.444
22417.00    0.30611   0.31047  122.241
22418.00    0.30688   0.31046  120.875
22419.00    0.30777   0.31029  119.357
22420.00    0.31062   0.31029  117.825
22421.00    0.31322   0.31016  116.902
22422.00    0.31358   0.31015  116.938
22423.00    0.31078   0.31010  118.009
22424.00    0.30890   0.31009  119.841
22425.00    0.30901   0.31011  121.935
22426.00    0.31055   0.31012  124.149
22427.00    0.31065   0.31019  125.551
22428.00    0.30811   0.31026  125.971
22429.00    0.30462   0.31033  125.875
22430.00    0.30160   0.31045  125.149
22431.00    0.30426   0.31053  123.272
22432.00    0.30843   0.31064  121.043
22433.00    0.31390   0.31076  118.339
22434.00    0.31397   0.31081  114.362
22435.00    0.31336   0.31097  110.729
22436.00    0.31346   0.31097  107.620
22437.00    0.31936   0.31108  105.518
22438.00    0.32435   0.31112  104.156
22439.00    0.32600   0.31111  104.206
22440.00    0.32254   0.31119  106.168
22441.00    0.31838   0.31108  108.503
22442.00    0.31426   0.31118  111.237
22443.00    0.31034   0.31106  114.322
22444.00    0.30888   0.31107  117.029
22445.00    0.31017   0.31103  118.450
22446.00    0.31263   0.31093  119.084
22447.00    0.31436   0.31098  118.665
22448.00    0.31293   0.31083  116.288
22449.00    0.31066   0.31090  113.438
22450.00    0.30787   0.31080  110.261
22451.00    0.30641   0.31082  107.292
22452.00    0.30631   0.31081  104.931
22453.00    0.30833   0.31076  103.547
22454.00    0.31277   0.31083  104.084
22455.00    0.31516   0.31076  105.414
22456.00    0.31524   0.31082  107.565
22457.00    0.31318   0.31079  110.389
22458.00    0.30989   0.31079  113.038
22459.00    0.30879   0.31079  115.053
22460.00    0.31057   0.31073  116.383
22461.00    0.31562   0.31072  117.023
22462.00    0.31721   0.31064  117.408
22463.00    0.31670   0.31056  117.656
22464.00    0.31691   0.31048  117.700
22465.00    0.31606   0.31035  117.718
22466.00    0.31496   0.31026  117.732
22467.00    0.31392   0.31008  117.752
22468.00    0.31377   0.30996  117.889
22469.00    0.31269   0.30978  118.281
22470.00    0.31070   0.30961  119.111
22471.00    0.31261   0.30947  120.544
22472.00    0.31482   0.30925  122.054
22473.00    0.31619   0.30917  123.456
22474.00    0.31465   0.30894  124.390
22475.00    0.31333   0.30889  124.698
22476.00    0.31395   0.30871  124.584
22477.00    0.31706   0.30865  124.220
22478.00    0.31896   0.30859  124.018
22479.00    0.31941   0.30848  124.023
22480.00    0.31901   0.30854  124.170
22481.00    0.31965   0.30842  124.493
22482.00    0.31811   0.30855  124.826
22483.00    0.31624   0.30848  125.142
22484.00    0.31585   0.30858  125.379
22485.00    0.31723   0.30862  125.613
22486.00    0.31806   0.30863  125.909
22487.00    0.31760   0.30876  126.319
22488.00    0.31658   0.30872  126.812
22489.00    0.31429   0.30888  127.257
22490.00    0.31096   0.30882  127.639
22491.00    0.30796   0.30892  127.956
22492.00    0.30692   0.30891  128.171
22493.00    0.30683   0.30891  128.160
22494.00    0.30687   0.30895  127.859
22495.00    0.30801   0.30889  127.194
22496.00    0.30984   0.30893  126.257
22497.00    0.31208   0.30883  125.147
22498.00    0.31276   0.30884  123.322
22499.00    0.31138   0.30874  120.739
22500.00    0.30903   0.30870  117.913
22501.00    0.30619   0.30863  115.131
22502.00    0.30310   0.30853  113.123
22503.00    0.30037   0.30848  111.731
22504.00    0.29853   0.30831  111.295
22505.00    0.30149   0.30827  113.003
22506.00    0.30434   0.30807  115.192
22507.00    0.30686   0.30799  117.856
22508.00    0.30845   0.30783  120.243
22509.00    0.30735   0.30764  122.075
22510.00    0.30527   0.30754  123.267
22511.00    0.30406   0.30726  123.818
22512.00    0.30776   0.30719  123.984
22513.00    0.31144   0.30688  124.035
22514.00    0.31395   0.30676  124.060
22515.00    0.31579   0.30653  124.163
22516.00    0.31506   0.30630  124.137
22517.00    0.31218   0.30618  123.911
22518.00    0.30407   0.30587  122.836
22519.00    0.29747   0.30581  120.344
22520.00    0.29205   0.30552  117.314
22521.00    0.28864   0.30542  113.686
22522.00    0.28472   0.30523  109.560
22523.00    0.28295   0.30505  106.124
22524.00    0.28466   0.30497  103.656
22525.00    0.29206   0.30474  103.136
22526.00    0.29901   0.30471  103.785
22527.00    0.30437   0.30450  105.775
22528.00    0.30667   0.30443  109.328
22529.00    0.30366   0.30429  112.772
22530.00    0.29842   0.30414  115.234
22531.00    0.29234   0.30406  116.461
22532.00    0.29049   0.30385  115.861
22533.00    0.29099   0.30381  114.343
22534.00    0.29325   0.30360  112.435
22535.00    0.29998   0.30352  111.090
22536.00    0.30424   0.30338  111.223
22537.00    0.30609   0.30322  112.119
22538.00    0.30306   0.30316  114.034
22539.00    0.30264   0.30298  116.516
22540.00    0.30320   0.30296  118.898
22541.00    0.30488   0.30283  120.885
22542.00    0.30651   0.30279  121.568
22543.00    0.30765   0.30277  121.519
22544.00    0.30799   0.30270  120.626
22545.00    0.30703   0.30276  118.859
22546.00    0.30634   0.30272  116.898
22547.00    0.30576   0.30278  115.117
22548.00    0.30518   0.30283  113.671
22549.00    0.30398   0.30285  113.289
22550.00    0.30336   0.30297  113.902
22551.00    0.30340   0.30296  115.236
22552.00    0.30586   0.30308  117.250
22553.00    0.30836   0.30312  119.242
22554.00    0.31025   0.30315  121.139
22555.00    0.30991   0.30325  122.629
22556.00    0.30739   0.30320  123.367
22557.00    0.30482   0.30330  123.683
22558.00    0.30268   0.30324  123.433
22559.00    0.30160   0.30327  122.698
22560.00    0.30061   0.30326  121.979
22561.00    0.29977   0.30319  121.324
22562.00    0.29925   0.30321  120.866
22563.00    0.29915   0.30310  120.737
22564.00    0.29931   0.30311  120.845
22565.00    0.29960   0.30299  121.124
22566.00    0.29971   0.30296  121.393
22567.00    0.30077   0.30288  121.620
22568.00    0.30273   0.30279  121.802
22569.00    0.30453   0.30277  121.539
22570.00    0.30448   0.30262  121.070
22571.00    0.30323   0.30264  120.563
22572.00    0.30032   0.30249  120.298
22573.00    0.29784   0.30248  120.295
22574.00    0.29669   0.30242  120.402
22575.00    0.29797   0.30234  120.632
22576.00    0.30201   0.30238  120.826
22577.00    0.30595   0.30226  120.991
22578.00    0.30912   0.30234  121.158
22579.00    0.30888   0.30227  121.488
22580.00    0.30802   0.30230  121.762
22581.00    0.30781   0.30235  121.919
22582.00    0.30964   0.30230  121.892
22583.00    0.30992   0.30244  121.423
22584.00    0.30766   0.30239  120.320
22585.00    0.30304   0.30251  118.670
22586.00    0.30104   0.30252  116.261
22587.00    0.30231   0.30257  113.489
22588.00    0.30507   0.30266  110.578
22589.00    0.30595   0.30264  107.636
22590.00    0.30436   0.30273  105.041
22591.00    0.30244   0.30271  102.794
22592.00    0.30117   0.30275  101.040
22593.00    0.30095   0.30273  100.207
22594.00    0.30048   0.30270   99.983
22595.00    0.29980   0.30265  100.610
22596.00    0.30010   0.30258  102.814
22597.00    0.30269   0.30247  105.588
22598.00    0.30626   0.30236  108.771
22599.00    0.30874   0.30220  112.003
22600.00    0.30739   0.30199  114.603
22601.00    0.30428   0.30181  116.460
22602.00    0.30027   0.30150  117.560
22603.00    0.29648   0.30127  117.823
22604.00    0.29474   0.30090  117.713
22605.00    0.29474   0.30056  117.387
22606.00    0.29793   0.30017  117.058
22607.00    0.29947   0.29968  115.806
22608.00    0.29931   0.29927  114.330
22609.00    0.29586   0.29870  113.014
22610.00    0.29355   0.29821  114.364
22611.00    0.29375   0.29761  115.883
22612.00    0.29717   0.29699  117.108
22613.00    0.30026   0.29641  116.276
22614.00    0.29915   0.29570  115.099
22615.00    0.29519   0.29510  113.535
22616.00    0.29174   0.29440  111.491
22617.00    0.29186   0.29375  109.715
22618.00    0.29295   0.29313  108.598
22619.00    0.29367   0.29245  108.333
22620.00    0.29410   0.29191  109.137
22621.00    0.29337   0.29131  110.680
22622.00    0.29179   0.29083  112.783
22623.00    0.29084   0.29040  114.886
22624.00    0.28952   0.29002  116.454
22625.00    0.28762   0.28978  117.628
22626.00    0.28425   0.28954  118.188
22627.00    0.28478   0.28948  117.366
22628.00    0.28571   0.28946  115.914
22629.00    0.28626   0.28953  113.796
22630.00    0.28352   0.28975  110.883
22631.00    0.28152   0.28997  108.344
22632.00    0.28040   0.29034  106.385
22633.00    0.28043   0.29073  105.690
22634.00    0.28104   0.29116  105.689
22635.00    0.28100   0.29171  106.388
22636.00    0.27930   0.29214  107.889
22637.00    0.27853   0.29273  109.234
22638.00    0.28018   0.29319  109.948
22639.00    0.28393   0.29368  110.036
22640.00    0.28509   0.29416  109.254
22641.00    0.28601   0.29448  107.939
22642.00    0.28609   0.29491  106.473
22643.00    0.28308   0.29508  105.387
22644.00    0.27955   0.29534  105.041
22645.00    0.27918   0.29542  104.918
22646.00    0.28495   0.29544  104.926
22647.00    0.28935   0.29547  104.877
22648.00    0.29006   0.29527  104.640
22649.00    0.28696   0.29520  104.188
22650.00    0.28235   0.29493  103.540
22651.00    0.28079   0.29469  103.154
22652.00    0.28238   0.29446  102.781
22653.00    0.28770   0.29410  102.146
22654.00    0.29139   0.29393  101.832
22655.00    0.29200   0.29358  102.752
22656.00    0.28947   0.29341  105.093
22657.00    0.28511   0.29324  107.500
22658.00    0.28227   0.29305  108.967
22659.00    0.28084   0.29308  109.825
22660.00    0.28208   0.29294  110.613
22661.00    0.28450   0.29313  111.565
22662.00    0.28582   0.29316  112.587
22663.00    0.28392   0.29337  113.647
22664.00    0.28080   0.29365  114.577
22665.00    0.27998   0.29385  115.334
22666.00    0.28192   0.29430  115.840
22667.00    0.28463   0.29453  115.843
22668.00    0.28678   0.29504  115.574
22669.00    0.28843   0.29536  115.001
22670.00    0.28958   0.29579  114.021
22671.00    0.29163   0.29625  112.573
22672.00    0.29501   0.29658  110.468
22673.00    0.29994   0.29706  107.689
22674.00    0.30030   0.29735  104.348
22675.00    0.29994   0.29778  100.796
22676.00    0.29997   0.29808   97.261
22677.00    0.30585   0.29839   94.266
22678.00    0.31079   0.29868   92.528
22679.00    0.31468   0.29892   91.605
22680.00    0.31667   0.29914   91.705
22681.00    0.31768   0.29933   93.448
22682.00    0.31648   0.29947   95.542
22683.00    0.31244   0.29959   97.841
22684.00    0.30732   0.29967  100.045
22685.00    0.30501   0.29968  102.000
22686.00    0.30472   0.29974  103.608
22687.00    0.30462   0.29961  104.641
22688.00    0.30180   0.29961  105.568
22689.00    0.29750   0.29943  106.227
22690.00    0.29224   0.29930  106.490
22691.00    0.28980   0.29913  106.228
22692.00    0.28944   0.29884  105.378
22693.00    0.29047   0.29870  104.063
22694.00    0.28918   0.29832  102.534
22695.00    0.28867   0.29815  101.252
22696.00    0.28899   0.29782  100.217
22697.00    0.29093   0.29757   99.609
22698.00    0.29185   0.29736   99.655
22699.00    0.29379   0.29705   99.944
22700.00    0.29758   0.29698  100.445
22701.00    0.30123   0.29672  101.437
22702.00    0.30377   0.29671  102.672
22703.00    0.30490   0.29661  104.194
22704.00    0.30353   0.29660  106.118
22705.00    0.29897   0.29672  108.000
22706.00    0.29480   0.29671  109.670
22707.00    0.29402   0.29698  110.918
22708.00    0.29552   0.29704  111.599
22709.00    0.29647   0.29734  111.824
22710.00    0.29649   0.29753  111.641
22711.00    0.29656   0.29775  111.009
22712.00    0.29581   0.29806  110.260
22713.00    0.29522   0.29821  109.487
22714.00    0.29718   0.29852  108.855
22715.00    0.29971   0.29866  108.293
22716.00    0.30097   0.29889  107.845
22717.00    0.29970   0.29905  107.571
22718.00    0.29666   0.29916  107.507
22719.00    0.29327   0.29935  107.400
22720.00    0.29011   0.29941  107.272
22721.00    0.29050   0.29956  107.303
22722.00    0.29224   0.29965  107.429
22723.00    0.29418   0.29976  107.479
22724.00    0.29500   0.29992  107.227
22725.00    0.29729   0.30002  106.301
22726.00    0.29898   0.30026  104.843
22727.00    0.29957   0.30040  102.926
22728.00    0.29690   0.30065  100.911
22729.00    0.29538   0.30089   99.381
22730.00    0.29500   0.30112   98.315
22731.00    0.29673   0.30145   98.121
22732.00    0.30016   0.30165   98.514
22733.00    0.30307   0.30202   99.039
22734.00    0.30375   0.30219   99.445
22735.00    0.30168   0.30251   99.305
22736.00    0.30045   0.30268   98.976
22737.00    0.30033   0.30287   98.528
22738.00    0.29954   0.30303   98.456
22739.00    0.30086   0.30307   98.879
22740.00    0.30326   0.30325   99.750
22741.00    0.30524   0.30312  101.146
22742.00    0.30577   0.30322  102.507
22743.00    0.30573   0.30303  103.629
22744.00    0.30540   0.30300  104.388
22745.00    0.29910   0.30284  104.582
22746.00    0.29450   0.30260  104.534
22747.00    0.29191   0.30255  104.332
22748.00    0.29289   0.30216  104.238
22749.00    0.29355   0.30210  104.357
22750.00    0.29517   0.30173  104.664
22751.00    0.29958   0.30158  105.248
22752.00    0.30225   0.30135  105.894
22753.00    0.30154   0.30104  106.371
22754.00    0.29686   0.30094  106.603
22755.00    0.29321   0.30057  106.533
22756.00    0.29321   0.30050  106.309
22757.00    0.29552   0.30023  106.002
22758.00    0.29727   0.30011  105.766
22759.00    0.29838   0.29996  105.770
22760.00    0.29959   0.29977  105.912
22761.00    0.30133   0.29974  106.165
22762.00    0.30100   0.29957  106.248
22763.00    0.30086   0.29958  105.746
22764.00    0.30093   0.29951  104.647
22765.00    0.29983   0.29951  102.699
22766.00    0.29895   0.29952  100.666
22767.00    0.29879   0.29953   98.829
22768.00    0.30054   0.29961   97.633
22769.00    0.30027   0.29965   97.118
22770.00    0.30041   0.29976   97.210
22771.00    0.30176   0.29984   98.006
22772.00    0.30184   0.29995  101.035
22773.00    0.29959   0.30004  103.840
22774.00    0.29620   0.30015  106.134
22775.00    0.29645   0.30023  106.827
22776.00    0.29665   0.30035  107.071
22777.00    0.29619   0.30040  106.975
22778.00    0.29431   0.30046  106.523
22779.00    0.29488   0.30053  106.282
22780.00    0.29512   0.30052  106.066
22781.00    0.29468   0.30058  105.841
22782.00    0.29488   0.30049  105.504
22783.00    0.29596   0.30052  105.349
22784.00    0.29640   0.30042  105.338
22785.00    0.29240   0.30034  105.487
22786.00    0.28759   0.30029  105.893
22787.00    0.28443   0.30011  106.359
22788.00    0.28451   0.30007  106.807
22789.00    0.28615   0.29980  107.077
22790.00    0.28740   0.29971  107.364
22791.00    0.28820   0.29949  107.647
22792.00    0.28893   0.29926  107.720
22793.00    0.28873   0.29910  107.845
22794.00    0.28752   0.29877  108.078
22795.00    0.28473   0.29860  108.536
22796.00    0.28436   0.29822  108.998
22797.00    0.28603   0.29795  109.537
22798.00    0.28985   0.29764  110.178
22799.00    0.29041   0.29721  110.692
22800.00    0.28978   0.29692  111.012
22801.00    0.28867   0.29642  111.167
22802.00    0.28930   0.29607  111.171
22803.00    0.28957   0.29559  111.041
22804.00    0.28854   0.29511  110.918
22805.00    0.28502   0.29475  110.905
22806.00    0.28340   0.29417  110.874
22807.00    0.28352   0.29385  110.706
22808.00    0.28509   0.29334  110.381
22809.00    0.28389   0.29299  109.892
22810.00    0.28458   0.29266  109.209
22811.00    0.28656   0.29225  108.420
22812.00    0.28943   0.29214  107.617
22813.00    0.28872   0.29179  107.231
22814.00    0.28717   0.29176  107.163
22815.00    0.28565   0.29162  107.446
22816.00    0.28534   0.29159  108.214
22817.00    0.28551   0.29170  109.042
22818.00    0.28587   0.29166  109.857
22819.00    0.28500   0.29193  110.327
22820.00    0.28338   0.29200  110.645
22821.00    0.28163   0.29226  110.868
22822.00    0.28036   0.29248  111.016
22823.00    0.27926   0.29267  111.069
22824.00    0.27898   0.29300  111.082
22825.00    0.27975   0.29316  111.062
22826.00    0.28297   0.29347  111.037
22827.00    0.28588   0.29367  111.115
22828.00    0.28796   0.29389  111.274
22829.00    0.28711   0.29411  111.493
22830.00    0.28783   0.29426  111.635
22831.00    0.28951   0.29449  111.733
22832.00    0.29211   0.29460  111.790
22833.00    0.29022   0.29478  111.765
22834.00    0.28879   0.29490  111.727
22835.00    0.28846   0.29501  111.688
22836.00    0.29111   0.29517  111.700
22837.00    0.29153   0.29523  111.671
22838.00    0.29093   0.29540  111.598
22839.00    0.29073   0.29545  111.460
22840.00    0.29112   0.29558  111.294
22841.00    0.29121   0.29567  111.110
22842.00    0.29070   0.29574  110.908
22843.00    0.29300   0.29586  110.657
22844.00    0.29537   0.29588  110.275
22845.00    0.29752   0.29603  109.714
22846.00    0.29830   0.29602  108.656
22847.00    0.29848   0.29613  107.181
22848.00    0.29802   0.29616  105.387
22849.00    0.29655   0.29620  103.195
22850.00    0.29339   0.29627  100.869
22851.00    0.29085   0.29625   98.515
22852.00    0.28950   0.29635   96.140
22853.00    0.29151   0.29630   93.689
22854.00    0.29193   0.29638   91.163
22855.00    0.29133   0.29639   88.508
22856.00    0.29059   0.29640   85.486
22857.00    0.29349   0.29646   81.783
22858.00    0.29609   0.29644   78.057
22859.00    0.29639   0.29652   74.506
22860.00    0.29509   0.29651   71.666
22861.00    0.29520   0.29654   69.716
22862.00    0.29677   0.29660   68.631
22863.00    0.29944   0.29659   69.693
22864.00    0.30390   0.29666   71.468
22865.00    0.30830   0.29666   73.662
22866.00    0.31018   0.29669   75.997
22867.00    0.30900   0.29673   77.904
22868.00    0.30719   0.29669   79.381
22869.00    0.30524   0.29676   80.299
22870.00    0.30266   0.29672   80.988
22871.00    0.29871   0.29673   81.909
22872.00    0.29383   0.29672   83.063
22873.00    0.28940   0.29664   84.456
22874.00    0.28903   0.29667   85.773
22875.00    0.29141   0.29654   87.044
22876.00    0.29634   0.29653   88.272
22877.00    0.29776   0.29644   89.752
22878.00    0.29700   0.29632   91.328
22879.00    0.29457   0.29629   92.972
22880.00    0.29430   0.29607   94.543
22881.00    0.29449   0.29603   95.844
22882.00    0.29480   0.29585   96.847
22883.00    0.29465   0.29572   97.274
22884.00    0.29273   0.29561   96.654
22885.00    0.29138   0.29538   95.662
22886.00    0.29176   0.29533   94.460
22887.00    0.29458   0.29508   95.468
22888.00    0.29620   0.29500   96.779
22889.00    0.29653   0.29486   98.210
22890.00    0.29600   0.29470   98.855
22891.00    0.29436   0.29464   99.519
22892.00    0.29201   0.29447  100.125
22893.00    0.28922   0.29445  100.566
22894.00    0.28993   0.29433  100.492
22895.00    0.29190   0.29430  100.164
22896.00    0.29461   0.29426   99.646
22897.00    0.29387   0.29423   99.089
22898.00    0.29321   0.29424   98.734
22899.00    0.29268   0.29421   98.633
22900.00    0.29247   0.29424   99.195
22901.00    0.29229   0.29425  100.060
22902.00    0.29255   0.29427  101.035
22903.00    0.29374   0.29428  102.046
22904.00    0.29464   0.29429  102.636
22905.00    0.29370   0.29429  102.766
22906.00    0.29073   0.29424  102.396
22907.00    0.28693   0.29422  101.674
22908.00    0.28495   0.29414  100.939
22909.00    0.28395   0.29401  100.288
22910.00    0.28288   0.29386   99.890
22911.00    0.28664   0.29365   99.999
22912.00    0.29187   0.29338  100.339
22913.00    0.29751   0.29303  100.832
22914.00    0.29304   0.29260  101.113
22915.00    0.28849   0.29207  101.216
22916.00    0.28457   0.29143  101.180
22917.00    0.28361   0.29064  101.028
22918.00    0.28131   0.28975  101.002
22919.00    0.27891   0.28864  101.130
22920.00    0.27745   0.28744  101.537
22921.00    0.27476   0.28601  102.109
22922.00    0.27075   0.28437  102.736
22923.00    0.26537   0.28261  103.402
22924.00    0.26228   0.28052  103.981
22925.00    0.26040   0.27840  104.478
22926.00    0.25968   0.27596  104.873
22927.00    0.26015   0.27342  105.104
22928.00    0.26082   0.27073  105.082
22929.00    0.26031   0.26786  105.045
22930.00    0.25778   0.26501  105.112
22931.00    0.25476   0.26199  105.603
22932.00    0.25086   0.25906  106.214
22933.00    0.24616   0.25612  106.865
22934.00    0.24047   0.25323  107.131
22935.00    0.23715   0.25052  107.133
22936.00    0.23474   0.24790  106.951
22937.00    0.23191   0.24556  106.537
22938.00    0.22907   0.24338  105.897
22939.00    0.22650   0.24147  105.099
22940.00    0.22432   0.23985  104.115
22941.00    0.22179   0.23848  102.891
22942.00    0.22064   0.23742  101.605
22943.00    0.22073   0.23661  100.348
22944.00    0.22143   0.23609   99.424
22945.00    0.22090   0.23582   99.475
22946.00    0.21995   0.23574  100.160
22947.00    0.21914   0.23591  101.341
22948.00    0.21823   0.23622  102.825
22949.00    0.21680   0.23668  104.286
22950.00    0.21501   0.23727  105.642
22951.00    0.21730   0.23793  106.071
22952.00    0.21935   0.23864  106.106
22953.00    0.22043   0.23944  105.885
22954.00    0.21794   0.24018  105.436
22955.00    0.21691   0.24103  105.136
22956.00    0.21762   0.24175  105.096
22957.00    0.22095   0.24255  105.479
22958.00    0.22376   0.24330  106.214
22959.00    0.22473   0.24395  106.966
22960.00    0.22403   0.24473  107.707
22961.00    0.22392   0.24531  108.316
22962.00    0.22468   0.24604  108.686
22963.00    0.22558   0.24664  108.888
22964.00    0.22577   0.24727  108.978
22965.00    0.22281   0.24794  108.997
22966.00    0.22013   0.24849   -1.000
22967.00    0.21857   0.24922   -1.000
22968.00    0.22518   0.24979  108.434
22969.00    0.23061   0.25047  107.901
22970.00    0.23452   0.25115  107.076
22971.00    0.23413   0.25175  105.366
22972.00    0.23385   0.25249  102.994
22973.00    0.23398   0.25305  100.349
22974.00    0.23496   0.25377   97.433
22975.00    0.23884   0.25436   95.548
22976.00    0.24184   0.25493   94.700
22977.00    0.24315   0.25559   95.035
22978.00    0.24036   0.25602   96.310
22979.00    0.23872   0.25662   97.856
22980.00    0.23802   0.25705   99.444
22981.00    0.23800   0.25746  100.632
22982.00    0.23756   0.25794  101.268
22983.00    0.23783   0.25818  101.737
22984.00    0.23923   0.25863  102.191
22985.00    0.24160   0.25887  102.915
22986.00    0.24282   0.25920  103.745
22987.00    0.24329   0.25953  104.648
22988.00    0.24468   0.25971  105.585
22989.00    0.24619   0.26013  106.375
22990.00    0.24753   0.26031  106.994
22991.00    0.24826   0.26071  107.267
22992.00    0.24967   0.26103  107.424
22993.00    0.24968   0.26136  107.467
22994.00    0.24785   0.26181  107.253
22995.00    0.24855   0.26209  105.379
22996.00    0.25095   0.26265  103.289
22997.00    0.25348   0.26300  101.644
22998.00    0.25222   0.26352  101.926
22999.00    0.25092   0.26399  102.496
23000.00    0.25025   0.26442  102.761
23001.00    0.25058   0.26499  102.379
23002.00    0.25162   0.26535  101.751
23003.00    0.25429   0.26597  100.907
23004.00    0.25806   0.26633   99.894
23005.00    0.25870   0.26685   98.504
23006.00    0.25835   0.26728   97.221
23007.00    0.25830   0.26763   96.181
23008.00    0.26085   0.26815   95.811
23009.00    0.26310   0.26838   95.984
23010.00    0.26510   0.26888   96.450
23011.00    0.26680   0.26909   97.279
23012.00    0.26877   0.26944   98.312
23013.00    0.26909   0.26972   99.129
23014.00    0.26766   0.26990   99.721
23015.00    0.26485   0.27023  100.188
23016.00    0.26440   0.27031  100.742
23017.00    0.26554   0.27057  101.332
23018.00    0.26771   0.27065  101.914
23019.00    0.26866   0.27078  102.764
23020.00    0.26987   0.27089  103.670
23021.00    0.27156   0.27093  104.579
23022.00    0.27419   0.27102  104.907
23023.00    0.27389   0.27100  104.884
23024.00    0.27195   0.27104  104.567
23025.00    0.26917   0.27100  103.691
23026.00    0.27009   0.27098  102.570
23027.00    0.27143   0.27095  101.406
23028.00    0.27207   0.27087  100.244
23029.00    0.27010   0.27084   99.358
23030.00    0.26912   0.27069   98.773
23031.00    0.26880   0.27064   98.531
23032.00    0.26637   0.27052   98.556
23033.00    0.26127   0.27039   98.624
23034.00    0.25622   0.27032   98.560
23035.00    0.25449   0.27012   98.153
23036.00    0.25644   0.27005   97.416
23037.00    0.25792   0.26985   96.766
23038.00    0.25790   0.26971   96.294
23039.00    0.25899   0.26959   96.317
23040.00    0.26199   0.26939   96.749
23041.00    0.26546   0.26930   97.479
23042.00    0.26483   0.26908   98.632
23043.00    0.26288   0.26895   99.701
23044.00    0.26098   0.26882  100.596
23045.00    0.26008   0.26863  101.087
23046.00    0.25698   0.26856  100.669
23047.00    0.25609   0.26839   99.818
23048.00    0.25860   0.26830   98.517
23049.00    0.26546   0.26818   97.262
23050.00    0.26957   0.26808   96.428
23051.00    0.27088   0.26801   96.088
23052.00    0.26945   0.26791   96.373
23053.00    0.26903   0.26788   97.264
23054.00    0.26980   0.26781   98.321
23055.00    0.27173   0.26779   99.347
23056.00    0.27130   0.26773  100.074
23057.00    0.26796   0.26773  100.649
23058.00    0.26273   0.26771  101.109
23059.00    0.25727   0.26771  101.293
23060.00    0.25640   0.26773  101.462
23061.00    0.25743   0.26773  101.598
23062.00    0.25972   0.26777  101.646
23063.00    0.26008   0.26776  101.542
23064.00    0.25916   0.26780  101.341
23065.00    0.25673   0.26782  100.995
23066.00    0.25564   0.26785  100.333
23067.00    0.25745   0.26789   99.298
23068.00    0.26031   0.26789   97.873
23069.00    0.25926   0.26793   96.107
23070.00    0.25587   0.26792   94.282
23071.00    0.25274   0.26796   92.633
23072.00    0.25137   0.26795   91.265
23073.00    0.25048   0.26798   90.702
23074.00    0.25034   0.26798   90.634
23075.00    0.25087   0.26796   90.906
23076.00    0.25447   0.26796   91.791
23077.00    0.25842   0.26796   92.820
23078.00    0.26238   0.26797   93.911
23079.00    0.26578   0.26795   94.967
23080.00    0.26998   0.26796   95.679
23081.00    0.27288   0.26794   96.026
23082.00    0.27307   0.26795   95.771
23083.00    0.26854   0.26793   94.627
23084.00    0.26417   0.26795   92.957
23085.00    0.25967   0.26795   90.743
23086.00    0.25406   0.26794   88.187
23087.00    0.24949   0.26796   85.490
23088.00    0.24810   0.26794   83.014
23089.00    0.25159   0.26797   80.991
23090.00    0.25898   0.26796   80.171
23091.00    0.26650   0.26798   80.239
23092.00    0.27343   0.26799   80.932
23093.00    0.27392   0.26800   82.969
23094.00    0.27218   0.26804   85.061
23095.00    0.26884   0.26804   87.078
23096.00    0.26263   0.26809   88.339
23097.00    0.25600   0.26810   88.776
23098.00    0.25233   0.26815   88.778
23099.00    0.25523   0.26818   88.200
23100.00    0.26415   0.26821   87.736
23101.00    0.27203   0.26828   87.563
23102.00    0.27777   0.26829   87.800
23103.00    0.27834   0.26835   88.542
23104.00    0.27674   0.26837   89.602
23105.00    0.27418   0.26841   90.825
23106.00    0.27225   0.26844   91.980
23107.00    0.26968   0.26846   92.834
23108.00    0.26744   0.26848   93.451
23109.00    0.26574   0.26851   93.895
23110.00    0.26604   0.26850   94.255
23111.00    0.26676   0.26851   94.646
23112.00    0.26802   0.26850   95.050
23113.00    0.27206   0.26848   95.380
23114.00    0.27543   0.26850   95.706
23115.00    0.27728   0.26842   95.974
23116.00    0.27549   0.26845   96.088
23117.00    0.27305   0.26838   95.966
23118.00    0.26971   0.26836   95.673
23119.00    0.26505   0.26833   95.132
23120.00    0.25909   0.26824   94.300
23121.00    0.25504   0.26823   93.324
23122.00    0.25364   0.26813   92.294
23123.00    0.25563   0.26810   91.373
23124.00    0.25922   0.26798   90.886
23125.00    0.26237   0.26792   90.785
23126.00    0.26430   0.26781   90.993
23127.00    0.26720   0.26768   91.992
23128.00    0.26814   0.26758   93.284
23129.00    0.26740   0.26740   94.704
23130.00    0.26237   0.26732   95.593
23131.00    0.26008   0.26708   95.671
23132.00    0.25886   0.26697   95.213
23133.00    0.25834   0.26673   93.841
23134.00    0.25711   0.26653   92.105
23135.00    0.25680   0.26639   90.416
23136.00    0.25826   0.26606   88.858
23137.00    0.26252   0.26597   87.850
23138.00    0.26591   0.26566   87.331
23139.00    0.26750   0.26549   87.341
23140.00    0.26564   0.26532   87.776
23141.00    0.26275   0.26503   88.352
23142.00    0.26090   0.26499   88.904
23143.00    0.26123   0.26472   89.327
23144.00    0.26351   0.26466   89.048
23145.00    0.26397   0.26455   88.748
23146.00    0.26275   0.26439   88.552
23147.00    0.26064   0.26445   89.923
23148.00    0.25772   0.26429   91.254
23149.00    0.25432   0.26435   92.357
23150.00    0.25008   0.26433   92.457
23151.00    0.24854   0.26430   91.932
23152.00    0.24920   0.26440   91.085
23153.00    0.25352   0.26432   89.797
23154.00    0.26013   0.26442   88.567
23155.00    0.26548   0.26440   87.733
23156.00    0.26927   0.26437   87.445
23157.00    0.27193   0.26441   87.845
23158.00    0.27330   0.26429   88.606
23159.00    0.27419   0.26430   89.368
23160.00    0.27537   0.26418   89.784
23161.00    0.27603   0.26407   89.347
23162.00    0.27459   0.26396   88.505
23163.00    0.27134   0.26378   87.479
23164.00    0.26776   0.26364   86.104
23165.00    0.26115   0.26344   84.699
23166.00    0.25309   0.26329   83.311
23167.00    0.24469   0.26308   81.973
23168.00    0.24695   0.26293   80.723
23169.00    0.25174   0.26273   79.731
23170.00    0.25785   0.26261   79.261
23171.00    0.25673   0.26247   79.926
23172.00    0.25568   0.26236   81.159
23173.00    0.25514   0.26233   83.171
23174.00    0.25668   0.26223   85.515
23175.00    0.25973   0.26228   87.623
23176.00    0.26262   0.26227   89.224
23177.00    0.26325   0.26235   90.095
23178.00    0.25974   0.26247   90.103
23179.00    0.25601   0.26256   89.651
23180.00    0.25331   0.26275   88.981
23181.00    0.25262   0.26293   88.284
23182.00    0.25415   0.26314   87.835
23183.00    0.25685   0.26340   87.553
23184.00    0.25983   0.26363   87.557
23185.00    0.25976   0.26392   87.575
23186.00    0.25902   0.26420   87.470
23187.00    0.25843   0.26448   86.997
23188.00    0.25695   0.26480   85.631
23189.00    0.25460   0.26506   83.904
23190.00    0.25150   0.26538   81.731
23191.00    0.25127   0.26567   79.540
23192.00    0.25275   0.26594   77.550
23193.00    0.25503   0.26625   75.927
23194.00    0.25609   0.26646   74.871
23195.00    0.25893   0.26673   74.728
23196.00    0.26238   0.26693   75.286
23197.00    0.26580   0.26710   76.323
23198.00    0.26523   0.26729   78.227
23199.00    0.26571   0.26737   80.538
23200.00    0.26704   0.26745   83.100
23201.00    0.26577   0.26745   85.278
23202.00    0.26050   0.26739   86.476
23203.00    0.25546   0.26728   87.079
23204.00    0.25574   0.26705   86.612
23205.00    0.25775   0.26677   84.936
23206.00    0.25920   0.26633   83.119
23207.00    0.25946   0.26582   81.343
23208.00    0.25950   0.26512   81.049
23209.00    0.25634   0.26433   80.755
23210.00    0.25114   0.26335   80.360
23211.00    0.24833   0.26222   79.675
23212.00    0.24939   0.26092   79.796
23213.00    0.24987   0.25939   80.770
23214.00    0.24699   0.25777   82.494
23215.00    0.24160   0.25586   84.576
23216.00    0.24088   0.25390   86.094
23217.00    0.24400   0.25170   87.089
23218.00    0.24679   0.24938   86.228
23219.00    0.24712   0.24700   84.597
23220.00    0.24703   0.24442   82.747
23221.00    0.24938   0.24193   80.962
23222.00    0.24554   0.23929   80.439
23223.00    0.24037   0.23676   80.625
23224.00    0.23427   0.23425   82.060
23225.00    0.23222   0.23178   84.520
23226.00    0.22932   0.22955   87.261
23227.00    0.22429   0.22736   90.121
23228.00    0.21464   0.22548   92.337
23229.00    0.20562   0.22370   93.837
23230.00    0.19946   0.22221   94.544
23231.00    0.19757   0.22099   94.609
23232.00    0.19877   0.21994   94.071
23233.00    0.19990   0.21927   93.436
23234.00    0.20031   0.21869   92.847
23235.00    0.19681   0.21849   92.374
23236.00    0.19710   0.21842   92.108
23237.00    0.19930   0.21856   91.962
23238.00    0.20258   0.21895   92.043
23239.00    0.19965   0.21936   91.922
23240.00    0.19629   0.22008   91.490
23241.00    0.19456   0.22071   90.344
23242.00    0.19394   0.22159   87.689
23243.00    0.19304   0.22244   84.454
23244.00    0.19238   0.22333   80.587
23245.00    0.19457   0.22434   76.981
23246.00    0.19896   0.22521   74.396
23247.00    0.20584   0.22628   73.110
23248.00    0.21477   0.22713   73.205
23249.00    0.21771   0.22812   75.092
23250.00    0.21596   0.22902   78.116
23251.00    0.21135   0.22989   81.865
23252.00    0.21036   0.23083   85.651
23253.00    0.20928   0.23160   88.705
23254.00    0.20817   0.23250   91.243
23255.00    0.20911   0.23323   92.261
23256.00    0.21218   0.23404   92.523
23257.00    0.21503   0.23478   92.472
23258.00    0.21556   0.23550   91.993
23259.00    0.21961   0.23622   91.781
23260.00    0.22403   0.23687   91.744
23261.00    0.22797   0.23756   91.992
23262.00    0.22617   0.23814   92.427
23263.00    0.22343   0.23880   92.703
23264.00    0.22043   0.23932   92.626
23265.00    0.21863   0.23991   92.020
23266.00    0.21973   0.24040   90.640
23267.00    0.22275   0.24086   88.530
23268.00    0.22668   0.24137   85.985
23269.00    0.22910   0.24168   82.734
23270.00    0.23082   0.24217   79.326
23271.00    0.23208   0.24240   76.025
23272.00    0.22880   0.24276   72.915
23273.00    0.22518   0.24304   70.775
23274.00    0.22267   0.24320   69.352
23275.00    0.22513   0.24353   69.658
23276.00    0.22731   0.24358   71.755
23277.00    0.22921   0.24386   74.660
23278.00    0.23056   0.24396   78.937
23279.00    0.23104   0.24410   83.671
23280.00    0.23019   0.24434   88.295
23281.00    0.22882   0.24438   92.216
23282.00    0.22960   0.24466   94.954
23283.00    0.23013   0.24477   96.605
23284.00    0.22896   0.24500   97.420
23285.00    0.22558   0.24524   97.860
23286.00    0.22304   0.24542   97.917
23287.00    0.22398   0.24574   97.802
23288.00    0.22734   0.24597   97.620
23289.00    0.23203   0.24627   97.431
23290.00    0.23437   0.24659   97.245
23291.00    0.23548   0.24684   97.066
23292.00    0.23431   0.24718   96.927
23293.00    0.23239   0.24747   96.929
23294.00    0.23172   0.24774   96.879
23295.00    0.23403   0.24809   96.653
23296.00    0.23647   0.24831   96.040
23297.00    0.23499   0.24862   95.082
23298.00    0.22909   0.24888   93.559
23299.00    0.22339   0.24910   91.430
23300.00    0.22294   0.24942   88.978
23301.00    0.22561   0.24958   86.516
23302.00    0.22829   0.24989   84.335
23303.00    0.23131   0.25009   83.270
23304.00    0.23618   0.25032   83.332
23305.00    0.24253   0.25061   84.110
23306.00    0.24666   0.25077   86.213
23307.00    0.24787   0.25111   88.689
23308.00    0.24783   0.25130   91.329
23309.00    0.24731   0.25160   93.516
23310.00    0.24657   0.25186   94.887
23311.00    0.24507   0.25211   95.922
23312.00    0.24164   0.25243   96.352
23313.00    0.24095   0.25268   96.470
23314.00    0.24161   0.25302   96.523
23315.00    0.24330   0.25328   96.482
23316.00    0.24133   0.25360   96.415
23317.00    0.23725   0.25388   96.242
23318.00    0.23219   0.25418   95.880
23319.00    0.22817   0.25448   95.302
23320.00    0.22844   0.25474   94.462
23321.00    0.23164   0.25504   93.397
23322.00    0.23628   0.25526   92.214
23323.00    0.24166   0.25554   90.759
23324.00    0.24580   0.25575   89.373
23325.00    0.24881   0.25596   88.075
23326.00    0.24494   0.25618   87.080
23327.00    0.24213   0.25632   86.523
23328.00    0.23998   0.25653   86.193
23329.00    0.23936   0.25666   86.335
23330.00    0.23713   0.25681   86.663
23331.00    0.23594   0.25696   87.127
23332.00    0.23654   0.25705   87.846
23333.00    0.23729   0.25721   88.787
23334.00    0.23706   0.25730   89.813
23335.00    0.23610   0.25741   90.904
23336.00    0.23540   0.25754   91.980
23337.00    0.23818   0.25760   92.839
23338.00    0.24275   0.25769   93.440
23339.00    0.24766   0.25776   93.852
23340.00    0.24569   0.25779   94.105
23341.00    0.24286   0.25787   94.243
23342.00    0.24033   0.25785   94.319
23343.00    0.24499   0.25785   93.904
23344.00    0.24719   0.25783   93.093
23345.00    0.24738   0.25774   92.098
23346.00    0.24133   0.25771   90.708
23347.00    0.23625   0.25759   89.404
23348.00    0.23362   0.25751   88.354
23349.00    0.23599   0.25739   87.830
23350.00    0.24028   0.25726   88.023
23351.00    0.24160   0.25717   88.574
23352.00    0.24025   0.25705   89.402
23353.00    0.23984   0.25696   89.946
23354.00    0.24111   0.25688   89.673
23355.00    0.24261   0.25681   88.388
23356.00    0.24324   0.25675   86.377
23357.00    0.24439   0.25673   83.394
23358.00    0.24273   0.25668   80.318
23359.00    0.23900   0.25669   77.417
23360.00    0.23583   0.25669   75.094
23361.00    0.23582   0.25664   73.865
23362.00    0.23683   0.25666   73.263
23363.00    0.23759   0.25660   74.577
23364.00    0.24093   0.25659   76.904
23365.00    0.24363   0.25653   79.634
23366.00    0.24395   0.25645   82.890
23367.00    0.24203   0.25636   85.647
23368.00    0.24155   0.25624   87.787
23369.00    0.24227   0.25610   88.753
23370.00    0.24111   0.25595   88.778
23371.00    0.24222   0.25578   88.122
23372.00    0.24500   0.25559   86.929
23373.00    0.24814   0.25542   85.578
23374.00    0.24477   0.25518   84.343
23375.00    0.24096   0.25503   83.517
23376.00    0.23838   0.25483   82.992
23377.00    0.23947   0.25462   83.539
23378.00    0.23933   0.25452   83.823
23379.00    0.23830   0.25428   83.931
23380.00    0.23451   0.25421   83.801
23381.00    0.23049   0.25408   84.366
23382.00    0.22797   0.25395   84.576
23383.00    0.23005   0.25397   83.268
23384.00    0.23123   0.25383   79.129
23385.00    0.22706   0.25390   74.326
23386.00    0.21498   0.25390   68.437
23387.00    0.20249   0.25390   -1.000
23388.00    0.20223   0.25408   56.404
23389.00    0.21386   0.25406   51.332
23390.00    0.23008   0.25428   47.462
23391.00    0.23812   0.25437   45.287
23392.00    0.24128   0.25450   44.485
23393.00    0.24272   0.25476   44.421
23394.00    0.24609   0.25480   45.885
23395.00    0.24873   0.25507   47.562
23396.00    0.25067   0.25516   49.267
23397.00    0.24789   0.25532   50.250
23398.00    0.24275   0.25550   50.448
23399.00    0.23867   0.25552   50.446
23400.00    0.24061   0.25572   50.353
23401.00    0.24591   0.25571   51.865
23402.00    0.24690   0.25583   53.911
23403.00    0.24084   0.25587   56.925
23404.00    0.23835   0.25588   59.912
23405.00    0.23996   0.25598   62.893
23406.00    0.24408   0.25595   65.598
23407.00    0.24546   0.25606   67.933
23408.00    0.24663   0.25608   69.515
23409.00    0.24539   0.25619   70.497
23410.00    0.24160   0.25631   71.239
23411.00    0.23563   0.25640   71.735
23412.00    0.23231   0.25662   72.426
23413.00    0.23080   0.25677   73.272
23414.00    0.23108   0.25701   74.969
23415.00    0.23194   0.25722   76.928
23416.00    0.23359   0.25746   78.986
23417.00    0.23863   0.25772   80.852
23418.00    0.24453   0.25794   81.952
23419.00    0.24987   0.25820   82.690
23420.00    0.25381   0.25836   82.679
23421.00    0.25694   0.25855   82.484
23422.00    0.25732   0.25866   82.405
23423.00    0.25378   0.25871   82.632
23424.00    0.24777   0.25875   83.341
23425.00    0.24611   0.25865   84.422
23426.00    0.24773   0.25857   85.576
23427.00    0.25036   0.25831   86.535
23428.00    0.24734   0.25804   86.898
23429.00    0.24316   0.25768   86.760
23430.00    0.23918   0.25719   86.385
23431.00    0.24232   0.25669   85.527
23432.00    0.24379   0.25601   84.739
23433.00    0.24360   0.25534   84.025
23434.00    0.23554   0.25451   83.590
23435.00    0.22941   0.25363   83.486
23436.00    0.22571   0.25269   83.536
23437.00    0.22800   0.25164   83.934
23438.00    0.23068   0.25059   84.526
23439.00    0.22901   0.24941   85.174
23440.00    0.22177   0.24825   85.858
23441.00    0.21476   0.24703   86.424
23442.00    0.21436   0.24582   86.734
23443.00    0.21883   0.24462   86.558
23444.00    0.22382   0.24341   85.920
23445.00    0.22605   0.24229   84.687
23446.00    0.22492   0.24121   82.959
23447.00    0.22186   0.24021   81.041
23448.00    0.21929   0.23934   78.609
23449.00    0.21464   0.23854   76.182
23450.00    0.20906   0.23788   73.879
23451.00    0.20242   0.23738   71.833
23452.00    0.20488   0.23693   70.617
23453.00    0.20880   0.23677   69.838
23454.00    0.21316   0.23662   70.116
23455.00    0.21407   0.23664   71.426
23456.00    0.21458   0.23682   73.145
23457.00    0.21450   0.23701   75.473
23458.00    0.21446   0.23748   77.584
23459.00    0.21532   0.23786   79.289
23460.00    0.21636   0.23840   80.230
23461.00    0.21641   0.23900   80.470
23462.00    0.21341   0.23955   79.502
23463.00    0.21078   0.24031   77.304
23464.00    0.20967   0.24087   74.542
23465.00    0.21472   0.24158   71.258
23466.00    0.21930   0.24224   69.012
23467.00    0.22317   0.24280   67.335
23468.00    0.22587   0.24350   67.907
23469.00    0.23109   0.24397   70.074
23470.00    0.23662   0.24457   72.939
23471.00    0.24143   0.24503   77.187
23472.00    0.24033   0.24544   80.644
23473.00    0.23627   0.24589   83.746
23474.00    0.22694   0.24615   85.580
23475.00    0.21933   0.24653   86.445
23476.00    0.21610   0.24671   86.757
23477.00    0.21720   0.24694   86.395
23478.00    0.21831   0.24710   85.776
23479.00    0.21844   0.24715   84.831
23480.00    0.21949   0.24731   83.598
23481.00    0.22209   0.24725   82.248
23482.00    0.22545   0.24733   80.716
23483.00    0.22689   0.24727   79.257
23484.00    0.22715   0.24720   77.884
23485.00    0.22645   0.24720   76.894
23486.00    0.22430   0.24701   76.274
23487.00    0.22178   0.24703   75.684
23488.00    0.21916   0.24685   74.733
23489.00    0.22398   0.24676   74.185
23490.00    0.23010   0.24670   74.315
23491.00    0.23774   0.24649   76.087
23492.00    0.23978   0.24653   78.243
23493.00    0.24062   0.24631   80.224
23494.00    0.24037   0.24629   81.837
23495.00    0.24088   0.24620   83.217
23496.00    0.23750   0.24601   84.338
23497.00    0.23093   0.24605   85.151
23498.00    0.22333   0.24577   85.792
23499.00    0.22016   0.24573   85.971
23500.00    0.21962   0.24553   85.734
23501.00    0.22000   0.24523   85.311
23502.00    0.22154   0.24508   84.634
23503.00    0.22173   0.24460   84.326
23504.00    0.22126   0.24429   84.188
23505.00    0.21867   0.24376   84.524
23506.00    0.22030   0.24310   84.721
23507.00    0.22230   0.24253   84.824
23508.00    0.22416   0.24160   84.636
23509.00    0.22420   0.24077   83.876
23510.00    0.22509   0.23971   82.726
23511.00    0.22572   0.23851   80.831
23512.00    0.22187   0.23733   78.324
23513.00    0.21476   0.23584   75.319
23514.00    0.20832   0.23442   72.004
23515.00    0.20645   0.23282   68.843
23516.00    0.20879   0.23110   66.266
23517.00    0.21150   0.22941   64.677
23518.00    0.21331   0.22755   63.674
23519.00    0.21632   0.22572   63.659
23520.00    0.21366   0.22389   63.637
23521.00    0.20853   0.22197   63.545
23522.00    0.19925   0.22020   63.057
23523.00    0.19530   0.21841   62.289
23524.00    0.19269   0.21668   61.610
23525.00    0.19273   0.21515   61.404
23526.00    0.19765   0.21359   62.597
23527.00    0.20000   0.21228   64.372
23528.00    0.19716   0.21108   67.225
23529.00    0.19093   0.21001   70.225
23530.00    0.18802   0.20921   73.177
23531.00    0.18668   0.20847   75.839
23532.00    0.18292   0.20799   78.258
23533.00    0.18104   0.20765   80.198
23534.00    0.18339   0.20748   81.607
23535.00    0.18878   0.20751   82.750
23536.00    0.18933   0.20766   83.160
23537.00    0.18922   0.20796   82.889
23538.00    0.18922   0.20839   82.358
23539.00    0.19067   0.20890   80.778
23540.00    0.18427   0.20955   78.433
23541.00    0.17691   0.21028   75.936
23542.00    0.17182   0.21100   72.952
23543.00    0.17214   0.21188   70.420
23544.00    0.17255   0.21264   68.299
23545.00    0.17425   0.21355   66.978
23546.00    0.18162   0.21438   66.690
23547.00    0.18758   0.21519   66.945
23548.00    0.19263   0.21608   67.848
23549.00    0.19885   0.21677   68.879
23550.00    0.20630   0.21762   70.169
23551.00    0.20936   0.21825   71.684
23552.00    0.20711   0.21895   73.318
23553.00    0.20528   0.21960   74.813
23554.00    0.20577   0.22010   75.919
23555.00    0.20748   0.22075   76.832
23556.00    0.20750   0.22113   76.964
23557.00    0.20416   0.22169   76.603
23558.00    0.20000   0.22209   76.042
23559.00    0.19561   0.22249   74.843
23560.00    0.19643   0.22295   73.321
23561.00    0.19763   0.22322   71.725
23562.00    0.19949   0.22368   69.866
23563.00    0.20227   0.22396   67.892
23564.00    0.20660   0.22434   66.289
23565.00    0.21141   0.22469   65.460
23566.00    0.21260   0.22495   65.580
23567.00    0.21135   0.22533   66.697
23568.00    0.21246   0.22557   68.994
23569.00    0.21845   0.22590   72.049
23570.00    0.22302   0.22617   75.304
23571.00    0.22290   0.22641   77.934
23572.00    0.22006   0.22668   80.136
23573.00    0.21850   0.22688   81.202
23574.00    0.21605   0.22712   81.592
23575.00    0.21342   0.22730   81.745
23576.00    0.21211   0.22748   81.243
23577.00    0.21367   0.22763   80.357
23578.00    0.21492   0.22778   79.306
23579.00    0.21436   0.22792   77.799
23580.00    0.21272   0.22804   76.236
23581.00    0.21182   0.22816   74.782
23582.00    0.21207   0.22826   73.600
23583.00    0.21236   0.22839   72.884
23584.00    0.21364   0.22849   72.660
23585.00    0.21555   0.22860   73.087
23586.00    0.21726   0.22873   73.907
23587.00    0.21571   0.22884   74.965
23588.00    0.21179   0.22900   75.818
23589.00    0.20704   0.22915   76.440
23590.00    0.20394   0.22929   76.326
23591.00    0.20235   0.22949   75.092
23592.00    0.20139   0.22965   73.461
23593.00    0.20463   0.22986   70.154
23594.00    0.21043   0.23008   65.949
23595.00    0.21583   0.23025   61.944
23596.00    0.21835   0.23052   57.936
23597.00    0.22083   0.23071   55.394
23598.00    0.22155   0.23095   53.785
23599.00    0.21880   0.23120   54.010
23600.00    0.21492   0.23138   55.924
23601.00    0.21267   0.23167   58.927
23602.00    0.21054   0.23185   63.200
23603.00    0.20606   0.23210   67.864
23604.00    0.20566   0.23233   72.180
23605.00    0.20923   0.23250   75.365
23606.00    0.21454   0.23277   77.763
23607.00    0.21688   0.23291   78.720
23608.00    0.21764   0.23314   79.067
23609.00    0.21796   0.23333   79.274
23610.00    0.21737   0.23344   78.937
23611.00    0.21636   0.23365   78.363
23612.00    0.21504   0.23371   77.708
23613.00    0.21234   0.23384   76.800
23614.00    0.21284   0.23392   75.936
23615.00    0.21332   0.23391   75.167
23616.00    0.21375   0.23399   74.683
23617.00    0.21424   0.23389   74.693
23618.00    0.21758   0.23388   74.961
23619.00    0.22286   0.23378   75.525
23620.00    0.22558   0.23363   76.089
23621.00    0.22500   0.23356   76.418
23622.00    0.22226   0.23333   76.258
23623.00    0.21926   0.23322   75.747
23624.00    0.21550   0.23302   74.814
23625.00    0.21526   0.23286   73.802
23626.00    0.21698   0.23273   72.822
23627.00    0.22323   0.23257   72.203
23628.00    0.22570   0.23249   72.082
23629.00    0.22676   0.23240   72.111
23630.00    0.22366   0.23237   72.518
23631.00    0.22114   0.23234   72.894
23632.00    0.21918   0.23240   73.255
23633.00    0.21887   0.23242   73.560
23634.00    0.21957   0.23254   73.795
23635.00    0.21947   0.23264   73.943
23636.00    0.21776   0.23272   73.959
23637.00    0.21475   0.23292   73.945
23638.00    0.21272   0.23295   74.010
23639.00    0.21198   0.23317   74.175
23640.00    0.21194   0.23323   74.395
23641.00    0.21266   0.23333   74.585
23642.00    0.21426   0.23348   74.441
23643.00    0.21624   0.23343   74.097
23644.00    0.21534   0.23361   72.956
23645.00    0.21235   0.23356   70.784
23646.00    0.20892   0.23363   68.382
23647.00    0.20649   0.23367   65.013
23648.00    0.20426   0.23359   62.047
23649.00    0.20375   0.23371   59.530
23650.00    0.20971   0.23362   57.976
23651.00    0.21960   0.23370   57.841
23652.00    0.22444   0.23372   58.342
23653.00    0.22010   0.23371   60.120
23654.00    0.21295   0.23382   62.475
23655.00    0.20975   0.23381   65.028
23656.00    0.21067   0.23392   67.512
23657.00    0.21265   0.23399   69.759
23658.00    0.21386   0.23405   71.708
23659.00    0.21573   0.23419   73.237
23660.00    0.21833   0.23425   74.580
23661.00    0.22091   0.23439   75.377
23662.00    0.22174   0.23448   75.791
23663.00    0.22199   0.23460   76.093
23664.00    0.22423   0.23475   76.011
23665.00    0.22359   0.23483   76.049
23666.00    0.22193   0.23500   76.113
23667.00    0.21701   0.23509   76.192
23668.00    0.21163   0.23525   75.427
23669.00    0.20692   0.23540   74.648
23670.00    0.20540   0.23551   74.180
23671.00    0.21067   0.23573   74.940
23672.00    0.21615   0.23582   75.693
23673.00    0.22045   0.23605   76.117
23674.00    0.22244   0.23622   76.023
23675.00    0.22664   0.23636   75.890
23676.00    0.23040   0.23663   75.736
23677.00    0.23279   0.23673   75.583
23678.00    0.23334   0.23700   75.390
23679.00    0.23302   0.23717   75.121
23680.00    0.23251   0.23732   74.826
23681.00    0.22943   0.23758   74.414
23682.00    0.22729   0.23763   73.566
23683.00    0.22566   0.23785   72.606
23684.00    0.22634   0.23792   71.279
23685.00    0.22737   0.23797   70.044
23686.00    0.22769   0.23806   68.969
23687.00    0.22735   0.23795   68.086
23688.00    0.23167   0.23796   66.714
23689.00    0.23679   0.23780   65.813
23690.00    0.24077   0.23763   66.611
23691.00    0.24065   0.23744   69.883
23692.00    0.24087   0.23711   73.320
23693.00    0.24022   0.23684   75.582
23694.00    0.23849   0.23645   76.576
23695.00    0.23555   0.23607   77.106
23696.00    0.23316   0.23568   77.364
23697.00    0.23122   0.23524   77.555
23698.00    0.22700   0.23484   77.350
23699.00    0.22385   0.23445   76.911
23700.00    0.22126   0.23407   76.427
23701.00    0.22158   0.23377   75.882
23702.00    0.22362   0.23348   75.458
23703.00    0.22508   0.23324   75.126
23704.00    0.22422   0.23312   75.102
23705.00    0.22035   0.23297   75.361
23706.00    0.21874   0.23298   75.746
23707.00    0.22050   0.23299   76.309
23708.00    0.22243   0.23302   76.852
23709.00    0.22018   0.23320   77.210
23710.00    0.21590   0.23325   77.254
23711.00    0.21291   0.23348   77.101
23712.00    0.21119   0.23362   76.708
23713.00    0.21021   0.23374   75.645
23714.00    0.20939   0.23393   74.265
23715.00    0.21173   0.23393   73.007
23716.00    0.21129   0.23405   73.072
23717.00    0.20999   0.23400   73.467
23718.00    0.20888   0.23390   73.447
23719.00    0.21025   0.23381   71.161
23720.00    0.21171   0.23350   68.484
23721.00    0.21390   0.23328   64.535
23722.00    0.22322   0.23289   60.460
23723.00    0.22982   0.23244   56.864
23724.00    0.22940   0.23201   54.174
23725.00    0.22275   0.23139   53.014
23726.00    0.22013   0.23085   53.326
23727.00    0.21864   0.23021   55.609
23728.00    0.21374   0.22951   58.918
23729.00    0.20673   0.22886   63.098
23730.00    0.20153   0.22810   67.233
23731.00    0.19829   0.22739   71.184
23732.00    0.20048   0.22668   73.500
23733.00    0.20629   0.22589   74.534
23734.00    0.21297   0.22521   75.232
23735.00    0.21817   0.22448   74.795
23736.00    0.22379   0.22377   74.160
23737.00    0.22759   0.22315   73.467
23738.00    0.22144   0.22247   72.564
23739.00    0.21189   0.22191   72.017
23740.00    0.20582   0.22138   71.578
23741.00    0.20678   0.22086   71.387
23742.00    0.20632   0.22049   71.296
23743.00    0.20349   0.22009   71.330
23744.00    0.20081   0.21980   71.370
23745.00    0.20238   0.21961   71.205
23746.00    0.20386   0.21941   70.644
23747.00    0.20184   0.21941   69.198
23748.00    0.19701   0.21938   67.276
23749.00    0.19169   0.21945   64.532
23750.00    0.19089   0.21963   61.999
23751.00    0.19199   0.21979   59.732
23752.00    0.20334   0.22013   58.425
23753.00    0.21137   0.22042   58.296
23754.00    0.21727   0.22078   58.445
23755.00    0.21142   0.22120   59.552
23756.00    0.20828   0.22161   60.469
23757.00    0.20727   0.22209   61.299
23758.00    0.21173   0.22252   61.892
23759.00    0.21568   0.22300   62.692
23760.00    0.22046   0.22342   63.792
23761.00    0.22467   0.22385   65.444
23762.00    0.22584   0.22425   67.454
23763.00    0.22450   0.22459   69.635
23764.00    0.22286   0.22493   71.660
23765.00    0.22261   0.22516   73.464
23766.00    0.22284   0.22540   74.782
23767.00    0.22456   0.22554   75.491
23768.00    0.22694   0.22563   75.977
23769.00    0.22607   0.22572   75.860
23770.00    0.21994   0.22567   75.561
23771.00    0.21279   0.22566   75.220
23772.00    0.20528   0.22556   74.637
23773.00    0.20145   0.22541   73.811
23774.00    0.19931   0.22533   72.852
23775.00    0.20223   0.22510   71.272
23776.00    0.20273   0.22498   68.832
23777.00    0.20299   0.22480   66.215
23778.00    0.20561   0.22459   63.420
23779.00    0.21431   0.22455   61.063
23780.00    0.21979   0.22435   59.393
23781.00    0.21924   0.22431   58.752
23782.00    0.21493   0.22428   58.711
23783.00    0.21068   0.22421   59.828
23784.00    0.20851   0.22436   62.414
23785.00    0.20752   0.22434   65.831
23786.00    0.21146   0.22451   69.381
23787.00    0.21344   0.22471   71.727
23788.00    0.21466   0.22482   73.767
23789.00    0.21365   0.22518   74.783
23790.00    0.21515   0.22532   75.457
23791.00    0.21594   0.22565   75.995
23792.00    0.21281   0.22596   75.921
23793.00    0.20738   0.22616   75.298
23794.00    0.20267   0.22655   74.422
23795.00    0.19911   0.22669   72.903
23796.00    0.19505   0.22699   70.978
23797.00    0.19299   0.22718   69.042
23798.00    0.19663   0.22730   67.423
23799.00    0.20516   0.22748   66.267
23800.00    0.21435   0.22746   65.729
23801.00    0.21987   0.22753   66.068
23802.00    0.22263   0.22745   66.805
23803.00    0.22093   0.22735   68.349
23804.00    0.21423   0.22720   69.838
23805.00    0.20621   0.22698   71.288
23806.00    0.19748   0.22672   72.320
23807.00    0.20101   0.22640   73.202
23808.00    0.20617   0.22604   74.044
23809.00    0.21352   0.22558   74.627
23810.00    0.21163   0.22515   75.012
23811.00    0.20906   0.22455   75.284
23812.00    0.20474   0.22399   75.211
23813.00    0.19988   0.22331   74.881
23814.00    0.19680   0.22252   74.360
23815.00    0.19702   0.22177   73.432
23816.00    0.19912   0.22076   72.242
23817.00    0.19972   0.21982   70.714
23818.00    0.20211   0.21870   68.701
23819.00    0.20664   0.21749   66.551
23820.00    0.21255   0.21627   64.037
23821.00    0.21539   0.21483   61.301
23822.00    0.21688   0.21345   58.690
23823.00    0.21711   0.21193   56.459
23824.00    0.21343   0.21040   55.583
23825.00    0.20893   0.20887   55.046
23826.00    0.20202   0.20727   56.128
23827.00    0.19789   0.20577   58.566
23828.00    0.19417   0.20427   61.399
23829.00    0.19127   0.20287   64.833
23830.00    0.18691   0.20155   67.336
23831.00    0.18390   0.20036   69.290
23832.00    0.18421   0.19930   69.809
23833.00    0.18708   0.19838   69.419
23834.00    0.18689   0.19765   67.733
23835.00    0.18282   0.19703   63.980
23836.00    0.17722   0.19665   59.568
23837.00    0.17434   0.19638   54.179
23838.00    0.17718   0.19627   48.208
23839.00    0.18226   0.19635   43.034
23840.00    0.18911   0.19649   38.565
23841.00    0.19431   0.19681   36.473
23842.00    0.19886   0.19721   34.950
23843.00    0.19860   0.19766   35.832
23844.00    0.19265   0.19819   38.751
23845.00    0.18582   0.19875   42.353
23846.00    0.17632   0.19932   47.441
23847.00    0.16927   0.19994   52.247
23848.00    0.16539   0.20050   57.638
23849.00    0.16747   0.20104   62.580
23850.00    0.17096   0.20161   66.661
23851.00    0.17587   0.20204   69.187
23852.00    0.18175   0.20255   69.902
23853.00    0.18736   0.20294   70.398
23854.00    0.18830   0.20329   70.473
23855.00    0.18837   0.20369   70.422
23856.00    0.18912   0.20393   70.405
23857.00    0.18922   0.20427   70.251
23858.00    0.18554   0.20452   69.674
23859.00    0.18100   0.20476   68.997
23860.00    0.18138   0.20504   67.415
23861.00    0.17785   0.20527   64.309
23862.00    0.17353   0.20554   61.095
23863.00    0.16722   0.20582   56.718
23864.00    0.16867   0.20609   51.992
23865.00    0.17067   0.20638   47.780
23866.00    0.17478   0.20673   44.033
23867.00    0.18138   0.20701   41.256
23868.00    0.19577   0.20742   39.090
23869.00    0.21503   0.20776   37.525
23870.00    0.23009   0.20812   36.207
23871.00    0.23244   0.20859   35.320
23872.00    0.22812   0.20888   35.014
23873.00    0.22391   0.20941   34.944
23874.00    0.21918   0.20977   35.789
23875.00    0.21617   0.21018   37.963
23876.00    0.21374   0.21071   40.775
23877.00    0.21323   0.21101   45.130
23878.00    0.21132   0.21156   49.544
23879.00    0.20927   0.21193   54.612
23880.00    0.20708   0.21235   59.132
23881.00    0.20378   0.21286   62.795
23882.00    0.20157   0.21319   66.217
23883.00    0.20148   0.21369   67.998
23884.00    0.19954   0.21408   69.223
23885.00    0.19739   0.21447   70.107
23886.00    0.19713   0.21494   70.464
23887.00    0.20007   0.21530   70.714
23888.00    0.20132   0.21570   70.847
23889.00    0.20152   0.21613   70.898
23890.00    0.20177   0.21645   70.946
23891.00    0.20083   0.21688   70.974
23892.00    0.19597   0.21723   70.964
23893.00    0.18977   0.21752   70.943
23894.00    0.18984   0.21795   70.728
23895.00    0.19462   0.21813   70.244
23896.00    0.19980   0.21850   69.705
23897.00    0.20348   0.21874   68.857
23898.00    0.20889   0.21888   67.918
23899.00    0.21332   0.21921   67.017
23900.00    0.21271   0.21919   66.265
23901.00    0.20484   0.21941   65.863
23902.00    0.19872   0.21947   65.710
23903.00    0.19697   0.21940   66.011
23904.00    0.19826   0.21954   66.467
23905.00    0.19643   0.21931   66.872
23906.00    0.19354   0.21932   67.060
23907.00    0.19191   0.21919   67.092
23908.00    0.19243   0.21892   66.997
23909.00    0.19474   0.21890   67.044
23910.00    0.19749   0.21852   67.177
23911.00    0.20342   0.21838   67.672
23912.00    0.20880   0.21818   68.083
23913.00    0.21370   0.21783   68.453
23914.00    0.21072   0.21778   68.361
23915.00    0.19989   0.21742   67.213
23916.00    0.19019   0.21729   65.847
23917.00    0.18673   0.21717   63.469
23918.00    0.19113   0.21695   60.701
23919.00    0.19596   0.21704   58.093
23920.00    0.20020   0.21688   55.999
23921.00    0.20164   0.21698   54.845
23922.00    0.20555   0.21709   54.483
23923.00    0.21072   0.21715   55.416
23924.00    0.21476   0.21749   56.998
23925.00    0.21415   0.21762   59.259
23926.00    0.21285   0.21800   61.449
23927.00    0.21237   0.21834   63.470
23928.00    0.21037   0.21867   64.769
23929.00    0.20963   0.21918   65.380
23930.00    0.20925   0.21949   65.861
23931.00    0.21042   0.22000   65.751
23932.00    0.21398   0.22037   65.848
23933.00    0.21681   0.22073   65.959
23934.00    0.21467   0.22116   66.096
23935.00    0.20884   0.22138   66.106
23936.00    0.20605   0.22172   66.010
23937.00    0.21010   0.22189   65.405
23938.00    0.21450   0.22201   64.143
23939.00    0.21687   0.22217   62.468
23940.00    0.21468   0.22213   60.204
23941.00    0.20971   0.22215   57.872
23942.00    0.20730   0.22208   55.643
23943.00    0.20807   0.22195   54.307
23944.00    0.20994   0.22188   53.491
23945.00    0.20769   0.22171   53.955
23946.00    0.20805   0.22159   55.533
23947.00    0.20950   0.22148   57.440
23948.00    0.21143   0.22135   60.258
23949.00    0.20990   0.22132   62.609
23950.00    0.20794   0.22128   64.957
23951.00    0.20467   0.22130   66.375
23952.00    0.20260   0.22139   67.099
23953.00    0.20199   0.22148   67.619
23954.00    0.20632   0.22167   67.547
23955.00    0.21332   0.22187   67.422
23956.00    0.21734   0.22211   67.276
23957.00    0.21504   0.22240   67.221
23958.00    0.20936   0.22269   67.334
23959.00    0.20699   0.22299   67.617
23960.00    0.20726   0.22330   68.045
23961.00    0.20776   0.22360   68.494
23962.00    0.20844   0.22387   68.936
23963.00    0.20975   0.22414   69.248
23964.00    0.21127   0.22434   69.514
23965.00    0.20701   0.22455   69.620
23966.00    0.20180   0.22469   68.912
23967.00    0.19694   0.22482   68.110
23968.00    0.19776   0.22490   67.320
23969.00    0.20082   0.22492   68.026
23970.00    0.20379   0.22497   68.739
23971.00    0.20668   0.22492   69.271
23972.00    0.21061   0.22493   69.095
23973.00    0.21414   0.22488   68.914
23974.00    0.21603   0.22482   68.716
23975.00    0.21629   0.22482   68.498
23976.00    0.21531   0.22475   68.225
23977.00    0.21352   0.22480   67.990
23978.00    0.21193   0.22478   67.828
23979.00    0.21208   0.22484   67.808
23980.00    0.21195   0.22493   67.942
23981.00    0.21138   0.22499   68.117
23982.00    0.21231   0.22517   68.325
23983.00    0.21463   0.22527   68.533
23984.00    0.21703   0.22547   68.740
23985.00    0.21391   0.22565   68.913
23986.00    0.21051   0.22580   68.924
23987.00    0.20817   0.22601   68.920
23988.00    0.21050   0.22612   68.846
23989.00    0.21175   0.22629   68.777
23990.00    0.21125   0.22638   68.725
23991.00    0.20645   0.22642   68.722
23992.00    0.19982   0.22646   68.755
23993.00    0.19741   0.22639   68.752
23994.00    0.20128   0.22635   68.709
23995.00    0.20725   0.22621   68.661
23996.00    0.20971   0.22603   68.684
23997.00    0.21169   0.22584   68.731
23998.00    0.21438   0.22560   68.770
23999.00    0.21721   0.22535   68.671
24000.00    0.21698   0.22511   68.452
